sexo;tipo_de_emprendimiento;idea_negocio;barrio;estrato;comuna_ciudadano;fecha_de_beneficio;monto_del_credito;línea_credito
masculino;servicio;tienda;aranjuez;1;10.0;27/03/2017;6000000;agropecuaria
masculino;servicio;comidas rapidas;santo domingo savio;1;13.0;14/08/2018;4000000;agropecuaria
masculino;servicio;tienda;aranjuez;1;10.0;9/03/2018;6000000;agropecuaria
femenino;industria;publicidad y;el socorro;2;9.0;11/07/2016;7812000;agropecuaria
masculino;servicio;tienda;aranjuez;1;10.0;2/08/2018;6000000;agropecuaria
masculino;servicio;variedades;cabecera san cristobal;1;1.0;22/02/2018;5000000;agropecuaria
masculino;comercio;peluqueria;doce de octubre no.1;3;5.0;14/03/2017;6890000;agropecuaria
masculino;servicio;fabrica de;robledo;1;4.0;24/10/2017;7800000;agropecuaria
masculino;servicio;variedades;cabecera san cristobal;1;1.0;30/06/2017;5000000;agropecuaria
masculino;servicio;comidas rapidas;santa cruz;1;13.0;18/09/2017;4000000;agropecuaria
masculino;servicio;fabrica de;manrique central no. 1;1;4.0;29/08/2018;7800000;agropecuaria
femenino;agropecuaria;venta de pollos;rosales;2;70.0;2017/06/8;241315;microempresarial
masculino;servicio;fabrica de;robledo;1;4.0;26/10/2018;7800000;agropecuaria
femenino;comercio;barberia;20 de julio;3;3.0;11/02/2019;2000000;agropecuaria
masculino;servicio;fabrica de;manrique central no. 1;1;7.0;7/02/2018;7000000;agropecuaria
masculino;servicio;variedades;manrique central no. 2;1;13.0;3/05/2018;4000000;agropecuaria
masculino;servicio;comidas rapidas;cabecera san antonio;3;8.0;13/01/2017;3000000;agropecuaria
femenino;industria;fabrica de helados;lopez de mesa;2;9.0;22/05/2017;5500000;agropecuaria
masculino;servicio;fabrica de;robledo;1;4.0;25/04/2018;7800000;agropecuaria
masculino;servicio;variedades;cabecera san cristobal;1;1.0;27/07/2018;5000000;agropecuaria
masculino;servicio;tienda;buenos aires;1;7.0;3/07/2018;6000000;agropecuaria
masculino;servicio;fabrica de;robledo;1;4.0;3/10/2018;7800000;agropecuaria
masculino;servicio;fabrica de;robledo;1;4.0;26/10/2018;7800000;agropecuaria
femenino;industria;granero;san jose de la cima no.;2;80.0;29/01/2019;7200000;agropecuaria
masculino;servicio;tienda;aranjuez;1;10.0;28/02/2018;6000000;agropecuaria
masculino;servicio;fabrica de;manrique central no. 1;1;4.0;23/03/2018;7000000;agropecuaria
masculino;servicio;tienda;aranjuez;1;10.0;20/09/2018;6000000;agropecuaria
femenino;comercio;mantenimiento en;guayabal;3;2.0;9/08/2018;7377000;agropecuaria
masculino;servicio;tienda;aranjuez;1;10.0;8/05/2018;6000000;agropecuaria
femenino;industria;lavanderia;palermo;2;12.0;1/02/2016;4200000;agropecuaria
femenino;industria;legumbreria;villa del socorro;2;16.0;3/08/2016;2500000;agropecuaria
masculino;servicio;variedades;manrique central no. 2;1;13.0;13/10/2017;4000000;agropecuaria
femenino;comercio;distribuidora de;pedregal;3;3.0;23/08/2016;2000000;agropecuaria
femenino;industria;fabrica de alimentos;santander;3;6.0;4/01/2019;1000000;agropecuaria
masculino;comercio;peluqueria;moravia;3;2.0;11/07/2017;7300000;agropecuaria
masculino;comercio;almacen de ropa en;barrio caicedo;3;5.0;23/08/2018;6890000;agropecuaria
masculino;servicio;tienda;buenos aires;1;10.0;9/03/2017;6000000;agropecuaria
masculino;servicio;fabrica de;san javier no.1;1;7.0;26/07/2017;7000000;agropecuaria
masculino;servicio;tienda;belen;1;7.0;10/04/2018;7000000;agropecuaria
femenino;industria;ebanistaria;cristo rey;2;12.0;6/04/2016;782000;agropecuaria
masculino;servicio;tienda;belen;1;7.0;2/03/2018;7000000;agropecuaria
masculino;servicio;comidas rapidas;manrique central no. 2;1;13.0;25/04/2017;4000000;agropecuaria
masculino;servicio;fabrica de;robledo;1;4.0;14/09/2018;7800000;agropecuaria
femenino;comercio;distribuidora de;pedregal;3;3.0;7/12/2017;2000000;agropecuaria
femenino;industria;fabrica de calzado;florencia;3;6.0;14/09/2017;6800000;agropecuaria
masculino;servicio;comidas rapidas;cabecera san antonio;3;8.0;30/08/2017;3000000;agropecuaria
masculino;servicio;fabrica de;manrique central no. 1;1;4.0;22/06/2018;7800000;agropecuaria
femenino;comercio;barberia;20 de julio;3;3.0;18/03/2019;7370000;agropecuaria
femenino;comercio;barberia;villatina;3;3.0;4/08/2016;7370000;agropecuaria
femenino;industria;carpinteria;13 de noviembre;2;9.0;6/02/2019;8281000;agropecuaria
masculino;servicio;fabrica de;manrique central no. 1;1;4.0;27/06/2018;7800000;agropecuaria
masculino;servicio;comidas rapidas;santo domingo savio;1;13.0;5/04/2018;3000000;agropecuaria
masculino;comercio;peluqueria;doce de octubre no.1;3;5.0;18/11/2016;7300000;agropecuaria
masculino;servicio;variedades;castilla;1;1.0;17/07/2018;5000000;agropecuaria
masculino;servicio;tienda;belen;1;7.0;2/03/2018;7000000;agropecuaria
masculino;servicio;fabrica de;manrique central no. 1;1;4.0;4/05/2018;7000000;agropecuaria
femenino;comercio;barberia;la floresta;3;3.0;13/12/2018;2000000;agropecuaria
masculino;servicio;fabrica de;manrique central no. 1;1;4.0;7/12/2016;7800000;agropecuaria
femenino;industria;carniceria;los mangos;2;12.0;2018/10/25;4700000;agropecuaria
femenino;industria;productos de belleza;la francia;2;16.0;22/11/2017;1500000;agropecuaria
masculino;servicio;variedades;cabecera san cristobal;1;1.0;21/05/2018;5000000;agropecuaria
masculino;servicio;tienda;aranjuez;1;10.0;12/02/2018;6000000;agropecuaria
masculino;servicio;tienda;popular;1;10.0;13/07/2018;6000000;agropecuaria
masculino;servicio;tienda;popular;1;10.0;25/01/2018;6000000;agropecuaria
masculino;comercio;peluqueria;moravia;3;2.0;20/10/2017;7300000;agropecuaria
femenino;industria;publicidad y;blanquizal;2;9.0;19/04/2016;7812000;agropecuaria
femenino;industria;fabrica de alimentos;santander;3;6.0;4/01/2019;1000000;agropecuaria
femenino;industria;recreativo educativo;alfonso lopez;2;16.0;14/08/2017;4500000;agropecuaria
masculino;servicio;tienda;aranjuez;1;10.0;2/02/2018;6000000;agropecuaria
masculino;comercio;peluqueria;doce de octubre no.1;3;5.0;22/06/2017;6890000;agropecuaria
masculino;servicio;tienda;aranjuez;1;10.0;27/03/2017;6000000;agropecuaria
masculino;servicio;tienda;cabecera san cristobal;1;1.0;11/10/2016;5000000;agropecuaria
masculino;comercio;peluqueria;manrique oriental;3;5.0;1/08/2017;6890000;agropecuaria
masculino;servicio;tienda;aranjuez;1;10.0;20/03/2018;6000000;agropecuaria
femenino;industria;servicios;pedregal alto;2;15.0;2018/10/24;14754000;empresarial ed.
masculino;servicio;fabrica de;robledo;1;4.0;4/04/2018;7800000;agropecuaria
masculino;servicio;fabrica de;robledo;1;4.0;6/02/2018;7800000;agropecuaria
femenino;industria;fotografia;belalcazar;2;9.0;15/08/2018;1200000;agropecuaria
femenino;comercio;papeleria;aranjuezcito;3;3.0;5/10/2017;2000000;agropecuaria
femenino;comercio;papeleria;aranjuezcito;3;3.0;4/10/2016;2000000;agropecuaria
masculino;servicio;tienda;belen;1;7.0;22/03/2018;7000000;agropecuaria
femenino;comercio;mantenimiento en;andalucia;3;2.0;20/04/2017;7377000;agropecuaria
femenino;industria;carniceria;los mangos;2;12.0;12/10/2018;4700000;agropecuaria
femenino;industria;ferreteria;kennedy;2;60.0;1/12/2017;7500000;agropecuaria
masculino;comercio;almacen de ropa en;barrio caicedo;3;5.0;1/09/2017;6890000;agropecuaria
femenino;industria;criadero de animales;villa del socorro;2;60.0;16/08/2017;8000000;agropecuaria
masculino;servicio;fabrica de;robledo;1;4.0;3/10/2018;7800000;agropecuaria
femenino;industria;legumbreria;las palmas;2;16.0;10/08/2017;2500000;agropecuaria
masculino;servicio;variedades;cabecera san cristobal;1;1.0;22/02/2018;5000000;agropecuaria
femenino;industria;productos de belleza;san pablo;2;16.0;14/12/2018;1500000;agropecuaria
femenino;industria;cafeteria;juan xxiii la quiebra;2;16.0;27/01/2017;1500000;agropecuaria
masculino;servicio;comidas rapidas;cabecera san antonio;3;8.0;13/01/2017;3000000;agropecuaria
femenino;industria;taller de mecanica;olaya herrera;2;60.0;16/05/2019;6500000;agropecuaria
masculino;servicio;comidas rapidas;santa cruz;1;13.0;21/06/2017;4000000;agropecuaria
masculino;servicio;fabrica de;robledo;1;4.0;6/06/2017;7800000;agropecuaria
masculino;servicio;fabrica de;manrique central no. 1;1;7.0;1/02/2018;7000000;agropecuaria
femenino;industria;cerrajeria;la esperanza;2;80.0;5/02/2019;6900000;agropecuaria
masculino;servicio;fabrica de;robledo;1;4.0;25/05/2018;7800000;agropecuaria
masculino;comercio;almacen de ropa en;barrio caicedo;3;8.0;8/03/2017;6890000;agropecuaria
masculino;comercio;peluqueria;moravia;3;2.0;27/07/2016;7300000;agropecuaria
masculino;servicio;almacen de ropa en;campo valdes no. 1;3;8.0;4/09/2017;3000000;agropecuaria
masculino;comercio;almacen de ropa en;manrique oriental;3;5.0;16/05/2017;6890000;agropecuaria
femenino;comercio;mantenimiento en;guayabal;3;2.0;1/03/2017;7377000;agropecuaria
femenino;industria;productos de belleza;san pablo;2;16.0;5/04/2019;1500000;agropecuaria
femenino;comercio;papeleria;la floresta;3;3.0;8/04/2019;2000000;agropecuaria
femenino;industria;fabrica de arepas;la colina;2;12.0;14/04/2016;5800000;agropecuaria
masculino;comercio;almacen de ropa en;barrio caicedo;3;8.0;19/01/2017;6890000;agropecuaria
masculino;comercio;peluqueria;la milagrosa;3;5.0;17/04/2017;7300000;agropecuaria
masculino;servicio;variedades;enciso;1;1.0;15/11/2017;5000000;agropecuaria
masculino;servicio;fabrica de;manrique central no. 1;1;7.0;16/07/2018;7000000;agropecuaria
masculino;servicio;variedades;cabecera san cristobal;1;1.0;27/07/2018;5000000;agropecuaria
femenino;comercio;papeleria;la floresta;3;3.0;21/08/2018;2000000;agropecuaria
masculino;servicio;tienda;buenos aires;1;10.0;9/03/2017;6000000;agropecuaria
femenino;industria;charcuteria;francisco antonio zea;2;60.0;18/07/2016;8200000;agropecuaria
masculino;servicio;variedades;castilla;1;1.0;5/10/2016;5000000;agropecuaria
masculino;servicio;fabrica de;robledo;1;4.0;24/09/2018;7800000;agropecuaria
femenino;industria;fabrica de muebles;versalles no. 1;2;12.0;31/10/2016;7377170;agropecuaria
femenino;industria;lavanderia;palermo;2;12.0;29/11/2018;17000000;agropecuaria
masculino;comercio;peluqueria;manrique oriental;3;5.0;15/05/2018;6890000;agropecuaria
masculino;servicio;variedades;castilla;1;1.0;20/06/2018;5000000;agropecuaria
femenino;industria;productos de belleza;la francia;2;16.0;15/02/2016;1500000;agropecuaria
femenino;comercio;papeleria;la floresta;3;3.0;16/06/2017;2000000;agropecuaria
masculino;servicio;tienda;popular;1;10.0;3/02/2017;6000000;agropecuaria
femenino;industria;charcuteria;loreto;2;60.0;22/04/2016;8200000;agropecuaria
masculino;servicio;tienda;aranjuez;1;10.0;20/03/2018;6000000;agropecuaria
femenino;comercio;distribuidora de;pedregal;3;3.0;23/08/2016;2000000;agropecuaria
masculino;servicio;fabrica de;san javier no.1;1;7.0;29/05/2018;7000000;agropecuaria
masculino;servicio;fabrica de;robledo;1;4.0;24/10/2018;7800000;agropecuaria
femenino;comercio;barberia;villatina;3;3.0;12/10/2016;7370000;agropecuaria
femenino;industria;cafe e internet;centro admtivo;2;6.0;1/12/2016;3500000;agropecuaria
masculino;servicio;variedades;enciso;1;1.0;19/04/2017;5000000;agropecuaria
masculino;servicio;fabrica de;robledo;1;4.0;3/10/2018;7800000;agropecuaria
masculino;servicio;tienda;buenos aires;1;7.0;30/10/2018;6000000;agropecuaria
masculino;comercio;almacen de ropa en;barrio caicedo;3;5.0;26/11/2018;6890000;agropecuaria
masculino;servicio;comidas rapidas;manrique central no. 2;1;13.0;7/11/2018;4000000;agropecuaria
masculino;servicio;variedades;enciso;1;1.0;26/01/2018;5000000;agropecuaria
masculino;servicio;variedades;enciso;1;1.0;18/05/2018;5000000;agropecuaria
masculino;servicio;fabrica de;robledo;1;4.0;25/04/2018;7800000;agropecuaria
femenino;industria;ferreteria;la pradera;2;60.0;20/05/2019;7500000;agropecuaria
masculino;servicio;tienda;cabecera san cristobal;1;1.0;11/10/2016;5000000;agropecuaria
masculino;servicio;comidas rapidas;manrique central no. 2;1;13.0;25/04/2017;4000000;agropecuaria
femenino;comercio;restaurante;villa hermosa;3;2.0;7/09/2017;7300000;agropecuaria
masculino;servicio;variedades;enciso;1;13.0;6/10/2017;4000000;agropecuaria
femenino;comercio;mantenimiento en;guayabal;3;2.0;1/03/2017;7377000;agropecuaria
femenino;comercio;barberia;la floresta;3;3.0;13/12/2018;2000000;agropecuaria
masculino;servicio;variedades;enciso;1;13.0;9/11/2017;4000000;agropecuaria
masculino;servicio;variedades;castilla;1;1.0;12/06/2018;5000000;agropecuaria
masculino;servicio;comidas rapidas;cabecera san antonio;3;8.0;13/01/2017;3000000;agropecuaria
masculino;servicio;variedades;cabecera san cristobal;1;1.0;20/02/2018;5000000;agropecuaria
masculino;comercio;peluqueria;manrique oriental;3;5.0;12/05/2017;6890000;agropecuaria
femenino;comercio;distribuidora de;pedregal;3;3.0;8/06/2016;2000000;agropecuaria
masculino;servicio;comidas rapidas;campo valdes no. 1;3;8.0;14/02/2017;3000000;agropecuaria
masculino;comercio;almacen de ropa en;manrique oriental;3;5.0;21/02/2017;6890000;agropecuaria
femenino;industria;legumbreria;trinidad;2;16.0;31/03/2017;2500000;agropecuaria
femenino;comercio;distribuidora de;andalucia;3;3.0;26/05/2017;7377000;agropecuaria
masculino;comercio;peluqueria;doce de octubre no.1;3;5.0;21/04/2017;7300000;agropecuaria
masculino;servicio;fabrica de;robledo;1;4.0;14/03/2018;7800000;agropecuaria
masculino;servicio;variedades;enciso;1;13.0;9/11/2017;4000000;agropecuaria
masculino;servicio;variedades;manrique central no. 2;1;13.0;27/02/2018;4000000;agropecuaria
masculino;comercio;peluqueria;doce de octubre no.1;3;5.0;12/09/2017;7300000;agropecuaria
masculino;servicio;fabrica de;san javier no.1;1;7.0;9/04/2018;7000000;agropecuaria
masculino;servicio;fabrica de;robledo;1;4.0;7/11/2017;7800000;agropecuaria
masculino;servicio;comidas rapidas;cabecera san antonio;3;8.0;28/03/2017;3000000;agropecuaria
femenino;industria;productos de belleza;la francia;2;16.0;16/09/2016;1500000;agropecuaria
femenino;industria;granero;san jose de la cima no.;2;80.0;29/01/2019;7200000;agropecuaria
masculino;servicio;fabrica de;robledo;1;4.0;10/07/2018;7800000;agropecuaria
masculino;servicio;variedades;enciso;1;13.0;6/10/2017;4000000;agropecuaria
femenino;industria;cafe e internet;carpinelo;2;6.0;9/01/2019;3500000;agropecuaria
masculino;servicio;fabrica de;manrique central no. 1;1;4.0;15/02/2018;7000000;agropecuaria
masculino;servicio;tienda;popular;1;10.0;19/09/2017;5000000;agropecuaria
masculino;servicio;fabrica de;robledo;1;4.0;11/10/2018;7800000;agropecuaria
masculino;servicio;fabrica de;manrique central no. 1;1;4.0;9/07/2018;7000000;agropecuaria
femenino;industria;variedades de helados;pablo vi;2;60.0;11/08/2016;6500000;agropecuaria
masculino;servicio;variedades;enciso;1;1.0;24/04/2018;5000000;agropecuaria
masculino;comercio;almacen de ropa en;barrio caicedo;3;8.0;25/07/2017;6890000;agropecuaria
femenino;industria;drogueria;el pinal;2;12.0;26/06/2019;3750000;agropecuaria
masculino;comercio;peluqueria;doce de octubre no.1;3;5.0;13/09/2016;7300000;agropecuaria
masculino;comercio;peluqueria;moravia;3;2.0;29/05/2019;7300000;agropecuaria
femenino;comercio;papeleria;aranjuezcito;3;3.0;24/02/2016;2000000;agropecuaria
masculino;servicio;comidas rapidas;santa cruz;1;13.0;15/06/2018;4000000;agropecuaria
femenino;industria;fabrica de alimentos;picacho;3;6.0;15/02/2017;6800000;agropecuaria
masculino;servicio;tienda;belen;1;7.0;2/05/2018;7000000;agropecuaria
masculino;servicio;variedades;manrique central no. 2;1;13.0;17/08/2018;4000000;agropecuaria
masculino;servicio;fabrica de;san javier no.1;1;7.0;29/05/2018;7000000;agropecuaria
masculino;servicio;comidas rapidas;santa cruz;1;13.0;6/07/2017;4000000;agropecuaria
femenino;comercio;mantenimiento en;guayabal;3;2.0;17/05/2017;7377000;agropecuaria
masculino;servicio;tienda;buenos aires;1;7.0;16/05/2018;6000000;agropecuaria
femenino;comercio;restaurante;el salvador;3;2.0;21/09/2017;7377000;agropecuaria
masculino;servicio;tienda;buenos aires;1;10.0;9/03/2017;6000000;agropecuaria
femenino;agropecuaria;lavadero de;bosques de san pablo;2;15.0;2016/11/8;6894540;empresarial ed.
masculino;servicio;fabrica de;manrique central no. 1;1;4.0;27/06/2018;7000000;agropecuaria
masculino;servicio;comidas rapidas;manrique central no. 2;1;13.0;11/07/2018;4000000;agropecuaria
masculino;servicio;fabrica de;robledo;1;4.0;14/09/2018;7800000;agropecuaria
masculino;servicio;fabrica de;manrique central no. 1;1;4.0;15/02/2018;7000000;agropecuaria
masculino;servicio;tienda;cabecera san cristobal;1;10.0;31/05/2017;5000000;agropecuaria
femenino;industria;panaderia;santa elena central;3;6.0;26/07/2016;1000000;agropecuaria
femenino;comercio;fabrica de calzado;florencia;3;6.0;1/04/2019;6800000;agropecuaria
masculino;servicio;comidas rapidas;cabecera san antonio;3;8.0;7/03/2017;3000000;agropecuaria
femenino;industria;recreativo educativo;alfonso lopez;2;16.0;4/02/2019;4500000;agropecuaria
masculino;comercio;almacen de ropa en;barrio caicedo;3;8.0;16/02/2017;6890000;agropecuaria
masculino;servicio;fabrica de;san javier no.1;1;7.0;27/04/2018;7000000;agropecuaria
masculino;servicio;fabrica de;robledo;1;4.0;14/09/2018;7800000;agropecuaria
masculino;servicio;fabrica de;san javier no.1;1;7.0;12/04/2018;7000000;agropecuaria
femenino;industria;panaderia;santa elena central;3;6.0;30/11/2016;1000000;agropecuaria
masculino;servicio;fabrica de;manrique central no. 1;1;4.0;29/08/2018;7800000;agropecuaria
masculino;servicio;fabrica de;san javier no.1;1;7.0;9/04/2018;7000000;agropecuaria
masculino;comercio;almacen de ropa en;barrio caicedo;3;8.0;5/04/2017;6890000;agropecuaria
masculino;servicio;fabrica de;robledo;1;4.0;6/02/2018;7800000;agropecuaria
masculino;servicio;almacen de ropa en;campo valdes no. 1;3;8.0;4/09/2017;3000000;agropecuaria
masculino;servicio;variedades;manrique central no. 2;1;13.0;18/10/2017;4000000;agropecuaria
masculino;servicio;tienda;popular;1;10.0;13/07/2018;6000000;agropecuaria
masculino;servicio;tienda;buenos aires;1;7.0;30/10/2018;6000000;agropecuaria
masculino;servicio;tienda;popular;1;10.0;27/09/2017;5000000;agropecuaria
femenino;industria;cafeteria;alfonso lopez;2;16.0;20/01/2017;4500000;agropecuaria
masculino;servicio;tienda;buenos aires;1;10.0;26/10/2017;6000000;agropecuaria
masculino;servicio;variedades;enciso;1;13.0;28/11/2018;4000000;agropecuaria
masculino;servicio;tienda;buenos aires;1;10.0;28/05/2018;6000000;agropecuaria
femenino;industria;venta de calzado;tejelo;2;80.0;12/08/2016;800000;agropecuaria
femenino;comercio;miscelanea;playon de los;3;3.0;5/06/2019;7370000;agropecuaria
masculino;servicio;tienda;belen;1;7.0;10/04/2018;7000000;agropecuaria
masculino;servicio;fabrica de;manrique central no. 1;1;4.0;29/08/2018;7800000;agropecuaria
masculino;servicio;tienda;popular;1;10.0;11/10/2017;6000000;agropecuaria
femenino;industria;cafe e internet;centro admtivo;2;6.0;8/09/2016;3500000;agropecuaria
femenino;comercio;barberia;20 de julio;3;3.0;5/12/2018;2000000;agropecuaria
masculino;comercio;almacen de ropa en;barrio caicedo;3;8.0;9/11/2018;6890000;agropecuaria
masculino;servicio;almacen de ropa en;campo valdes no. 1;3;8.0;1/11/2018;3000000;agropecuaria
femenino;comercio;papeleria;aranjuezcito;3;3.0;24/02/2016;2000000;agropecuaria
masculino;servicio;tienda;aranjuez;1;10.0;8/05/2018;6000000;agropecuaria
femenino;industria;panaderia;boston;3;6.0;15/11/2016;3500000;agropecuaria
masculino;comercio;peluqueria;doce de octubre no.1;3;5.0;3/08/2018;7300000;agropecuaria
masculino;servicio;comidas rapidas;cabecera san antonio;3;8.0;28/03/2017;3000000;agropecuaria
masculino;servicio;fabrica de;san javier no.1;1;7.0;13/03/2018;7000000;agropecuaria
femenino;comercio;restaurante;villa hermosa;3;2.0;22/08/2018;7377000;agropecuaria
femenino;industria;charcuteria;santa lucia;2;60.0;22/04/2016;8200000;agropecuaria
femenino;comercio;barberia;20 de julio;3;3.0;8/09/2017;2000000;agropecuaria
masculino;servicio;comidas rapidas;manrique central no. 2;1;13.0;28/07/2017;4000000;agropecuaria
femenino;industria;fabrica de calzado;picacho;3;6.0;18/02/2019;6800000;agropecuaria
femenino;comercio;papeleria;pedregal;3;3.0;30/07/2018;2000000;agropecuaria
masculino;servicio;variedades;cabecera san cristobal;1;1.0;31/01/2018;5000000;agropecuaria
masculino;servicio;tienda;cabecera san cristobal;1;10.0;12/07/2017;5000000;agropecuaria
masculino;servicio;tienda;cabecera san cristobal;1;10.0;12/07/2017;5000000;agropecuaria
masculino;servicio;variedades;enciso;1;13.0;26/04/2017;4000000;agropecuaria
masculino;servicio;variedades;cabecera san cristobal;1;1.0;12/10/2017;5000000;agropecuaria
masculino;servicio;variedades;enciso;1;1.0;8/03/2018;4000000;agropecuaria
masculino;servicio;tienda;aranjuez;1;10.0;2/11/2017;6000000;agropecuaria
masculino;servicio;fabrica de;robledo;1;4.0;5/07/2018;7800000;agropecuaria
femenino;industria;carpinteria;toscana;2;9.0;15/04/2016;8281000;agropecuaria
masculino;servicio;tienda;popular;1;10.0;3/02/2017;6000000;agropecuaria
masculino;servicio;fabrica de;robledo;1;4.0;7/11/2017;7800000;agropecuaria
masculino;servicio;variedades;manrique central no. 2;1;13.0;27/02/2018;4000000;agropecuaria
masculino;comercio;almacen de ropa en;barrio caicedo;3;8.0;9/11/2018;6890000;agropecuaria
masculino;servicio;comidas rapidas;cabecera san antonio;3;8.0;30/08/2017;3000000;agropecuaria
femenino;industria;fabrica de alimentos;santander;3;6.0;27/04/2017;6800000;agropecuaria
femenino;industria;taller de mecanica;picachito;2;60.0;20/02/2016;6500000;agropecuaria
masculino;servicio;tienda;popular;1;10.0;3/02/2017;6000000;agropecuaria
masculino;servicio;tienda;aranjuez;1;10.0;2/02/2018;6000000;agropecuaria
femenino;industria;licorera;bel¿n;2;15.0;10/02/2016;4130000;agropecuaria
masculino;comercio;almacen de ropa en;manrique oriental;3;5.0;1/11/2016;6890000;agropecuaria
masculino;servicio;tienda;belen;1;7.0;9/05/2017;7000000;agropecuaria
masculino;servicio;tienda;belen;1;7.0;2/05/2018;7000000;agropecuaria
femenino;industria;venta de calzado;san jose de la cima no.;2;80.0;10/05/2019;7200000;agropecuaria
masculino;servicio;variedades;cabecera san cristobal;1;1.0;27/07/2018;5000000;agropecuaria
femenino;comercio;papeleria;aranjuezcito;3;3.0;27/10/2017;2000000;agropecuaria
femenino;industria;criadero de animales;villa del socorro;2;60.0;11/11/2016;8000000;agropecuaria
femenino;industria;bares;tricentenario;2;80.0;28/06/2019;30000000;agropecuaria
masculino;servicio;tienda;belen;1;7.0;26/04/2018;7000000;agropecuaria
masculino;comercio;peluqueria;manrique oriental;3;5.0;5/07/2017;6890000;agropecuaria
femenino;comercio;mantenimiento en;guayabal;3;2.0;1/02/2017;7377000;agropecuaria
masculino;servicio;fabrica de;robledo;1;4.0;4/04/2018;7800000;agropecuaria
femenino;comercio;mantenimiento en;andalucia;3;2.0;5/04/2016;7377000;agropecuaria
masculino;servicio;variedades;enciso;1;13.0;16/03/2018;4000000;agropecuaria
femenino;industria;taller de mecanica;picachito;2;60.0;12/05/2016;8000000;agropecuaria
masculino;servicio;tienda;buenos aires;1;10.0;12/07/2018;6000000;agropecuaria
masculino;servicio;almacen de ropa en;campo valdes no. 1;3;8.0;29/01/2018;3000000;agropecuaria
femenino;comercio;restaurante;villa hermosa;3;2.0;31/07/2018;7377000;agropecuaria
masculino;servicio;fabrica de;robledo;1;4.0;3/10/2018;7800000;agropecuaria
femenino;agropecuaria;venta de lacteos;vrda. san antonio;2;90.0;13/04/2016;5550000;empresarial ed.
femenino;comercio;miscelanea;playon de los;3;3.0;28/04/2017;7370000;agropecuaria
femenino;comercio;mantenimiento en;el salvador;3;2.0;16/03/2017;7377000;agropecuaria
masculino;servicio;fabrica de;robledo;1;4.0;26/10/2018;7800000;agropecuaria
femenino;comercio;mantenimiento en;andalucia;3;2.0;22/08/2016;7377000;agropecuaria
masculino;servicio;variedades;castilla;1;1.0;12/12/2017;5000000;agropecuaria
femenino;comercio;restaurante;villa hermosa;3;2.0;13/02/2017;7377000;agropecuaria
femenino;comercio;miscelanea;villatina;3;3.0;25/08/2017;7370000;agropecuaria
femenino;comercio;restaurante;villa hermosa;3;2.0;25/09/2017;7377000;agropecuaria
masculino;servicio;tienda;buenos aires;1;10.0;26/10/2017;6000000;agropecuaria
masculino;servicio;fabrica de;robledo;1;4.0;6/02/2018;7800000;agropecuaria
femenino;industria;sembrados;la pradera;2;9.0;13/05/2019;7500000;agropecuaria
masculino;servicio;variedades;manrique central no. 2;1;13.0;27/02/2018;4000000;agropecuaria
femenino;industria;charcuteria;francisco antonio zea;2;60.0;24/05/2019;8200000;agropecuaria
femenino;industria;cerrajeria;san javier no.2;2;80.0;17/06/2016;6900000;agropecuaria
masculino;servicio;fabrica de;san javier no.1;1;7.0;22/09/2017;7000000;agropecuaria
masculino;servicio;fabrica de;robledo;1;4.0;3/10/2018;7800000;agropecuaria
femenino;comercio;mantenimiento en;el salvador;3;2.0;19/12/2016;7377000;agropecuaria
femenino;industria;carpinteria;toscana;2;9.0;15/04/2016;8281000;agropecuaria
masculino;servicio;tienda;popular;1;10.0;12/03/2018;6000000;agropecuaria
masculino;servicio;tienda;buenos aires;1;10.0;9/02/2018;6000000;agropecuaria
masculino;servicio;fabrica de;manrique central no. 1;1;4.0;14/02/2018;7000000;agropecuaria
femenino;industria;fabrica de calzado;picacho;3;6.0;18/02/2019;6800000;agropecuaria
masculino;comercio;almacen de ropa en;barrio caicedo;3;8.0;19/01/2017;6890000;agropecuaria
masculino;servicio;variedades;castilla;1;1.0;30/04/2018;5000000;agropecuaria
masculino;servicio;fabrica de;san javier no.1;1;7.0;29/05/2018;7000000;agropecuaria
masculino;servicio;comidas rapidas;cabecera san antonio;3;8.0;7/03/2017;3000000;agropecuaria
femenino;industria;fabrica de alimentos;santander;3;6.0;4/01/2019;1000000;agropecuaria
masculino;comercio;almacen de ropa en;barrio caicedo;3;8.0;23/03/2017;6890000;agropecuaria
femenino;industria;fabrica de repuestos;el vergel;2;15.0;26/02/2016;13000000;agropecuaria
masculino;servicio;fabrica de;manrique central no. 1;1;4.0;9/07/2018;7000000;agropecuaria
masculino;servicio;tienda;belen;1;7.0;7/06/2018;7000000;agropecuaria
masculino;servicio;comidas rapidas;cabecera san antonio;3;8.0;30/03/2017;3000000;agropecuaria
masculino;servicio;comidas rapidas;santa cruz;1;13.0;6/04/2018;4000000;agropecuaria
masculino;comercio;almacen de ropa en;barrio caicedo;3;5.0;26/11/2018;6890000;agropecuaria
femenino;industria;ferreteria;kennedy;2;60.0;1/09/2016;7500000;agropecuaria
masculino;servicio;tienda;cabecera san cristobal;1;1.0;17/04/2018;5000000;agropecuaria
femenino;industria;charcuteria;francisco antonio zea;2;60.0;18/07/2016;8200000;agropecuaria
masculino;comercio;peluqueria;doce de octubre no.1;3;5.0;31/07/2017;6890000;agropecuaria
femenino;comercio;distribuidora de;pedregal;3;3.0;11/05/2017;2000000;agropecuaria
femenino;industria;bares;tricentenario;2;80.0;28/06/2019;6894000;agropecuaria
masculino;servicio;comidas rapidas;cabecera san antonio;3;8.0;27/06/2017;3000000;agropecuaria
femenino;comercio;barberia;20 de julio;3;3.0;4/04/2017;2000000;agropecuaria
masculino;servicio;fabrica de;manrique central no. 1;1;7.0;5/02/2018;7000000;agropecuaria
masculino;servicio;fabrica de;manrique central no. 1;1;4.0;14/02/2018;7000000;agropecuaria
femenino;industria;montallantas;santa ines;2;15.0;4/05/2016;1600000;agropecuaria
femenino;industria;panaderia;calasanz;3;6.0;8/08/2018;1000000;agropecuaria
femenino;industria;cafe e internet;carpinelo;2;6.0;2/11/2018;3500000;agropecuaria
femenino;comercio;distribuidora de;andalucia;3;3.0;29/03/2016;2000000;agropecuaria
femenino;industria;cerrajeria;san javier no.2;2;80.0;3/12/2018;6900000;agropecuaria
femenino;industria;charcuteria;loreto;2;60.0;18/10/2016;8200000;agropecuaria
masculino;servicio;fabrica de;robledo;1;4.0;14/09/2018;7800000;agropecuaria
masculino;servicio;tienda;buenos aires;1;10.0;28/05/2018;6000000;agropecuaria
femenino;industria;legumbreria;trinidad;2;16.0;18/06/2019;2500000;agropecuaria
masculino;servicio;fabrica de;san javier no.1;1;7.0;26/07/2017;7000000;agropecuaria
femenino;industria;granero;palmitas;2;80.0;29/01/2019;7200000;agropecuaria
masculino;servicio;almacen de ropa en;barrio caicedo;3;8.0;25/07/2017;6890000;agropecuaria
femenino;comercio;mantenimiento en;el salvador;3;2.0;19/12/2016;7377000;agropecuaria
masculino;servicio;comidas rapidas;santo domingo savio;3;8.0;21/03/2018;3000000;agropecuaria
masculino;servicio;tienda;cabecera san cristobal;1;1.0;31/05/2017;5000000;agropecuaria
femenino;industria;servicios;el rodeo;2;15.0;2016/04/25;1850000;empresarial ed.
masculino;servicio;fabrica de;robledo;1;4.0;21/02/2018;7800000;agropecuaria
masculino;servicio;variedades;castilla;1;1.0;17/07/2018;5000000;agropecuaria
femenino;industria;recreativo educativo;alfonso lopez;2;16.0;17/03/2016;4500000;agropecuaria
masculino;servicio;comidas rapidas;santo domingo savio;3;13.0;27/07/2017;3000000;agropecuaria
femenino;comercio;restaurante;villa hermosa;3;2.0;4/03/2016;7377000;agropecuaria
masculino;servicio;fabrica de;robledo;1;4.0;18/10/2018;7800000;agropecuaria
masculino;servicio;fabrica de;robledo;1;4.0;7/11/2017;7800000;agropecuaria
femenino;industria;charcuteria;francisco antonio zea;2;60.0;31/05/2019;8200000;agropecuaria
masculino;comercio;peluqueria;la milagrosa;3;5.0;10/05/2017;7300000;agropecuaria
femenino;comercio;restaurante;el salvador;3;2.0;9/11/2016;7377000;agropecuaria
masculino;comercio;peluqueria;manrique oriental;3;5.0;17/02/2017;6890000;agropecuaria
femenino;comercio;restaurante;villa hermosa;3;2.0;4/10/2017;7377000;agropecuaria
masculino;servicio;comidas rapidas;manrique central no. 2;1;13.0;11/07/2018;4000000;agropecuaria
masculino;servicio;tienda;buenos aires;1;7.0;12/06/2017;6000000;agropecuaria
masculino;servicio;fabrica de;robledo;1;4.0;21/02/2018;7800000;agropecuaria
masculino;servicio;comidas rapidas;santa cruz;1;13.0;19/01/2018;4000000;agropecuaria
masculino;servicio;tienda;aranjuez;1;10.0;2/02/2018;6000000;agropecuaria
masculino;servicio;tienda;aranjuez;1;10.0;17/07/2017;6000000;agropecuaria
masculino;servicio;fabrica de;manrique central no. 1;1;7.0;5/02/2018;7000000;agropecuaria
femenino;industria;drogueria;antonio nariño;2;12.0;13/06/2016;6300000;agropecuaria
masculino;servicio;fabrica de;robledo;1;4.0;25/10/2018;7800000;agropecuaria
masculino;servicio;fabrica de;manrique central no. 1;1;4.0;16/04/2018;7800000;agropecuaria
masculino;servicio;fabrica de;manrique central no. 1;1;4.0;23/03/2018;7000000;agropecuaria
masculino;servicio;tienda;belen;1;7.0;31/05/2018;7000000;agropecuaria
masculino;comercio;almacen de ropa en;barrio caicedo;3;5.0;26/11/2018;6890000;agropecuaria
masculino;servicio;comidas rapidas;cabecera san antonio;3;8.0;16/11/2016;3000000;agropecuaria
femenino;comercio;restaurante;el salvador;3;2.0;9/11/2016;7377000;agropecuaria
masculino;servicio;tienda;buenos aires;1;7.0;30/10/2018;6000000;agropecuaria
masculino;servicio;fabrica de;robledo;1;4.0;3/10/2018;7800000;agropecuaria
masculino;servicio;tienda;aranjuez;1;10.0;3/05/2017;6000000;agropecuaria
masculino;comercio;peluqueria;doce de octubre no.1;3;5.0;31/07/2017;6890000;agropecuaria
masculino;comercio;almacen de ropa en;manrique oriental;3;5.0;16/05/2017;6890000;agropecuaria
masculino;servicio;tienda;popular;1;10.0;13/07/2018;6000000;agropecuaria
femenino;industria;variedades de helados;olaya herrera;2;60.0;12/06/2019;6500000;agropecuaria
masculino;servicio;fabrica de;san javier no.1;1;7.0;27/04/2018;7000000;agropecuaria
femenino;industria;productos de belleza;san pablo;2;16.0;8/05/2019;1500000;agropecuaria
femenino;agropecuaria;floristeria;el progreso no.2;2;90.0;2018/07/12;4890000;microempresarial
masculino;comercio;peluqueria;la milagrosa;3;5.0;4/05/2017;7300000;agropecuaria
masculino;servicio;variedades;enciso;1;13.0;26/04/2017;4000000;agropecuaria
masculino;comercio;peluqueria;la milagrosa;3;5.0;4/05/2017;7300000;agropecuaria
masculino;comercio;peluqueria;la milagrosa;3;5.0;15/08/2017;7300000;agropecuaria
masculino;comercio;almacen de ropa en;manrique oriental;3;5.0;19/11/2016;6890000;agropecuaria
masculino;servicio;fabrica de;robledo;1;4.0;25/04/2018;7800000;agropecuaria
masculino;servicio;fabrica de;robledo;1;4.0;14/03/2018;7800000;agropecuaria
femenino;industria;fotografia;la america;2;9.0;20/12/2016;4400000;agropecuaria
masculino;servicio;comidas rapidas;santa cruz;1;13.0;21/11/2017;4000000;agropecuaria
masculino;comercio;peluqueria;la milagrosa;3;5.0;5/12/2017;7300000;agropecuaria
masculino;servicio;tienda;belen;1;7.0;26/04/2018;7000000;agropecuaria
masculino;servicio;tienda;belen;1;7.0;19/04/2018;7000000;agropecuaria
femenino;comercio;restaurante;villa hermosa;3;2.0;15/09/2017;7300000;agropecuaria
femenino;comercio;barberia;20 de julio;3;3.0;11/02/2019;2000000;agropecuaria
masculino;comercio;peluqueria;la milagrosa;3;5.0;1/11/2017;7300000;agropecuaria
femenino;industria;panaderia;santa elena central;3;6.0;5/05/2016;1000000;agropecuaria
masculino;comercio;peluqueria;doce de octubre no.1;3;5.0;29/08/2017;7300000;agropecuaria
masculino;servicio;tienda;buenos aires;1;10.0;13/06/2017;6000000;agropecuaria
femenino;industria;fabrica de helados;blanquizal;2;9.0;18/03/2016;7812000;agropecuaria
masculino;servicio;tienda;aranjuez;1;10.0;9/03/2018;6000000;agropecuaria
femenino;industria;panaderia;calasanz;3;6.0;9/08/2016;1000000;agropecuaria
masculino;servicio;tienda;cabecera san cristobal;1;1.0;31/05/2017;5000000;agropecuaria
masculino;servicio;tienda;buenos aires;1;10.0;10/05/2018;6000000;agropecuaria
masculino;servicio;variedades;castilla;1;1.0;17/07/2018;5000000;agropecuaria
masculino;servicio;fabrica de;robledo;1;4.0;4/04/2018;7800000;agropecuaria
femenino;industria;legumbreria;trinidad;2;16.0;16/08/2018;2500000;agropecuaria
femenino;industria;taller de electronica;la loma;2;80.0;28/06/2016;6400000;agropecuaria
femenino;comercio;mantenimiento en;guayabal;3;2.0;5/04/2016;7377000;agropecuaria
masculino;servicio;tienda;popular;1;10.0;23/04/2018;6000000;agropecuaria
femenino;industria;recreativo educativo;alfonso lopez;2;16.0;17/03/2016;4500000;agropecuaria
masculino;servicio;tienda;aranjuez;1;10.0;19/05/2017;6000000;agropecuaria
masculino;servicio;fabrica de;robledo;1;4.0;11/10/2018;7800000;agropecuaria
masculino;servicio;variedades;manrique central no. 2;1;13.0;3/05/2018;4000000;agropecuaria
masculino;servicio;comidas rapidas;santa cruz;1;13.0;23/07/2018;4000000;agropecuaria
masculino;comercio;almacen de ropa en;barrio caicedo;3;5.0;23/08/2018;6890000;agropecuaria
femenino;comercio;restaurante;villa hermosa;3;2.0;14/11/2017;7377000;agropecuaria
masculino;servicio;variedades;castilla;1;1.0;11/04/2018;5000000;agropecuaria
femenino;comercio;papeleria;la floresta;3;3.0;16/06/2017;2000000;agropecuaria
femenino;comercio;miscelanea;playon de los;3;3.0;2/12/2016;7370000;agropecuaria
femenino;agropecuaria;fabrica de ceramica;laureles;2;90.0;14/03/2016;251102;microempresarial
femenino;industria;granero;palmitas;2;9.0;19/03/2019;1200000;agropecuaria
femenino;comercio;miscelanea;villatina;3;3.0;25/08/2017;7370000;agropecuaria
masculino;servicio;fabrica de;manrique central no. 1;1;4.0;27/06/2018;7000000;agropecuaria
masculino;servicio;tienda;popular;1;10.0;30/05/2018;6000000;agropecuaria
femenino;comercio;papeleria;la floresta;3;3.0;16/06/2017;2000000;agropecuaria
masculino;servicio;tienda;cabecera san cristobal;1;1.0;17/04/2018;5000000;agropecuaria
masculino;servicio;tienda;aranjuez;1;10.0;21/06/2018;6000000;agropecuaria
femenino;comercio;distribuidora de;andalucia;3;2.0;2/03/2017;7377000;agropecuaria
femenino;industria;legumbreria;villa del socorro;2;16.0;3/08/2016;2500000;agropecuaria
femenino;industria;fabrica de alimentos;santander;3;6.0;27/04/2017;6800000;agropecuaria
masculino;servicio;comidas rapidas;manrique central no. 2;1;13.0;11/07/2018;4000000;agropecuaria
masculino;servicio;comidas rapidas;santa cruz;1;13.0;23/07/2018;4000000;agropecuaria
masculino;servicio;variedades;cabecera san cristobal;1;1.0;18/07/2017;5000000;agropecuaria
masculino;servicio;fabrica de;robledo;1;4.0;24/09/2018;7800000;agropecuaria
femenino;industria;variedades de helados;girardot;2;60.0;24/02/2017;8200000;agropecuaria
femenino;comercio;restaurante;villa hermosa;3;2.0;4/03/2016;7377000;agropecuaria
masculino;comercio;peluqueria;doce de octubre no.1;3;5.0;23/01/2017;6890000;agropecuaria
masculino;servicio;fabrica de;robledo;1;4.0;11/10/2018;7800000;agropecuaria
femenino;industria;fabrica de helados;blanquizal;2;9.0;23/11/2018;7812000;agropecuaria
masculino;comercio;peluqueria;manrique oriental;3;5.0;1/08/2017;6890000;agropecuaria
masculino;servicio;tienda;cabecera san cristobal;1;1.0;22/02/2017;5000000;agropecuaria
masculino;servicio;fabrica de;robledo;1;4.0;6/03/2018;7800000;agropecuaria
masculino;servicio;comidas rapidas;santa cruz;1;13.0;13/02/2019;4000000;agropecuaria
masculino;servicio;almacen de ropa en;campo valdes no. 1;3;8.0;6/02/2017;3000000;agropecuaria
masculino;servicio;tienda;cabecera san cristobal;1;1.0;4/07/2018;5000000;agropecuaria
masculino;servicio;variedades;castilla;1;1.0;20/06/2018;5000000;agropecuaria
femenino;industria;taller de mecanica;picachito;2;60.0;12/05/2016;8000000;agropecuaria
masculino;servicio;fabrica de;robledo;1;4.0;18/10/2018;7800000;agropecuaria
masculino;servicio;comidas rapidas;santa cruz;1;13.0;21/11/2017;4000000;agropecuaria
femenino;comercio;barberia;20 de julio;3;3.0;22/02/2019;7370000;agropecuaria
femenino;comercio;mantenimiento en;el salvador;3;2.0;26/04/2016;7377000;agropecuaria
masculino;servicio;fabrica de;robledo;1;4.0;13/02/2018;7800000;agropecuaria
masculino;servicio;tienda;buenos aires;1;7.0;12/06/2017;6000000;agropecuaria
masculino;servicio;variedades;cabecera san cristobal;1;1.0;10/08/2018;5000000;agropecuaria
masculino;servicio;comidas rapidas;santa cruz;1;13.0;6/07/2017;4000000;agropecuaria
masculino;servicio;comidas rapidas;manrique central no. 2;1;13.0;13/10/2017;4000000;agropecuaria
femenino;industria;legumbreria;las palmas;2;16.0;10/08/2017;2500000;agropecuaria
femenino;industria;organización y;campo valdes no. 2;2;80.0;3/04/2019;14000000;agropecuaria
masculino;servicio;tienda;aranjuez;1;10.0;28/02/2018;6000000;agropecuaria
femenino;industria;taller de mecanica;picachito;2;60.0;20/02/2016;6500000;agropecuaria
masculino;servicio;comidas rapidas;santo domingo savio;1;13.0;26/10/2016;4000000;agropecuaria
femenino;industria;criadero de animales;villa niza;2;60.0;19/09/2016;8000000;agropecuaria
femenino;industria;productos de belleza;la francia;2;16.0;25/07/2016;1500000;agropecuaria
masculino;servicio;tienda;buenos aires;1;10.0;26/10/2017;6000000;agropecuaria
femenino;comercio;restaurante;moravia;3;2.0;24/05/2017;7300000;agropecuaria
femenino;industria;fabrica de alimentos;santander;3;6.0;4/01/2019;1000000;agropecuaria
masculino;servicio;variedades;cabecera san cristobal;1;1.0;30/06/2017;5000000;agropecuaria
masculino;servicio;tienda;popular;1;10.0;8/05/2017;6000000;agropecuaria
masculino;servicio;comidas rapidas;santo domingo savio;1;13.0;19/08/2016;4000000;agropecuaria
femenino;comercio;distribuidora de;pedregal;3;3.0;25/01/2017;2000000;agropecuaria
masculino;servicio;tienda;cabecera san cristobal;1;1.0;4/07/2018;5000000;agropecuaria
masculino;servicio;tienda;aranjuez;1;10.0;2/02/2018;6000000;agropecuaria
femenino;industria;ebanistaria;nuevos conquistadores;2;12.0;10/12/2018;3300000;agropecuaria
femenino;industria;fabrica de muebles;bombona no. 1;2;12.0;29/03/2019;3300000;agropecuaria
femenino;industria;fabrica de alimentos;picacho;3;6.0;6/09/2016;6800000;agropecuaria
masculino;servicio;variedades;enciso;1;13.0;16/03/2018;4000000;agropecuaria
masculino;servicio;fabrica de;robledo;1;4.0;25/10/2018;7800000;agropecuaria
masculino;servicio;tienda;belen;1;7.0;22/03/2018;7000000;agropecuaria
masculino;servicio;fabrica de;robledo;1;4.0;7/11/2017;7800000;agropecuaria
femenino;industria;variedades naturista;sucre;2;80.0;2/06/2016;19000000;agropecuaria
femenino;comercio;papeleria;la floresta;3;3.0;21/08/2018;2000000;agropecuaria
femenino;agropecuaria;fabrica de ceramica;laureles;2;90.0;14/03/2016;2350000;microempresarial
masculino;servicio;tienda;popular;1;10.0;30/05/2018;6000000;agropecuaria
femenino;comercio;miscelanea;villatina;3;3.0;25/08/2017;7370000;agropecuaria
masculino;servicio;tienda;buenos aires;1;7.0;18/04/2017;6000000;agropecuaria
masculino;servicio;tienda;popular;1;10.0;23/04/2018;6000000;agropecuaria
femenino;comercio;miscelanea;playon de los;3;6.0;31/05/2016;7370000;agropecuaria
masculino;servicio;fabrica de;robledo;1;4.0;3/10/2018;7800000;agropecuaria
femenino;industria;cafeteria;llanaditas;2;16.0;15/07/2016;4500000;agropecuaria
femenino;comercio;distribuidora de;pedregal;3;3.0;25/01/2017;2000000;agropecuaria
masculino;servicio;variedades;cabecera san cristobal;1;1.0;20/02/2018;5000000;agropecuaria
masculino;comercio;almacen de ropa en;barrio caicedo;3;8.0;16/02/2017;6890000;agropecuaria
masculino;servicio;variedades;manrique central no. 2;1;13.0;18/10/2017;4000000;agropecuaria
femenino;comercio;miscelanea;playon de los;3;3.0;19/11/2018;7370000;agropecuaria
femenino;industria;recreativo educativo;altavista;2;16.0;10/10/2016;4500000;agropecuaria
femenino;industria;panaderia;santa elena central;3;6.0;3/11/2017;1000000;agropecuaria
masculino;servicio;fabrica de;robledo;1;4.0;1/08/2018;7800000;agropecuaria
femenino;industria;fotografia;la america;2;9.0;20/12/2016;4400000;agropecuaria
femenino;industria;licorera;vrda. san cristobal;2;15.0;14/03/2019;300000;agropecuaria
masculino;servicio;fabrica de;san javier no.1;1;7.0;7/02/2018;7000000;agropecuaria
femenino;comercio;distribuidora de;andalucia;3;3.0;26/05/2017;7377000;agropecuaria
femenino;industria;publicidad y;blanquizal;2;9.0;28/05/2019;7812000;agropecuaria
masculino;servicio;tienda;buenos aires;1;7.0;1/03/2018;6000000;agropecuaria
femenino;comercio;papeleria;la floresta;3;3.0;17/11/2016;2000000;agropecuaria
femenino;industria;licorera;calasanz parte alta;2;15.0;26/03/2019;22000000;agropecuaria
masculino;servicio;variedades;castilla;1;1.0;8/11/2017;5000000;agropecuaria
masculino;comercio;peluqueria;la milagrosa;3;5.0;3/05/2019;7300000;agropecuaria
masculino;servicio;comidas rapidas;santa cruz;1;13.0;23/11/2016;4000000;agropecuaria
masculino;servicio;fabrica de;robledo;1;4.0;24/01/2018;7800000;agropecuaria
femenino;industria;charcuteria;loreto;2;60.0;20/02/2019;8200000;agropecuaria
femenino;comercio;papeleria;pedregal;3;3.0;30/07/2018;2000000;agropecuaria
masculino;servicio;tienda;cabecera san cristobal;1;1.0;4/07/2018;5000000;agropecuaria
femenino;industria;recreativo educativo;alfonso lopez;2;16.0;19/02/2018;4500000;agropecuaria
femenino;industria;productos de belleza;la francia;2;16.0;24/01/2017;1500000;agropecuaria
femenino;industria;ferreteria;kennedy;2;60.0;1/12/2017;7500000;agropecuaria
masculino;comercio;peluqueria;la milagrosa;3;5.0;29/04/2019;7300000;agropecuaria
masculino;servicio;fabrica de;san javier no.1;1;7.0;29/10/2018;7000000;agropecuaria
femenino;industria;sembrados;prado;2;9.0;8/04/2016;8281000;agropecuaria
masculino;servicio;fabrica de;manrique central no. 1;1;4.0;23/03/2018;7000000;agropecuaria
femenino;industria;publicidad y;el socorro;2;9.0;27/11/2018;7812000;agropecuaria
masculino;servicio;fabrica de;robledo;1;4.0;25/10/2018;7800000;agropecuaria
femenino;industria;ferreteria;santa lucia;2;60.0;1/09/2016;7500000;agropecuaria
femenino;comercio;miscelanea;playon de los;3;3.0;10/04/2019;7370000;agropecuaria
masculino;servicio;comidas rapidas;santo domingo savio;1;13.0;25/10/2017;4000000;agropecuaria
masculino;servicio;fabrica de;manrique central no. 1;1;4.0;4/05/2018;7000000;agropecuaria
masculino;servicio;variedades;castilla;1;1.0;11/04/2018;5000000;agropecuaria
masculino;servicio;tienda;buenos aires;1;7.0;16/05/2018;6000000;agropecuaria
masculino;servicio;tienda;san javier no.1;1;7.0;20/06/2017;7000000;agropecuaria
masculino;servicio;fabrica de;san javier no.1;1;7.0;26/07/2017;7000000;agropecuaria
masculino;comercio;peluqueria;doce de octubre no.1;3;5.0;5/08/2016;6890000;agropecuaria
femenino;industria;criadero de animales;villa niza;2;60.0;28/09/2016;8000000;agropecuaria
femenino;agropecuaria;venta de;vrda. palmitas;2;11.0;2017/11/23;750000;credioportuno
femenino;industria;variedades naturista;la avanzada;2;80.0;2/08/2016;1300000;agropecuaria
masculino;servicio;comidas rapidas;santa cruz;1;13.0;6/04/2018;4000000;agropecuaria
masculino;comercio;peluqueria;doce de octubre no.1;3;5.0;31/07/2017;6890000;agropecuaria
masculino;servicio;almacen de ropa en;campo valdes no. 1;3;8.0;6/02/2017;3000000;agropecuaria
masculino;servicio;fabrica de;manrique central no. 1;1;4.0;9/07/2018;7000000;agropecuaria
masculino;servicio;variedades;castilla;1;1.0;2/10/2017;5000000;agropecuaria
femenino;industria;variedades de helados;girardot;2;60.0;17/05/2016;6500000;agropecuaria
masculino;servicio;fabrica de;robledo;1;4.0;24/10/2018;7800000;agropecuaria
masculino;comercio;almacen de ropa en;manrique oriental;3;5.0;1/11/2016;6890000;agropecuaria
femenino;comercio;miscelanea;playon de los;3;3.0;5/06/2019;7370000;agropecuaria
masculino;servicio;fabrica de;manrique central no. 1;1;7.0;1/02/2018;7000000;agropecuaria
masculino;servicio;comidas rapidas;cabecera san antonio;3;8.0;13/01/2017;3000000;agropecuaria
masculino;servicio;fabrica de;robledo;1;4.0;25/10/2018;7800000;agropecuaria
masculino;servicio;fabrica de;robledo;1;4.0;24/10/2017;7800000;agropecuaria
femenino;agropecuaria;fabrica de traperos;el llano;0;11.0;2017/11/8;4850000;soli diaria
masculino;servicio;fabrica de;manrique central no. 1;1;4.0;9/07/2018;7000000;agropecuaria
masculino;servicio;fabrica de;robledo;1;4.0;6/02/2018;7800000;agropecuaria
masculino;servicio;tienda;popular;1;10.0;29/03/2017;5000000;agropecuaria
femenino;industria;fabrica de calzado;picacho;3;6.0;18/02/2019;6800000;agropecuaria
masculino;servicio;fabrica de;manrique central no. 1;1;4.0;25/07/2018;7800000;agropecuaria
masculino;servicio;fabrica de;robledo;1;4.0;25/10/2018;7800000;agropecuaria
femenino;industria;productos de belleza;san pablo;2;16.0;5/04/2019;1500000;agropecuaria
masculino;comercio;peluqueria;la milagrosa;3;5.0;12/04/2016;7300000;agropecuaria
masculino;servicio;comidas rapidas;santa cruz;1;13.0;8/11/2016;4000000;agropecuaria
masculino;comercio;peluqueria;la milagrosa;3;5.0;25/08/2016;7300000;agropecuaria
femenino;comercio;distribuidora de;andalucia;3;3.0;29/03/2016;2000000;agropecuaria
masculino;servicio;comidas rapidas;santo domingo savio;3;13.0;13/03/2019;3000000;agropecuaria
femenino;comercio;fabrica de calzado;florencia;3;6.0;2/11/2016;6800000;agropecuaria
masculino;servicio;comidas rapidas;cabecera san antonio;3;8.0;16/11/2016;3000000;agropecuaria
masculino;servicio;tienda;buenos aires;1;7.0;8/02/2018;6000000;agropecuaria
femenino;industria;variedades de helados;girardot;2;60.0;17/05/2016;6500000;agropecuaria
masculino;servicio;tienda;popular;1;10.0;12/03/2018;6000000;agropecuaria
masculino;servicio;tienda;buenos aires;1;10.0;1/06/2018;6000000;agropecuaria
masculino;servicio;variedades;castilla;1;1.0;12/12/2017;5000000;agropecuaria
femenino;industria;lavanderia;palermo;2;12.0;1/02/2016;4200000;agropecuaria
masculino;servicio;tienda;aranjuez;1;10.0;2/08/2018;6000000;agropecuaria
femenino;industria;taller de mecanica;olaya herrera;2;60.0;16/05/2016;6500000;agropecuaria
masculino;comercio;peluqueria;la milagrosa;3;5.0;4/05/2017;7300000;agropecuaria
masculino;servicio;fabrica de;robledo;1;4.0;3/10/2018;7800000;agropecuaria
femenino;industria;carpinteria;13 de noviembre;2;9.0;16/08/2016;8281000;agropecuaria
masculino;servicio;comidas rapidas;santa cruz;1;13.0;15/06/2018;4000000;agropecuaria
femenino;agropecuaria;jardineria;la oculta;2;70.0;18/05/2016;6280000;juridica y cap.semilla
masculino;comercio;peluqueria;manrique oriental;3;5.0;12/05/2017;6890000;agropecuaria
masculino;servicio;fabrica de;robledo;1;4.0;25/05/2018;7800000;agropecuaria
masculino;servicio;comidas rapidas;manrique central no. 2;1;13.0;6/11/2018;4000000;agropecuaria
masculino;servicio;tienda;aranjuez;1;10.0;2/08/2018;6000000;agropecuaria
masculino;comercio;peluqueria;moravia;3;2.0;13/08/2018;7300000;agropecuaria
masculino;servicio;fabrica de;robledo;1;4.0;21/02/2018;7800000;agropecuaria
masculino;servicio;fabrica de;robledo;1;4.0;24/09/2018;7800000;agropecuaria
masculino;comercio;peluqueria;la milagrosa;3;5.0;10/05/2017;7300000;agropecuaria
masculino;servicio;fabrica de;robledo;1;4.0;24/01/2018;7800000;agropecuaria
masculino;servicio;fabrica de;san javier no.1;1;7.0;26/07/2017;7000000;agropecuaria
masculino;servicio;comidas rapidas;manrique central no. 2;1;13.0;25/04/2017;4000000;agropecuaria
masculino;servicio;comidas rapidas;cabecera san antonio;3;8.0;7/03/2017;3000000;agropecuaria
femenino;agropecuaria;servicios;la salle;2;15.0;27/12/2016;4136724;empresarial ed.
femenino;industria;taller de mecanica;picachito;2;60.0;23/12/2016;6500000;agropecuaria
femenino;industria;taller de mecanica;olaya herrera;2;60.0;11/12/2018;6500000;agropecuaria
masculino;servicio;fabrica de;manrique central no. 1;1;4.0;22/06/2018;7800000;agropecuaria
masculino;servicio;fabrica de;manrique central no. 1;1;7.0;16/07/2018;7000000;agropecuaria
masculino;servicio;fabrica de;manrique central no. 1;1;4.0;25/07/2018;7800000;agropecuaria
masculino;servicio;tienda;buenos aires;1;10.0;12/07/2018;6000000;agropecuaria
femenino;industria;cafeteria;juan xxiii la quiebra;2;16.0;30/11/2017;4500000;agropecuaria
femenino;industria;recreativo educativo;las palmas;2;16.0;30/09/2016;2500000;agropecuaria
masculino;servicio;tienda;belen;1;7.0;13/09/2017;7000000;agropecuaria
masculino;servicio;tienda;belen;1;7.0;19/04/2018;7000000;agropecuaria
masculino;comercio;peluqueria;doce de octubre no.1;3;5.0;5/08/2016;6890000;agropecuaria
masculino;servicio;tienda;buenos aires;1;7.0;1/03/2018;6000000;agropecuaria
masculino;servicio;tienda;buenos aires;1;7.0;13/12/2016;6000000;agropecuaria
masculino;servicio;variedades;enciso;1;1.0;15/11/2017;5000000;agropecuaria
femenino;industria;carpinteria;13 de noviembre;2;9.0;29/08/2016;8281000;agropecuaria
femenino;industria;fabrica de productos;la sierra;2;80.0;11/01/2017;1800000;agropecuaria
masculino;servicio;comidas rapidas;manrique central no. 2;1;13.0;3/11/2016;4000000;agropecuaria
femenino;industria;ferreteria;kennedy;2;60.0;22/08/2017;7500000;agropecuaria
masculino;comercio;peluqueria;moravia;3;2.0;15/06/2017;7300000;agropecuaria
femenino;industria;cafe e internet;centro admtivo;2;6.0;23/06/2017;3500000;agropecuaria
femenino;industria;fabrica de helados;lopez de mesa;2;9.0;28/03/2016;5500000;agropecuaria
masculino;servicio;fabrica de;robledo;1;4.0;24/10/2017;7800000;agropecuaria
masculino;servicio;tienda;aranjuez;1;10.0;14/06/2018;6000000;agropecuaria
masculino;servicio;fabrica de;robledo;1;4.0;4/04/2018;7800000;agropecuaria
femenino;industria;fabrica de repuestos;sevilla;2;15.0;10/10/2017;6850000;agropecuaria
femenino;industria;legumbreria;las palmas;2;16.0;10/08/2017;2500000;agropecuaria
masculino;servicio;tienda;san javier no.1;1;7.0;20/06/2017;7000000;agropecuaria
femenino;industria;fabrica de alimentos;santander;3;6.0;27/04/2017;6800000;agropecuaria
masculino;servicio;tienda;buenos aires;1;10.0;1/06/2018;6000000;agropecuaria
masculino;servicio;comidas rapidas;santa cruz;1;13.0;21/11/2017;4000000;agropecuaria
femenino;comercio;fabrica de calzado;granizal;3;6.0;21/07/2017;7370000;agropecuaria
femenino;comercio;miscelanea;villatina;3;3.0;28/09/2017;7370000;agropecuaria
masculino;servicio;comidas rapidas;santo domingo savio;1;13.0;25/10/2017;4000000;agropecuaria
femenino;comercio;distribuidora de;pedregal;3;3.0;28/02/2017;2000000;agropecuaria
masculino;servicio;almacen de ropa en;campo valdes no. 1;3;8.0;29/01/2018;3000000;agropecuaria
masculino;servicio;comidas rapidas;santa cruz;1;13.0;15/06/2018;4000000;agropecuaria
masculino;servicio;tienda;buenos aires;1;10.0;14/06/2018;6000000;agropecuaria
femenino;industria;drogueria;santa rosa de lima;2;12.0;26/06/2019;3750000;agropecuaria
masculino;servicio;fabrica de;manrique central no. 1;1;4.0;4/05/2018;7000000;agropecuaria
masculino;servicio;variedades;enciso;1;1.0;15/11/2017;5000000;agropecuaria
masculino;servicio;variedades;enciso;1;1.0;28/06/2017;4000000;agropecuaria
masculino;servicio;comidas rapidas;santa cruz;1;13.0;15/11/2018;4000000;agropecuaria
femenino;industria;fabrica de alimentos;picacho;3;6.0;15/05/2017;6800000;agropecuaria
masculino;servicio;variedades;cabecera san cristobal;1;1.0;20/02/2018;5000000;agropecuaria
masculino;servicio;fabrica de;san javier no.1;1;7.0;29/10/2018;7000000;agropecuaria
masculino;servicio;fabrica de;san javier no.1;1;7.0;23/02/2017;7000000;agropecuaria
femenino;industria;taller de mecanica;olaya herrera;2;60.0;16/05/2016;6500000;agropecuaria
masculino;comercio;peluqueria;la milagrosa;3;5.0;24/08/2018;7300000;agropecuaria
femenino;industria;fabrica de repuestos;las violetas;2;15.0;9/04/2019;3600000;agropecuaria
femenino;comercio;restaurante;villa hermosa;3;2.0;7/09/2017;7300000;agropecuaria
masculino;servicio;fabrica de;san javier no.1;1;7.0;9/05/2018;7000000;agropecuaria
femenino;industria;cafeteria;llanaditas;2;16.0;6/05/2016;4500000;agropecuaria
masculino;comercio;peluqueria;doce de octubre no.1;3;5.0;22/06/2017;6890000;agropecuaria
masculino;servicio;fabrica de;robledo;1;4.0;22/05/2018;7800000;agropecuaria
masculino;servicio;tienda;belen;1;7.0;31/10/2018;7000000;agropecuaria
masculino;servicio;tienda;buenos aires;1;10.0;9/02/2018;6000000;agropecuaria
masculino;servicio;tienda;belen;1;7.0;8/06/2018;7000000;agropecuaria
masculino;servicio;comidas rapidas;cabecera san antonio;3;8.0;7/03/2017;3000000;agropecuaria
masculino;comercio;peluqueria;manrique oriental;3;5.0;15/05/2018;6890000;agropecuaria
femenino;industria;productos de belleza;la francia;2;16.0;24/01/2017;1500000;agropecuaria
masculino;servicio;almacen de ropa en;campo valdes no. 1;3;8.0;18/04/2018;6890000;agropecuaria
masculino;comercio;almacen de ropa en;manrique oriental;3;5.0;27/09/2018;6890000;agropecuaria
masculino;servicio;comidas rapidas;santo domingo savio;1;13.0;19/08/2016;4000000;agropecuaria
masculino;servicio;fabrica de;manrique central no. 1;1;4.0;27/06/2018;7000000;agropecuaria
masculino;servicio;variedades;enciso;1;1.0;18/05/2018;5000000;agropecuaria
femenino;comercio;barberia;villatina;3;3.0;22/02/2019;7370000;agropecuaria
femenino;comercio;restaurante;villa hermosa;3;2.0;22/08/2018;7377000;agropecuaria
femenino;industria;sembrados;prado;2;9.0;8/04/2016;8281000;agropecuaria
femenino;industria;productos de belleza;san pablo;2;16.0;27/05/2016;1500000;agropecuaria
masculino;servicio;variedades;castilla;1;1.0;24/08/2017;5000000;agropecuaria
femenino;industria;panaderia;boston;3;6.0;15/11/2016;3500000;agropecuaria
masculino;servicio;fabrica de;san javier no.1;1;7.0;22/09/2017;7000000;agropecuaria
masculino;servicio;variedades;castilla;1;1.0;20/06/2018;5000000;agropecuaria
masculino;comercio;peluqueria;la milagrosa;3;5.0;5/12/2017;7300000;agropecuaria
masculino;servicio;fabrica de;robledo;1;4.0;25/05/2018;7800000;agropecuaria
femenino;industria;fabrica de calzado;florencia;3;6.0;20/09/2016;6800000;agropecuaria
femenino;comercio;mantenimiento en;guayabal;3;2.0;22/12/2016;7377000;agropecuaria
masculino;servicio;tienda;aranjuez;1;10.0;30/10/2017;6000000;agropecuaria
masculino;servicio;variedades;cabecera san cristobal;1;1.0;30/06/2017;5000000;agropecuaria
masculino;servicio;tienda;aranjuez;1;10.0;2/08/2018;6000000;agropecuaria
masculino;servicio;tienda;cabecera san cristobal;1;10.0;12/07/2017;5000000;agropecuaria
masculino;servicio;fabrica de;robledo;1;4.0;24/10/2018;7800000;agropecuaria
masculino;servicio;variedades;cabecera san cristobal;1;1.0;31/01/2018;5000000;agropecuaria
masculino;servicio;tienda;popular;1;10.0;19/09/2017;5000000;agropecuaria
masculino;servicio;fabrica de;robledo;1;4.0;26/10/2018;7800000;agropecuaria
masculino;servicio;comidas rapidas;manrique central no. 2;1;13.0;7/11/2018;4000000;agropecuaria
femenino;comercio;restaurante;villa hermosa;3;2.0;4/03/2016;7377000;agropecuaria
masculino;comercio;peluqueria;doce de octubre no.1;3;5.0;5/08/2016;6890000;agropecuaria
femenino;comercio;papeleria;la floresta;3;3.0;17/11/2016;2000000;agropecuaria
femenino;industria;servicios;pedregal alto;2;15.0;2018/10/24;19530000;empresarial ed.
masculino;servicio;fabrica de;san javier no.1;1;7.0;9/04/2018;7000000;agropecuaria
masculino;servicio;tienda;popular;1;10.0;20/04/2018;6000000;agropecuaria
femenino;industria;sembrados;prado;2;9.0;8/04/2016;8281000;agropecuaria
masculino;comercio;peluqueria;manrique oriental;3;5.0;5/07/2017;6890000;agropecuaria
femenino;comercio;fabrica de calzado;granizal;3;6.0;22/01/2018;7370000;agropecuaria
femenino;comercio;papeleria;aranjuezcito;3;3.0;24/02/2016;2000000;agropecuaria
femenino;comercio;distribuidora de;andalucia;3;3.0;12/09/2016;2000000;agropecuaria
femenino;industria;criadero de animales;villa del socorro;2;16.0;8/03/2016;8000000;agropecuaria
femenino;industria;venta de calzado;san jose de la cima no.;2;80.0;28/12/2016;7200000;agropecuaria
femenino;industria;panaderia;boston;3;6.0;13/06/2018;3500000;agropecuaria
masculino;servicio;fabrica de;san javier no.1;1;7.0;17/05/2018;7000000;agropecuaria
masculino;servicio;variedades;manrique central no. 2;1;13.0;18/10/2017;4000000;agropecuaria
femenino;comercio;restaurante;villa hermosa;3;2.0;30/05/2017;7377000;agropecuaria
femenino;industria;productos de belleza;la francia;2;16.0;15/02/2016;1500000;agropecuaria
femenino;industria;cerrajeria;san javier no.2;2;80.0;24/06/2016;5200000;agropecuaria
masculino;servicio;fabrica de;manrique central no. 1;1;4.0;13/07/2017;7800000;agropecuaria
masculino;comercio;peluqueria;moravia;3;2.0;11/07/2017;7300000;agropecuaria
masculino;servicio;tienda;belen;1;7.0;8/06/2018;7000000;agropecuaria
masculino;servicio;comidas rapidas;cabecera san antonio;3;8.0;20/11/2018;3000000;agropecuaria
femenino;industria;panaderia;calasanz;3;6.0;6/12/2017;1000000;agropecuaria
masculino;servicio;fabrica de;robledo;1;4.0;11/10/2018;7800000;agropecuaria
masculino;servicio;tienda;belen;1;7.0;8/06/2018;7000000;agropecuaria
masculino;servicio;tienda;aranjuez;1;10.0;12/02/2018;6000000;agropecuaria
masculino;servicio;comidas rapidas;santo domingo savio;1;13.0;24/05/2018;3000000;agropecuaria
masculino;servicio;tienda;popular;1;10.0;15/03/2018;6000000;agropecuaria
masculino;servicio;tienda;buenos aires;1;7.0;18/04/2017;6000000;agropecuaria
masculino;servicio;tienda;belen;1;7.0;16/02/2018;7000000;agropecuaria
masculino;servicio;tienda;aranjuez;1;10.0;30/10/2017;6000000;agropecuaria
masculino;comercio;almacen de ropa en;barrio caicedo;3;8.0;2/08/2017;6890000;agropecuaria
femenino;comercio;restaurante;villa hermosa;3;2.0;22/08/2018;7377000;agropecuaria
masculino;servicio;tienda;belen;1;7.0;10/04/2018;7000000;agropecuaria
masculino;comercio;almacen de ropa en;manrique oriental;3;5.0;3/04/2017;6890000;agropecuaria
masculino;servicio;tienda;aranjuez;1;10.0;20/09/2018;6000000;agropecuaria
femenino;comercio;mantenimiento en;el salvador;3;2.0;18/12/2017;7377000;agropecuaria
femenino;industria;panaderia;calasanz;3;6.0;8/08/2018;1000000;agropecuaria
femenino;comercio;miscelanea;playon de los;3;3.0;10/04/2019;7370000;agropecuaria
femenino;comercio;mantenimiento en;andalucia;3;2.0;3/10/2017;7377000;agropecuaria
femenino;comercio;miscelanea;playon de los;3;3.0;28/04/2017;7370000;agropecuaria
masculino;servicio;fabrica de;manrique central no. 1;1;4.0;15/02/2018;7000000;agropecuaria
masculino;servicio;variedades;castilla;1;1.0;26/02/2018;5000000;agropecuaria
femenino;comercio;miscelanea;playon de los;3;3.0;10/04/2019;7370000;agropecuaria
masculino;servicio;almacen de ropa en;campo valdes no. 1;3;8.0;1/11/2018;3000000;agropecuaria
masculino;servicio;fabrica de;manrique central no. 1;1;4.0;15/02/2018;7000000;agropecuaria
masculino;servicio;comidas rapidas;cabecera san antonio;3;8.0;13/01/2017;3000000;agropecuaria
masculino;servicio;comidas rapidas;cabecera san antonio;3;8.0;29/09/2017;3000000;agropecuaria
masculino;servicio;tienda;belen;1;7.0;26/04/2018;7000000;agropecuaria
masculino;servicio;tienda;popular;1;10.0;11/08/2017;5000000;agropecuaria
masculino;servicio;tienda;cabecera san cristobal;1;1.0;22/02/2017;5000000;agropecuaria
masculino;servicio;tienda;buenos aires;1;7.0;16/05/2018;6000000;agropecuaria
masculino;servicio;comidas rapidas;cabecera san antonio;3;8.0;3/03/2017;3000000;agropecuaria
masculino;servicio;tienda;popular;1;10.0;20/04/2018;6000000;agropecuaria
femenino;industria;panaderia;boston;3;6.0;13/06/2018;3500000;agropecuaria
masculino;servicio;almacen de ropa en;campo valdes no. 1;3;8.0;29/06/2017;3000000;agropecuaria
femenino;comercio;distribuidora de;andalucia;3;3.0;26/05/2017;2000000;agropecuaria
masculino;servicio;fabrica de;manrique central no. 1;1;4.0;9/07/2018;7000000;agropecuaria
masculino;servicio;variedades;enciso;1;1.0;4/07/2017;5000000;agropecuaria
masculino;servicio;tienda;buenos aires;1;10.0;12/07/2018;6000000;agropecuaria
masculino;servicio;comidas rapidas;cabecera san antonio;3;8.0;20/11/2018;3000000;agropecuaria
masculino;servicio;variedades;cabecera san cristobal;1;1.0;22/02/2018;5000000;agropecuaria
masculino;servicio;tienda;cabecera san cristobal;1;10.0;7/03/2018;5000000;agropecuaria
masculino;servicio;fabrica de;robledo;1;4.0;23/05/2018;7800000;agropecuaria
masculino;comercio;almacen de ropa en;manrique oriental;3;5.0;1/11/2016;6890000;agropecuaria
masculino;servicio;tienda;aranjuez;1;10.0;18/06/2018;6000000;agropecuaria
femenino;comercio;papeleria;la floresta;3;3.0;17/11/2016;2000000;agropecuaria
masculino;comercio;peluqueria;doce de octubre no.1;3;5.0;22/06/2017;6890000;agropecuaria
femenino;industria;fabrica de alimentos;picacho;3;6.0;6/09/2016;6800000;agropecuaria
masculino;servicio;tienda;belen;1;7.0;26/04/2018;7000000;agropecuaria
femenino;comercio;barberia;20 de julio;3;3.0;24/04/2019;2000000;agropecuaria
femenino;industria;variedades de helados;girardot;2;60.0;6/04/2017;8200000;agropecuaria
masculino;comercio;peluqueria;doce de octubre no.1;3;5.0;21/11/2018;7300000;agropecuaria
femenino;industria;charcuteria;loreto;2;60.0;30/11/2018;8200000;agropecuaria
masculino;servicio;fabrica de;san javier no.1;1;7.0;29/10/2018;7000000;agropecuaria
femenino;comercio;miscelanea;villatina;3;3.0;28/04/2017;7370000;agropecuaria
masculino;servicio;tienda;cabecera san cristobal;1;10.0;12/07/2017;5000000;agropecuaria
masculino;servicio;fabrica de;robledo;1;4.0;14/09/2018;7800000;agropecuaria
femenino;comercio;restaurante;el salvador;3;2.0;9/11/2016;7377000;agropecuaria
femenino;industria;fabrica de alimentos;picacho;3;6.0;15/03/2017;6800000;agropecuaria
femenino;agropecuaria;billares;granada;2;50.0;2017/08/10;6474000;juridica y cap.semilla
femenino;comercio;barberia;20 de julio;3;3.0;4/04/2017;7370000;agropecuaria
femenino;industria;drogueria;antonio nariño;2;12.0;13/06/2016;28000000;agropecuaria
masculino;servicio;fabrica de;robledo;1;4.0;11/10/2018;7800000;agropecuaria
masculino;servicio;fabrica de;manrique central no. 1;1;7.0;1/02/2018;7000000;agropecuaria
femenino;comercio;papeleria;la floresta;3;3.0;8/04/2019;2000000;agropecuaria
masculino;comercio;almacen de ropa en;manrique oriental;3;5.0;9/02/2017;6890000;agropecuaria
femenino;comercio;barberia;villatina;3;3.0;14/12/2017;7370000;agropecuaria
masculino;servicio;almacen de ropa en;campo valdes no. 1;3;8.0;21/04/2016;6890000;agropecuaria
femenino;comercio;restaurante;villa hermosa;3;2.0;14/11/2017;7377000;agropecuaria
masculino;comercio;almacen de ropa en;manrique oriental;3;5.0;19/11/2016;6890000;agropecuaria
masculino;servicio;tienda;aranjuez;1;10.0;30/10/2017;6000000;agropecuaria
femenino;industria;recreativo educativo;alfonso lopez;2;16.0;14/08/2017;4500000;agropecuaria
masculino;servicio;variedades;castilla;1;1.0;17/03/2017;5000000;agropecuaria
femenino;industria;cafe e internet;carpinelo;2;16.0;7/06/2016;1500000;agropecuaria
masculino;comercio;almacen de ropa en;manrique oriental;3;5.0;1/11/2016;6890000;agropecuaria
masculino;servicio;comidas rapidas;santo domingo savio;3;13.0;13/03/2019;3000000;agropecuaria
masculino;servicio;variedades;enciso;1;13.0;16/03/2018;4000000;agropecuaria
masculino;servicio;tienda;buenos aires;1;10.0;9/03/2017;6000000;agropecuaria
masculino;comercio;almacen de ropa en;barrio caicedo;3;5.0;23/08/2018;6890000;agropecuaria
masculino;servicio;comidas rapidas;santo domingo savio;3;13.0;19/10/2017;3000000;agropecuaria
masculino;servicio;variedades;castilla;1;1.0;4/08/2017;5000000;agropecuaria
femenino;industria;productos de belleza;san pablo;2;16.0;27/05/2016;1500000;agropecuaria
masculino;comercio;peluqueria;doce de octubre no.1;3;5.0;21/11/2018;7300000;agropecuaria
masculino;comercio;peluqueria;moravia;3;2.0;4/11/2016;7300000;agropecuaria
femenino;comercio;restaurante;villa hermosa;3;2.0;13/02/2017;7377000;agropecuaria
femenino;comercio;restaurante;villa hermosa;3;2.0;9/08/2017;7377000;agropecuaria
masculino;servicio;fabrica de;san javier no.1;1;7.0;22/09/2017;7000000;agropecuaria
masculino;servicio;fabrica de;manrique central no. 1;1;4.0;27/06/2018;7800000;agropecuaria
femenino;industria;panaderia;santa elena central;3;6.0;30/11/2016;1000000;agropecuaria
masculino;servicio;tienda;belen;1;7.0;2/05/2018;7000000;agropecuaria
masculino;servicio;fabrica de;robledo;1;4.0;6/03/2018;7800000;agropecuaria
masculino;comercio;peluqueria;doce de octubre no.1;3;5.0;26/05/2016;6890000;agropecuaria
masculino;comercio;peluqueria;doce de octubre no.1;3;5.0;24/07/2018;7300000;agropecuaria
masculino;servicio;variedades;castilla;1;1.0;5/10/2016;5000000;agropecuaria
femenino;comercio;restaurante;villa hermosa;3;2.0;9/08/2017;7377000;agropecuaria
masculino;servicio;comidas rapidas;santo domingo savio;3;13.0;19/10/2017;3000000;agropecuaria
masculino;servicio;fabrica de;manrique central no. 1;1;7.0;14/11/2018;7000000;agropecuaria
masculino;servicio;almacen de ropa en;campo valdes no. 1;3;8.0;14/06/2016;3000000;agropecuaria
masculino;servicio;fabrica de;san javier no.1;1;7.0;5/09/2018;7000000;agropecuaria
masculino;servicio;variedades;castilla;1;1.0;22/03/2017;5000000;agropecuaria
masculino;servicio;fabrica de;robledo;1;4.0;25/05/2018;7800000;agropecuaria
femenino;industria;granero;palmitas;2;9.0;16/06/2016;1200000;agropecuaria
masculino;comercio;peluqueria;manrique oriental;3;5.0;12/05/2017;6890000;agropecuaria
masculino;servicio;variedades;castilla;1;1.0;4/08/2017;5000000;agropecuaria
masculino;servicio;fabrica de;manrique central no. 1;1;7.0;1/02/2018;7000000;agropecuaria
masculino;servicio;fabrica de;manrique central no. 1;1;7.0;5/02/2018;7000000;agropecuaria
masculino;comercio;peluqueria;doce de octubre no.1;3;5.0;31/07/2017;6890000;agropecuaria
femenino;industria;organización y;campo valdes no. 2;2;80.0;10/03/2016;14000000;agropecuaria
masculino;servicio;variedades;enciso;1;13.0;9/11/2017;4000000;agropecuaria
femenino;industria;cerrajeria;san javier no.2;2;80.0;24/08/2016;5200000;agropecuaria
masculino;servicio;variedades;cabecera san cristobal;1;1.0;10/08/2018;5000000;agropecuaria
masculino;comercio;peluqueria;moravia;3;2.0;15/06/2017;7300000;agropecuaria
masculino;servicio;fabrica de;robledo;1;4.0;24/01/2018;7800000;agropecuaria
masculino;comercio;almacen de ropa en;manrique oriental;3;5.0;14/06/2017;6890000;agropecuaria
femenino;industria;fotografia;la america;2;9.0;20/12/2016;4400000;agropecuaria
masculino;servicio;fabrica de;san javier no.1;1;7.0;17/05/2018;7000000;agropecuaria
masculino;servicio;variedades;enciso;1;1.0;18/05/2018;5000000;agropecuaria
masculino;servicio;tienda;belen;1;7.0;19/04/2018;7000000;agropecuaria
masculino;comercio;almacen de ropa en;barrio caicedo;3;5.0;1/09/2017;6890000;agropecuaria
masculino;servicio;fabrica de;san javier no.1;1;7.0;9/04/2018;7000000;agropecuaria
masculino;servicio;comidas rapidas;santa cruz;1;13.0;21/11/2017;4000000;agropecuaria
masculino;servicio;tienda;belen;1;7.0;19/04/2018;7000000;agropecuaria
masculino;servicio;comidas rapidas;santo domingo savio;1;13.0;24/05/2018;3000000;agropecuaria
masculino;servicio;comidas rapidas;manrique central no. 2;1;13.0;22/05/2019;4000000;agropecuaria
masculino;comercio;peluqueria;moravia;3;2.0;29/05/2019;7300000;agropecuaria
masculino;comercio;peluqueria;moravia;3;2.0;16/12/2016;7300000;agropecuaria
masculino;servicio;variedades;manrique central no. 2;1;13.0;3/05/2018;4000000;agropecuaria
femenino;industria;charcuteria;loreto;2;60.0;20/02/2019;8200000;agropecuaria
femenino;comercio;mantenimiento en;guayabal;3;2.0;17/05/2017;7377000;agropecuaria
masculino;servicio;fabrica de;robledo;1;4.0;13/02/2018;7800000;agropecuaria
femenino;industria;taller de electronica;la loma;2;80.0;15/03/2016;2200000;agropecuaria
femenino;agropecuaria;fabrica de juegos;suburbano santa elena;2;90.0;11/03/2016;3150000;microempresarial
masculino;servicio;tienda;belen;1;7.0;13/09/2017;7000000;agropecuaria
masculino;servicio;tienda;belen;1;7.0;7/06/2018;7000000;agropecuaria
masculino;servicio;fabrica de;robledo;1;4.0;24/10/2018;7800000;agropecuaria
masculino;servicio;fabrica de;san javier no.1;1;7.0;9/05/2018;7000000;agropecuaria
masculino;comercio;peluqueria;moravia;3;5.0;24/08/2018;7300000;agropecuaria
femenino;comercio;barberia;20 de julio;3;3.0;26/07/2018;7370000;agropecuaria
masculino;servicio;fabrica de;manrique central no. 1;1;7.0;16/07/2018;7000000;agropecuaria
femenino;comercio;restaurante;villa hermosa;3;2.0;14/11/2017;7377000;agropecuaria
femenino;comercio;peluqueria;moravia;3;2.0;8/06/2017;7300000;agropecuaria
femenino;industria;charcuteria;francisco antonio zea;2;60.0;31/05/2019;8200000;agropecuaria
masculino;comercio;peluqueria;doce de octubre no.1;3;5.0;3/08/2018;7300000;agropecuaria
masculino;servicio;fabrica de;robledo;1;4.0;25/05/2018;7800000;agropecuaria
femenino;industria;panaderia;calasanz;3;6.0;30/12/2016;1000000;agropecuaria
masculino;servicio;fabrica de;san javier no.1;1;7.0;23/02/2017;7000000;agropecuaria
femenino;industria;ferreteria;la pradera;2;60.0;20/05/2019;7500000;agropecuaria
masculino;servicio;variedades;cabecera san cristobal;1;1.0;30/06/2017;5000000;agropecuaria
masculino;servicio;fabrica de;manrique central no. 1;1;7.0;16/07/2018;7000000;agropecuaria
masculino;servicio;tienda;buenos aires;1;7.0;1/03/2018;6000000;agropecuaria
masculino;servicio;variedades;enciso;1;1.0;15/11/2017;5000000;agropecuaria
masculino;servicio;tienda;popular;1;10.0;12/03/2018;6000000;agropecuaria
femenino;industria;productos de belleza;la francia;2;16.0;16/09/2016;1500000;agropecuaria
masculino;servicio;fabrica de;robledo;1;4.0;24/10/2018;7800000;agropecuaria
masculino;servicio;variedades;castilla;1;1.0;28/08/2017;5000000;agropecuaria
masculino;servicio;tienda;cabecera san cristobal;1;10.0;7/03/2018;5000000;agropecuaria
masculino;servicio;tienda;belen;1;7.0;23/05/2017;6000000;agropecuaria
masculino;servicio;fabrica de;robledo;1;4.0;6/02/2018;7800000;agropecuaria
masculino;servicio;tienda;buenos aires;1;7.0;12/06/2017;6000000;agropecuaria
masculino;servicio;tienda;buenos aires;1;10.0;28/05/2018;6000000;agropecuaria
masculino;servicio;tienda;popular;1;10.0;23/04/2018;6000000;agropecuaria
femenino;industria;publicidad y;el socorro;2;9.0;11/07/2016;7812000;agropecuaria
femenino;comercio;papeleria;aranjuezcito;3;3.0;22/12/2017;2000000;agropecuaria
masculino;comercio;peluqueria;moravia;3;2.0;4/11/2016;7300000;agropecuaria
masculino;servicio;fabrica de;robledo;1;4.0;6/02/2018;7800000;agropecuaria
femenino;industria;cafeteria;llanaditas;2;16.0;6/05/2016;4500000;agropecuaria
masculino;comercio;almacen de ropa en;barrio caicedo;3;5.0;2/08/2017;6890000;agropecuaria
masculino;servicio;variedades;enciso;1;1.0;26/01/2018;5000000;agropecuaria
masculino;comercio;peluqueria;doce de octubre no.1;3;5.0;21/04/2017;7300000;agropecuaria
masculino;servicio;variedades;castilla;1;1.0;22/03/2017;5000000;agropecuaria
femenino;comercio;distribuidora de;pedregal;3;3.0;8/11/2018;2000000;agropecuaria
masculino;servicio;fabrica de;robledo;1;4.0;23/05/2018;7800000;agropecuaria
femenino;industria;carpinteria;toscana;2;9.0;5/12/2016;8281000;agropecuaria
masculino;servicio;fabrica de;san javier no.1;1;7.0;7/02/2018;7000000;agropecuaria
femenino;comercio;mantenimiento en;guayabal;3;2.0;1/03/2017;7377000;agropecuaria
femenino;industria;ferreteria;kennedy;2;60.0;19/07/2016;7500000;agropecuaria
femenino;comercio;distribuidora de;pedregal;3;3.0;29/09/2016;2000000;agropecuaria
femenino;comercio;barberia;20 de julio;3;3.0;18/03/2019;7370000;agropecuaria
masculino;servicio;fabrica de;manrique central no. 1;1;7.0;6/07/2018;7000000;agropecuaria
masculino;servicio;comidas rapidas;santa cruz;1;13.0;15/06/2018;4000000;agropecuaria
femenino;industria;joyeria;jardin botanico;2;12.0;17/08/2016;2800000;agropecuaria
femenino;comercio;restaurante;villa hermosa;3;2.0;31/07/2018;7377000;agropecuaria
masculino;servicio;fabrica de;robledo;1;4.0;6/02/2018;7800000;agropecuaria
masculino;servicio;tienda;aranjuez;1;10.0;2/08/2018;6000000;agropecuaria
masculino;servicio;tienda;san javier no.1;1;7.0;16/02/2018;7000000;agropecuaria
femenino;comercio;mantenimiento en;guayabal;3;2.0;9/08/2018;7377000;agropecuaria
femenino;comercio;miscelanea;playon de los;3;3.0;2/12/2016;7370000;agropecuaria
masculino;servicio;fabrica de;manrique central no. 1;1;7.0;1/02/2018;7000000;agropecuaria
masculino;servicio;fabrica de;robledo;1;4.0;1/08/2018;7800000;agropecuaria
femenino;industria;ebanistaria;cristo rey;2;12.0;4/04/2019;782000;agropecuaria
femenino;comercio;miscelanea;villatina;3;3.0;25/08/2017;7370000;agropecuaria
masculino;servicio;variedades;manrique central no. 2;1;13.0;18/10/2017;4000000;agropecuaria
masculino;servicio;tienda;belen;1;7.0;2/03/2018;7000000;agropecuaria
femenino;comercio;barberia;la floresta;3;3.0;18/04/2016;2000000;agropecuaria
masculino;servicio;comidas rapidas;santa cruz;1;13.0;23/11/2016;4000000;agropecuaria
femenino;comercio;papeleria;aranjuezcito;3;3.0;15/06/2016;2000000;agropecuaria
femenino;comercio;distribuidora de;pedregal;3;3.0;25/01/2017;2000000;agropecuaria
masculino;servicio;fabrica de;robledo;1;4.0;14/03/2018;7800000;agropecuaria
masculino;servicio;fabrica de;manrique central no. 1;1;4.0;16/04/2018;7800000;agropecuaria
femenino;industria;fabrica de arepas;san antonio;2;12.0;2017/05/31;5250000;agropecuaria
masculino;servicio;fabrica de;robledo;1;4.0;18/10/2018;7800000;agropecuaria
femenino;industria;organización y;la libertad;2;80.0;16/02/2016;20000000;agropecuaria
femenino;industria;sembrados;la pradera;2;9.0;13/05/2019;7500000;agropecuaria
femenino;industria;gimnasio;el diamante;2;15.0;21/02/2019;8122200;agropecuaria
masculino;servicio;almacen de ropa en;campo valdes no. 1;3;8.0;18/07/2018;3000000;agropecuaria
masculino;comercio;peluqueria;la milagrosa;3;5.0;4/05/2017;7300000;agropecuaria
masculino;servicio;tienda;san javier no.1;1;7.0;20/06/2017;7000000;agropecuaria
femenino;industria;cafe e internet;carpinelo;2;6.0;9/01/2019;3500000;agropecuaria
masculino;comercio;peluqueria;la milagrosa;3;5.0;25/08/2016;7300000;agropecuaria
masculino;servicio;variedades;castilla;1;1.0;30/04/2018;5000000;agropecuaria
femenino;comercio;restaurante;el salvador;3;2.0;19/12/2016;7377000;agropecuaria
masculino;servicio;tienda;aranjuez;1;10.0;8/05/2018;6000000;agropecuaria
masculino;servicio;tienda;buenos aires;1;10.0;12/07/2018;6000000;agropecuaria
masculino;servicio;fabrica de;robledo;1;4.0;5/07/2018;7800000;agropecuaria
masculino;comercio;almacen de ropa en;manrique oriental;3;5.0;27/09/2018;6890000;agropecuaria
femenino;industria;productos de belleza;san pablo;2;16.0;5/04/2019;1500000;agropecuaria
masculino;comercio;almacen de ropa en;barrio caicedo;3;8.0;6/03/2017;6890000;agropecuaria
femenino;industria;fabrica de repuestos;las violetas;2;15.0;2018/02/20;6600000;agropecuaria
femenino;industria;panaderia;santa elena central;3;6.0;24/11/2016;1000000;agropecuaria
masculino;servicio;tienda;belen;1;7.0;16/02/2018;7000000;agropecuaria
femenino;industria;sembrados;la pradera;2;9.0;20/12/2018;7500000;agropecuaria
femenino;comercio;miscelanea;playon de los;3;3.0;5/06/2019;7370000;agropecuaria
masculino;servicio;tienda;popular;1;10.0;10/09/2018;6000000;agropecuaria
masculino;servicio;fabrica de;robledo;1;4.0;25/10/2018;7800000;agropecuaria
masculino;servicio;fabrica de;robledo;1;4.0;11/10/2018;7800000;agropecuaria
masculino;comercio;peluqueria;doce de octubre no.1;3;5.0;24/07/2018;7300000;agropecuaria
masculino;servicio;variedades;cabecera san cristobal;1;1.0;21/05/2018;5000000;agropecuaria
masculino;comercio;almacen de ropa en;barrio caicedo;3;8.0;16/02/2017;6890000;agropecuaria
masculino;servicio;tienda;belen;1;7.0;26/04/2018;7000000;agropecuaria
masculino;servicio;fabrica de;robledo;1;4.0;4/04/2018;7800000;agropecuaria
masculino;comercio;almacen de ropa en;barrio caicedo;3;8.0;16/02/2017;6890000;agropecuaria
femenino;industria;drogueria;antonio nariño;2;12.0;27/05/2019;6300000;agropecuaria
femenino;industria;fabrica de calzado;picacho;3;6.0;18/02/2019;6800000;agropecuaria
femenino;industria;fabrica de alimentos;picacho;3;6.0;15/05/2017;6800000;agropecuaria
masculino;servicio;comidas rapidas;santo domingo savio;3;8.0;23/11/2017;3000000;agropecuaria
masculino;servicio;variedades;castilla;1;1.0;6/06/2018;5000000;agropecuaria
femenino;industria;fabrica de alimentos;santander;3;6.0;4/12/2017;1000000;agropecuaria
masculino;servicio;fabrica de;robledo;1;4.0;21/02/2018;7800000;agropecuaria
masculino;servicio;fabrica de;manrique central no. 1;1;7.0;5/02/2018;7000000;agropecuaria
femenino;comercio;miscelanea;granizal;3;6.0;2/05/2017;7370000;agropecuaria
masculino;servicio;fabrica de;robledo;1;4.0;18/10/2018;7800000;agropecuaria
masculino;comercio;peluqueria;doce de octubre no.1;3;5.0;26/05/2016;6890000;agropecuaria
masculino;servicio;variedades;enciso;1;1.0;24/04/2018;5000000;agropecuaria
masculino;servicio;fabrica de;manrique central no. 1;1;4.0;4/05/2018;7000000;agropecuaria
masculino;servicio;tienda;cabecera san cristobal;1;1.0;31/05/2017;5000000;agropecuaria
masculino;servicio;variedades;cabecera san cristobal;1;1.0;18/07/2017;5000000;agropecuaria
masculino;servicio;comidas rapidas;santa cruz;1;13.0;6/04/2018;4000000;agropecuaria
masculino;servicio;tienda;aranjuez;1;10.0;18/01/2019;6000000;agropecuaria
masculino;servicio;tienda;popular;1;10.0;3/02/2017;6000000;agropecuaria
masculino;servicio;variedades;manrique central no. 2;1;13.0;18/10/2017;4000000;agropecuaria
masculino;servicio;variedades;castilla;1;1.0;11/04/2018;5000000;agropecuaria
masculino;comercio;peluqueria;moravia;3;2.0;29/05/2019;7300000;agropecuaria
masculino;servicio;fabrica de;manrique central no. 1;1;7.0;1/02/2018;7000000;agropecuaria
femenino;industria;cerrajeria;tricentenario;2;80.0;4/04/2016;30000000;agropecuaria
masculino;servicio;fabrica de;robledo;1;4.0;1/08/2018;7800000;agropecuaria
masculino;comercio;peluqueria;doce de octubre no.1;3;5.0;5/08/2016;6890000;agropecuaria
masculino;servicio;tienda;aranjuez;1;10.0;2/08/2018;6000000;agropecuaria
masculino;servicio;tienda;cabecera san cristobal;1;10.0;7/03/2018;5000000;agropecuaria
femenino;comercio;restaurante;el salvador;3;2.0;27/02/2017;7377000;agropecuaria
femenino;industria;fabrica de alimentos;picacho;3;6.0;15/03/2017;6800000;agropecuaria
masculino;comercio;almacen de ropa en;barrio caicedo;3;8.0;23/03/2017;6890000;agropecuaria
masculino;servicio;comidas rapidas;santo domingo savio;3;8.0;15/01/2019;3000000;agropecuaria
masculino;servicio;comidas rapidas;santo domingo savio;3;8.0;21/03/2018;3000000;agropecuaria
femenino;industria;ferreteria;la pradera;2;60.0;20/05/2019;7500000;agropecuaria
femenino;industria;fabrica de productos;la sierra;2;80.0;22/06/2016;1800000;agropecuaria
masculino;servicio;fabrica de;san javier no.1;1;7.0;22/09/2017;7000000;agropecuaria
masculino;comercio;peluqueria;doce de octubre no.1;3;5.0;21/04/2017;7300000;agropecuaria
femenino;industria;publicidad y;el socorro;2;9.0;7/12/2018;7812000;agropecuaria
masculino;servicio;fabrica de;robledo;1;4.0;3/10/2018;7800000;agropecuaria
masculino;servicio;fabrica de;san javier no.1;1;7.0;5/09/2018;7000000;agropecuaria
masculino;servicio;tienda;popular;1;10.0;31/10/2017;6000000;agropecuaria
masculino;servicio;comidas rapidas;manrique central no. 2;1;13.0;5/03/2018;4000000;agropecuaria
femenino;industria;joyeria;villa guadalupe;2;12.0;2018/06/15;3200000;agropecuaria
masculino;servicio;variedades;cabecera san cristobal;1;1.0;7/04/2017;5000000;agropecuaria
femenino;industria;productos de belleza;san pablo;2;16.0;14/12/2018;1500000;agropecuaria
masculino;comercio;almacen de ropa en;barrio caicedo;3;8.0;6/10/2016;6890000;agropecuaria
masculino;servicio;fabrica de;manrique central no. 1;1;4.0;14/02/2018;7000000;agropecuaria
masculino;servicio;fabrica de;robledo;1;4.0;7/11/2017;7800000;agropecuaria
masculino;servicio;tienda;belen;1;7.0;31/10/2018;7000000;agropecuaria
masculino;servicio;variedades;castilla;1;1.0;12/06/2018;5000000;agropecuaria
femenino;industria;ferreteria;santa lucia;2;60.0;23/02/2016;7500000;agropecuaria
femenino;agropecuaria;venta de;villa flora;2;11.0;17/10/2018;7811000;fomento agropecuario
masculino;servicio;tienda;aranjuez;1;10.0;27/03/2017;6000000;agropecuaria
masculino;comercio;peluqueria;doce de octubre no.1;3;5.0;18/11/2016;7300000;agropecuaria
masculino;servicio;tienda;belen;1;7.0;24/07/2017;7000000;agropecuaria
masculino;servicio;almacen de ropa en;campo valdes no. 1;3;8.0;21/04/2016;6890000;agropecuaria
masculino;servicio;comidas rapidas;santo domingo savio;3;8.0;15/01/2019;3000000;agropecuaria
masculino;comercio;almacen de ropa en;barrio caicedo;3;8.0;16/02/2017;6890000;agropecuaria
masculino;comercio;peluqueria;doce de octubre no.1;3;5.0;13/09/2016;7300000;agropecuaria
masculino;servicio;comidas rapidas;manrique central no. 2;1;13.0;3/11/2016;4000000;agropecuaria
femenino;comercio;mantenimiento en;guayabal;3;2.0;1/02/2017;7377000;agropecuaria
femenino;industria;variedades de helados;girardot;2;60.0;17/05/2016;6500000;agropecuaria
masculino;servicio;variedades;castilla;1;1.0;8/11/2017;5000000;agropecuaria
masculino;servicio;fabrica de;san javier no.1;1;7.0;9/04/2018;7000000;agropecuaria
masculino;servicio;variedades;castilla;1;1.0;17/03/2017;5000000;agropecuaria
masculino;servicio;fabrica de;robledo;1;4.0;3/10/2018;7800000;agropecuaria
masculino;servicio;tienda;aranjuez;1;10.0;8/05/2018;6000000;agropecuaria
masculino;servicio;almacen de ropa en;campo valdes no. 1;3;8.0;14/06/2016;3000000;agropecuaria
masculino;servicio;fabrica de;san javier no.1;1;7.0;7/05/2018;7000000;agropecuaria
masculino;comercio;almacen de ropa en;manrique oriental;3;5.0;3/04/2017;6890000;agropecuaria
femenino;comercio;distribuidora de;andalucia;3;3.0;23/02/2018;2000000;agropecuaria
masculino;servicio;tienda;belen;1;7.0;22/03/2018;7000000;agropecuaria
femenino;industria;fabrica de productos;miranda;2;80.0;1/08/2016;4300000;agropecuaria
masculino;comercio;peluqueria;moravia;3;2.0;22/01/2019;7300000;agropecuaria
femenino;comercio;papeleria;la floresta;3;3.0;19/10/2016;2000000;agropecuaria
femenino;industria;fabrica de alimentos;santander;3;6.0;29/02/2016;6800000;agropecuaria
femenino;agropecuaria;marqueteria;bombona no. 2;2;90.0;11/09/2018;7375000;empresarial ed.
masculino;servicio;fabrica de;manrique central no. 1;1;4.0;9/07/2018;7000000;agropecuaria
femenino;industria;fabrica de alimentos;calasanz;3;6.0;11/04/2016;1000000;agropecuaria
femenino;industria;fabrica de helados;san diego;2;9.0;22/05/2017;5500000;agropecuaria
femenino;industria;panaderia;santa elena central;3;6.0;24/11/2016;1000000;agropecuaria
masculino;servicio;fabrica de;robledo;1;4.0;25/05/2018;7800000;agropecuaria
femenino;comercio;mantenimiento en;andalucia;3;2.0;22/08/2016;7377000;agropecuaria
femenino;comercio;miscelanea;granizal;3;6.0;2/05/2017;7370000;agropecuaria
femenino;industria;fotografia;la america;2;9.0;11/06/2019;4400000;agropecuaria
femenino;industria;charcuteria;loreto;2;60.0;30/11/2018;8200000;agropecuaria
masculino;servicio;variedades;castilla;1;1.0;28/08/2017;5000000;agropecuaria
femenino;industria;variedades de helados;pablo vi;2;60.0;17/12/2018;6500000;agropecuaria
masculino;servicio;fabrica de;manrique central no. 1;1;4.0;23/03/2018;7000000;agropecuaria
masculino;comercio;peluqueria;moravia;3;2.0;20/10/2017;7300000;agropecuaria
masculino;comercio;peluqueria;doce de octubre no.1;3;5.0;12/09/2017;7300000;agropecuaria
masculino;servicio;comidas rapidas;cabecera san antonio;3;8.0;20/02/2017;3000000;agropecuaria
masculino;comercio;peluqueria;doce de octubre no.1;3;5.0;24/07/2018;7300000;agropecuaria
femenino;comercio;restaurante;villa hermosa;3;2.0;30/05/2017;7377000;agropecuaria
masculino;servicio;fabrica de;manrique central no. 1;1;4.0;16/04/2018;7800000;agropecuaria
masculino;comercio;peluqueria;moravia;3;2.0;13/08/2018;7300000;agropecuaria
masculino;comercio;almacen de ropa en;manrique oriental;3;5.0;3/04/2017;6890000;agropecuaria
masculino;servicio;tienda;popular;1;10.0;11/10/2017;6000000;agropecuaria
masculino;servicio;comidas rapidas;santo domingo savio;3;13.0;8/08/2017;3000000;agropecuaria
masculino;servicio;variedades;cabecera san cristobal;1;1.0;20/02/2018;5000000;agropecuaria
masculino;servicio;tienda;belen;1;7.0;10/04/2018;7000000;agropecuaria
masculino;servicio;fabrica de;robledo;1;4.0;14/03/2018;7800000;agropecuaria
masculino;servicio;variedades;cabecera san cristobal;1;1.0;7/04/2017;5000000;agropecuaria
masculino;servicio;fabrica de;robledo;1;4.0;22/05/2018;7800000;agropecuaria
masculino;servicio;tienda;aranjuez;1;10.0;9/03/2018;6000000;agropecuaria
masculino;servicio;comidas rapidas;santo domingo savio;1;13.0;14/08/2018;4000000;agropecuaria
masculino;servicio;fabrica de;robledo;1;4.0;14/09/2018;7800000;agropecuaria
masculino;servicio;comidas rapidas;santo domingo savio;3;13.0;27/07/2017;3000000;agropecuaria
masculino;servicio;variedades;cabecera san cristobal;1;1.0;18/07/2017;5000000;agropecuaria
masculino;servicio;comidas rapidas;manrique central no. 2;1;13.0;6/11/2018;4000000;agropecuaria
femenino;comercio;miscelanea;villatina;3;3.0;19/07/2018;7370000;agropecuaria
masculino;comercio;peluqueria;doce de octubre no.1;3;5.0;12/09/2017;7300000;agropecuaria
femenino;comercio;barberia;20 de julio;3;3.0;11/02/2019;2000000;agropecuaria
masculino;servicio;comidas rapidas;santa cruz;1;13.0;21/11/2017;4000000;agropecuaria
femenino;agropecuaria;hoteles moteles;parque norte;2;50.0;2018/07/25;4615000;juridica y cap.semilla
masculino;servicio;tienda;buenos aires;1;7.0;18/04/2017;6000000;agropecuaria
femenino;industria;joyeria;villa guadalupe;2;12.0;17/08/2016;2800000;agropecuaria
masculino;servicio;fabrica de;robledo;1;4.0;11/10/2018;7800000;agropecuaria
masculino;servicio;tienda;buenos aires;1;7.0;3/07/2018;6000000;agropecuaria
masculino;servicio;fabrica de;robledo;1;4.0;24/01/2018;7800000;agropecuaria
masculino;servicio;comidas rapidas;santo domingo savio;3;8.0;15/01/2019;3000000;agropecuaria
masculino;servicio;almacen de ropa en;campo valdes no. 1;3;8.0;21/04/2016;6890000;agropecuaria
masculino;servicio;fabrica de;robledo;1;4.0;14/09/2018;7800000;agropecuaria
masculino;servicio;tienda;belen;1;7.0;26/04/2018;7000000;agropecuaria
masculino;servicio;variedades;castilla;1;1.0;6/12/2018;5000000;agropecuaria
femenino;industria;granero;palmitas;2;9.0;20/04/2016;1200000;agropecuaria
masculino;comercio;peluqueria;la milagrosa;3;5.0;15/08/2017;7300000;agropecuaria
masculino;servicio;comidas rapidas;cabecera san antonio;3;8.0;10/11/2017;3000000;agropecuaria
masculino;servicio;fabrica de;robledo;1;4.0;14/03/2018;7800000;agropecuaria
masculino;comercio;almacen de ropa en;barrio caicedo;3;8.0;23/03/2017;6890000;agropecuaria
femenino;industria;carpinteria;13 de noviembre;2;9.0;6/02/2019;8281000;agropecuaria
masculino;servicio;comidas rapidas;cabecera san antonio;3;8.0;3/03/2017;3000000;agropecuaria
masculino;comercio;almacen de ropa en;manrique oriental;3;5.0;3/04/2017;6890000;agropecuaria
masculino;servicio;variedades;cabecera san cristobal;1;1.0;10/08/2018;5000000;agropecuaria
masculino;servicio;tienda;buenos aires;1;10.0;14/06/2018;6000000;agropecuaria
masculino;comercio;almacen de ropa en;barrio caicedo;3;5.0;23/08/2018;6890000;agropecuaria
femenino;industria;fotografia;la candelaria;2;9.0;22/11/2018;4400000;agropecuaria
masculino;comercio;peluqueria;la milagrosa;3;5.0;25/08/2016;7300000;agropecuaria
femenino;industria;publicidad y;la america;2;9.0;14/05/2019;4400000;agropecuaria
masculino;servicio;comidas rapidas;santo domingo savio;1;13.0;24/05/2018;3000000;agropecuaria
masculino;servicio;fabrica de;manrique central no. 1;1;7.0;6/07/2018;7000000;agropecuaria
femenino;industria;carniceria;los mangos;2;12.0;12/10/2018;600000;agropecuaria
masculino;servicio;fabrica de;robledo;1;4.0;11/10/2018;7800000;agropecuaria
masculino;servicio;almacen de ropa en;campo valdes no. 1;3;8.0;29/06/2017;3000000;agropecuaria
masculino;servicio;tienda;belen;1;7.0;23/05/2017;6000000;agropecuaria
masculino;servicio;fabrica de;san javier no.1;1;7.0;12/04/2018;7000000;agropecuaria
femenino;comercio;restaurante;villa hermosa;3;2.0;13/02/2017;7377000;agropecuaria
masculino;servicio;comidas rapidas;santo domingo savio;1;13.0;19/08/2016;4000000;agropecuaria
masculino;servicio;comidas rapidas;santo domingo savio;3;8.0;21/03/2018;3000000;agropecuaria
femenino;industria;productos de belleza;la francia;2;16.0;16/09/2016;1500000;agropecuaria
masculino;servicio;tienda;belen;1;7.0;2/03/2018;7000000;agropecuaria
femenino;industria;fabrica de alimentos;santander;3;6.0;4/12/2017;1000000;agropecuaria
masculino;servicio;fabrica de;manrique central no. 1;1;4.0;14/02/2018;7000000;agropecuaria
femenino;agropecuaria;servicios;la salle;2;15.0;2018/05/21;6870000;empresarial ed.
femenino;comercio;mantenimiento en;guayabal;3;2.0;17/05/2017;7377000;agropecuaria
masculino;servicio;variedades;manrique central no. 2;1;13.0;18/10/2017;4000000;agropecuaria
femenino;industria;fabrica de helados;san diego;2;9.0;30/01/2019;5500000;agropecuaria
masculino;servicio;fabrica de;robledo;1;4.0;25/04/2018;7800000;agropecuaria
masculino;servicio;fabrica de;robledo;1;4.0;4/04/2018;7800000;agropecuaria
masculino;servicio;comidas rapidas;santa cruz;1;13.0;19/01/2018;4000000;agropecuaria
masculino;servicio;variedades;castilla;1;1.0;26/02/2018;5000000;agropecuaria
masculino;servicio;fabrica de;robledo;1;4.0;25/04/2018;7800000;agropecuaria
masculino;servicio;tienda;buenos aires;1;7.0;8/02/2018;6000000;agropecuaria
masculino;servicio;almacen de ropa en;campo valdes no. 1;3;8.0;6/02/2017;3000000;agropecuaria
masculino;servicio;tienda;cabecera san cristobal;1;1.0;4/07/2018;5000000;agropecuaria
femenino;comercio;barberia;20 de julio;3;3.0;24/04/2019;2000000;agropecuaria
masculino;servicio;tienda;belen;1;7.0;31/10/2018;7000000;agropecuaria
masculino;servicio;comidas rapidas;santo domingo savio;1;13.0;26/10/2016;4000000;agropecuaria
masculino;servicio;tienda;aranjuez;1;10.0;12/02/2018;6000000;agropecuaria
femenino;comercio;miscelanea;villatina;3;3.0;28/09/2017;7370000;agropecuaria
masculino;servicio;fabrica de;san javier no.1;1;7.0;27/04/2018;7000000;agropecuaria
femenino;industria;fabrica de calzado;florencia;3;6.0;14/09/2017;6800000;agropecuaria
femenino;comercio;distribuidora de;pedregal;3;3.0;28/02/2017;2000000;agropecuaria
masculino;comercio;peluqueria;doce de octubre no.1;3;5.0;5/08/2016;6890000;agropecuaria
masculino;servicio;tienda;buenos aires;1;10.0;28/05/2018;6000000;agropecuaria
masculino;comercio;peluqueria;la milagrosa;3;5.0;1/11/2017;7300000;agropecuaria
masculino;servicio;tienda;belen;1;7.0;8/06/2018;7000000;agropecuaria
masculino;comercio;peluqueria;doce de octubre no.1;3;5.0;22/06/2017;6890000;agropecuaria
masculino;servicio;tienda;aranjuez;1;10.0;20/09/2018;6000000;agropecuaria
masculino;servicio;tienda;buenos aires;1;7.0;3/07/2018;6000000;agropecuaria
masculino;servicio;variedades;cabecera san cristobal;1;1.0;18/07/2017;5000000;agropecuaria
masculino;servicio;tienda;cabecera san cristobal;1;1.0;4/07/2018;5000000;agropecuaria
femenino;comercio;papeleria;aranjuezcito;3;3.0;15/06/2016;2000000;agropecuaria
femenino;industria;taller de mecanica;olaya herrera;2;60.0;27/10/2016;6500000;agropecuaria
femenino;industria;granero;palmitas;2;9.0;16/06/2016;1200000;agropecuaria
masculino;servicio;tienda;belen;1;7.0;10/04/2018;7000000;agropecuaria
masculino;comercio;almacen de ropa en;barrio caicedo;3;5.0;1/09/2017;6890000;agropecuaria
femenino;industria;charcuteria;loreto;2;60.0;18/10/2016;8200000;agropecuaria
femenino;industria;variedades de helados;pablo vi;2;60.0;10/07/2017;6500000;agropecuaria
femenino;industria;legumbreria;las palmas;2;16.0;8/07/2016;2500000;agropecuaria
masculino;servicio;variedades;enciso;1;1.0;19/04/2017;5000000;agropecuaria
masculino;servicio;comidas rapidas;manrique central no. 2;1;13.0;13/10/2017;4000000;agropecuaria
masculino;servicio;variedades;manrique central no. 2;1;13.0;18/10/2017;4000000;agropecuaria
femenino;industria;panaderia;boston;3;6.0;3/06/2016;3500000;agropecuaria
masculino;servicio;fabrica de;robledo;1;4.0;14/09/2018;7800000;agropecuaria
masculino;servicio;tienda;popular;1;10.0;20/04/2018;6000000;agropecuaria
femenino;comercio;restaurante;villa hermosa;3;2.0;9/08/2017;7377000;agropecuaria
femenino;industria;bares;tricentenario;2;80.0;24/05/2016;30000000;agropecuaria
masculino;servicio;variedades;castilla;1;1.0;12/06/2018;5000000;agropecuaria
masculino;servicio;tienda;popular;1;10.0;23/04/2018;6000000;agropecuaria
femenino;industria;cafeteria;juan xxiii la quiebra;2;16.0;15/09/2016;1500000;agropecuaria
masculino;comercio;almacen de ropa en;manrique oriental;3;5.0;1/11/2016;6890000;agropecuaria
femenino;industria;sembrados;la pradera;2;60.0;1/03/2016;7500000;agropecuaria
masculino;servicio;tienda;aranjuez;1;10.0;2/02/2018;6000000;agropecuaria
femenino;comercio;restaurante;villa hermosa;3;2.0;31/01/2017;7377000;agropecuaria
masculino;servicio;tienda;belen;1;7.0;22/03/2018;7000000;agropecuaria
masculino;servicio;fabrica de;robledo;1;4.0;25/04/2018;7800000;agropecuaria
masculino;servicio;variedades;enciso;1;1.0;28/06/2017;4000000;agropecuaria
femenino;agropecuaria;productos de mar;brasilia;2;70.0;23/05/2016;248896;juridica y cap.semilla
femenino;industria;criadero de animales;boyaca;2;60.0;19/06/2019;8000000;agropecuaria
masculino;servicio;comidas rapidas;cabecera san antonio;3;8.0;7/04/2016;3000000;agropecuaria
masculino;servicio;fabrica de;san javier no.1;1;7.0;29/10/2018;7000000;agropecuaria
femenino;industria;fabrica de helados;blanquizal;2;9.0;18/03/2016;7812000;agropecuaria
masculino;servicio;comidas rapidas;santa cruz;1;13.0;21/11/2017;4000000;agropecuaria
femenino;industria;deposito de;el poblado;2;15.0;31/03/2016;78000000;agropecuaria
masculino;comercio;peluqueria;doce de octubre no.1;3;5.0;21/11/2018;7300000;agropecuaria
masculino;servicio;fabrica de;robledo;1;4.0;22/05/2018;7800000;agropecuaria
femenino;industria;cafeteria;alfonso lopez;2;16.0;20/01/2017;4500000;agropecuaria
femenino;comercio;miscelanea;playon de los;3;3.0;5/06/2019;7370000;agropecuaria
femenino;industria;carniceria;los mangos;2;12.0;2018/10/25;4700000;agropecuaria
femenino;industria;joyeria;jesus nazareno;2;12.0;10/01/2018;4600000;agropecuaria
masculino;servicio;fabrica de;robledo;1;4.0;6/02/2018;7800000;agropecuaria
masculino;servicio;fabrica de;robledo;1;4.0;23/05/2018;7800000;agropecuaria
femenino;industria;fabrica de alimentos;santander;3;6.0;15/02/2017;6800000;agropecuaria
masculino;servicio;fabrica de;robledo;1;4.0;22/06/2018;7800000;agropecuaria
masculino;servicio;variedades;castilla;1;1.0;12/06/2018;5000000;agropecuaria
masculino;servicio;variedades;castilla;1;1.0;4/08/2017;5000000;agropecuaria
masculino;comercio;peluqueria;doce de octubre no.1;3;5.0;14/03/2017;7300000;agropecuaria
femenino;industria;cerrajeria;tricentenario;2;80.0;24/08/2016;30000000;agropecuaria
masculino;servicio;almacen de ropa en;campo valdes no. 1;3;8.0;29/01/2018;3000000;agropecuaria
masculino;servicio;comidas rapidas;santa cruz;1;13.0;23/11/2016;4000000;agropecuaria
masculino;servicio;fabrica de;manrique central no. 1;1;4.0;16/04/2018;7800000;agropecuaria
femenino;comercio;distribuidora de;pedregal;3;3.0;28/02/2017;2000000;agropecuaria
femenino;industria;taller de electronica;la loma;2;80.0;28/06/2016;6400000;agropecuaria
masculino;servicio;fabrica de;robledo;1;4.0;22/05/2018;7800000;agropecuaria
femenino;industria;sembrados;prado;2;9.0;6/06/2019;8281000;agropecuaria
femenino;industria;reciclaje;campo amor;2;15.0;10/06/2019;781000;agropecuaria
masculino;servicio;fabrica de;robledo;1;4.0;5/07/2018;7800000;agropecuaria
masculino;servicio;fabrica de;san javier no.1;1;7.0;27/04/2018;7000000;agropecuaria
masculino;servicio;variedades;castilla;1;1.0;8/11/2017;5000000;agropecuaria
masculino;servicio;comidas rapidas;campo valdes no. 1;3;8.0;14/06/2016;3000000;agropecuaria
masculino;servicio;comidas rapidas;manrique central no. 2;1;13.0;6/11/2018;4000000;agropecuaria
masculino;servicio;comidas rapidas;cabecera san antonio;3;8.0;29/09/2017;3000000;agropecuaria
masculino;servicio;variedades;manrique central no. 2;1;13.0;17/08/2018;4000000;agropecuaria
masculino;servicio;fabrica de;san javier no.1;1;7.0;5/09/2018;7000000;agropecuaria
masculino;servicio;tienda;aranjuez;1;10.0;20/03/2018;6000000;agropecuaria
femenino;industria;ferreteria;santa lucia;2;60.0;1/09/2016;7500000;agropecuaria
femenino;comercio;mantenimiento en;andalucia;3;2.0;3/10/2017;7377000;agropecuaria
femenino;industria;marroquineria;bel¿n;2;15.0;20/12/2017;6350000;agropecuaria
masculino;servicio;tienda;belen;1;7.0;26/04/2018;7000000;agropecuaria
masculino;servicio;fabrica de;san javier no.1;1;7.0;23/02/2017;7000000;agropecuaria
femenino;comercio;distribuidora de;andalucia;3;3.0;23/02/2018;2000000;agropecuaria
masculino;servicio;fabrica de;robledo;1;4.0;14/03/2018;7800000;agropecuaria
femenino;industria;recreativo educativo;las palmas;2;16.0;30/09/2016;2500000;agropecuaria
femenino;industria;fabrica de arepas;san antonio;2;12.0;27/09/2016;5250000;agropecuaria
femenino;industria;recreativo educativo;alfonso lopez;2;16.0;19/02/2018;4500000;agropecuaria
masculino;servicio;tienda;aranjuez;1;10.0;18/01/2019;6000000;agropecuaria
masculino;servicio;variedades;cabecera san cristobal;1;1.0;26/02/2018;5000000;agropecuaria
masculino;servicio;tienda;buenos aires;1;10.0;12/07/2018;6000000;agropecuaria
masculino;servicio;tienda;buenos aires;1;10.0;9/02/2018;6000000;agropecuaria
masculino;comercio;peluqueria;doce de octubre no.1;3;5.0;12/09/2017;7300000;agropecuaria
femenino;industria;panaderia;calasanz;3;6.0;6/12/2017;1000000;agropecuaria
masculino;servicio;fabrica de;robledo;1;4.0;24/10/2018;7800000;agropecuaria
femenino;comercio;distribuidora de;pedregal;3;3.0;25/01/2017;2000000;agropecuaria
femenino;comercio;papeleria;aranjuezcito;3;3.0;22/12/2017;2000000;agropecuaria
masculino;servicio;variedades;enciso;1;1.0;20/09/2017;5000000;agropecuaria
femenino;industria;fabrica de calzado;picacho;3;6.0;15/03/2017;6800000;agropecuaria
femenino;comercio;restaurante;el salvador;3;2.0;4/12/2018;7377000;agropecuaria
masculino;servicio;tienda;belen;1;7.0;13/09/2017;7000000;agropecuaria
masculino;servicio;comidas rapidas;santa cruz;1;13.0;23/11/2016;4000000;agropecuaria
femenino;industria;cafe e internet;centro admtivo;2;6.0;8/09/2016;3500000;agropecuaria
masculino;servicio;fabrica de;san javier no.1;1;7.0;7/05/2018;7000000;agropecuaria
masculino;servicio;fabrica de;robledo;1;4.0;6/03/2018;7800000;agropecuaria
femenino;industria;productos de belleza;la francia;2;16.0;22/11/2017;1500000;agropecuaria
femenino;industria;fabrica de colchones;el salado;2;15.0;11/03/2019;28267000;agropecuaria
femenino;industria;taller de electronica;la sierra;2;80.0;9/06/2016;6400000;agropecuaria
masculino;servicio;comidas rapidas;campo valdes no. 1;3;8.0;28/10/2016;3000000;agropecuaria
femenino;industria;taller de mecanica;olaya herrera;2;60.0;11/12/2018;6500000;agropecuaria
masculino;servicio;fabrica de;robledo;1;4.0;24/09/2018;7800000;agropecuaria
femenino;agropecuaria;lavadero de;maria cano;2;15.0;27/12/2016;3345000;empresarial ed.
femenino;industria;cafeteria;llanaditas;2;16.0;6/05/2016;4500000;agropecuaria
masculino;servicio;fabrica de;robledo;1;4.0;1/08/2018;7800000;agropecuaria
femenino;industria;fabrica de alimentos;santander;3;6.0;15/02/2017;6800000;agropecuaria
femenino;industria;charcuteria;loreto;2;60.0;24/05/2019;8200000;agropecuaria
masculino;servicio;tienda;aranjuez;1;10.0;20/03/2018;6000000;agropecuaria
masculino;servicio;fabrica de;robledo;1;4.0;25/04/2018;7800000;agropecuaria
masculino;servicio;fabrica de;manrique central no. 1;1;4.0;29/08/2018;7800000;agropecuaria
masculino;servicio;comidas rapidas;santo domingo savio;3;8.0;21/03/2018;3000000;agropecuaria
femenino;industria;carpinteria;toscana;2;9.0;15/04/2016;8281000;agropecuaria
masculino;servicio;variedades;cabecera san cristobal;1;1.0;21/05/2018;5000000;agropecuaria
masculino;servicio;fabrica de;manrique central no. 1;1;7.0;14/11/2018;7000000;agropecuaria
masculino;servicio;tienda;aranjuez;1;10.0;19/05/2017;6000000;agropecuaria
femenino;industria;criadero de animales;villa del socorro;2;60.0;11/11/2016;8000000;agropecuaria
femenino;industria;charcuteria;francisco antonio zea;2;60.0;8/08/2016;8200000;agropecuaria
femenino;industria;panaderia;boston;3;6.0;13/06/2018;3500000;agropecuaria
masculino;comercio;almacen de ropa en;barrio caicedo;3;8.0;19/01/2017;6890000;agropecuaria
masculino;servicio;comidas rapidas;santo domingo savio;1;13.0;12/07/2016;3000000;agropecuaria
masculino;servicio;tienda;buenos aires;1;7.0;16/05/2018;6000000;agropecuaria
masculino;servicio;comidas rapidas;cabecera san antonio;3;8.0;27/11/2017;3000000;agropecuaria
femenino;industria;cafeteria;llanaditas;2;16.0;15/07/2016;4500000;agropecuaria
femenino;industria;variedades naturista;el chagualo;2;12.0;28/12/2018;16000000;agropecuaria
femenino;comercio;miscelanea;playon de los;3;3.0;16/11/2018;7370000;agropecuaria
femenino;comercio;mantenimiento en;guayabal;3;2.0;1/03/2017;7377000;agropecuaria
masculino;servicio;variedades;cabecera san cristobal;1;1.0;30/06/2017;5000000;agropecuaria
masculino;servicio;variedades;manrique central no. 2;1;13.0;22/11/2016;4000000;agropecuaria
femenino;comercio;restaurante;villa hermosa;3;2.0;30/05/2017;7377000;agropecuaria
masculino;servicio;fabrica de;robledo;1;4.0;14/03/2018;7800000;agropecuaria
masculino;servicio;fabrica de;robledo;1;4.0;6/06/2017;7800000;agropecuaria
femenino;industria;variedades naturista;la avanzada;2;80.0;2/08/2016;1300000;agropecuaria
masculino;servicio;fabrica de;robledo;1;4.0;25/05/2018;7800000;agropecuaria
masculino;comercio;peluqueria;doce de octubre no.1;3;5.0;13/09/2016;7300000;agropecuaria
masculino;servicio;tienda;aranjuez;1;10.0;17/07/2017;6000000;agropecuaria
femenino;comercio;restaurante;villa hermosa;3;2.0;14/11/2017;7377000;agropecuaria
masculino;servicio;comidas rapidas;cabecera san antonio;3;8.0;30/03/2017;3000000;agropecuaria
masculino;servicio;comidas rapidas;santa cruz;1;13.0;13/02/2019;4000000;agropecuaria
femenino;agropecuaria;lenceria para el;antonio nari¿o;2;14.0;2017/12/19;73700000;credioportuno
femenino;industria;ferreteria;kennedy;2;60.0;19/07/2016;7500000;agropecuaria
masculino;servicio;comidas rapidas;santo domingo savio;3;8.0;10/11/2016;3000000;agropecuaria
masculino;servicio;fabrica de;manrique central no. 1;1;4.0;25/07/2018;7800000;agropecuaria
femenino;comercio;fabrica de calzado;florencia;3;6.0;28/02/2019;6800000;agropecuaria
masculino;servicio;fabrica de;san javier no.1;1;7.0;7/02/2018;7000000;agropecuaria
masculino;servicio;comidas rapidas;manrique central no. 2;1;13.0;28/07/2017;4000000;agropecuaria
femenino;industria;fabrica de helados;lopez de mesa;2;9.0;11/05/2016;5500000;agropecuaria
femenino;industria;variedades naturista;el chagualo;2;12.0;29/06/2016;4100000;agropecuaria
femenino;industria;publicidad y;el socorro;2;9.0;27/11/2018;7812000;agropecuaria
masculino;servicio;comidas rapidas;santa cruz;1;13.0;23/10/2017;4000000;agropecuaria
femenino;comercio;restaurante;el salvador;3;2.0;25/11/2016;7377000;agropecuaria
femenino;comercio;mantenimiento en;guayabal;3;2.0;17/05/2017;7377000;agropecuaria
femenino;industria;organización y;campo valdes no. 2;2;80.0;31/08/2016;8280000;agropecuaria
masculino;servicio;tienda;buenos aires;1;10.0;3/07/2018;6000000;agropecuaria
masculino;servicio;comidas rapidas;manrique central no. 2;1;13.0;7/11/2018;4000000;agropecuaria
femenino;comercio;restaurante;el salvador;3;2.0;9/11/2016;7377000;agropecuaria
masculino;servicio;fabrica de;manrique central no. 1;1;4.0;23/03/2018;7000000;agropecuaria
masculino;servicio;comidas rapidas;manrique central no. 2;1;13.0;7/11/2018;4000000;agropecuaria
masculino;servicio;variedades;cabecera san cristobal;1;1.0;19/07/2017;5000000;agropecuaria
masculino;servicio;variedades;cabecera san cristobal;1;1.0;22/02/2018;5000000;agropecuaria
masculino;servicio;fabrica de;manrique central no. 1;1;4.0;13/07/2017;7800000;agropecuaria
femenino;industria;fabrica de alimentos;picacho;3;6.0;23/09/2016;6800000;agropecuaria
masculino;comercio;almacen de ropa en;manrique oriental;3;5.0;3/04/2017;6890000;agropecuaria
masculino;servicio;fabrica de;robledo;1;4.0;25/04/2018;7800000;agropecuaria
masculino;servicio;variedades;enciso;1;1.0;17/11/2017;5000000;agropecuaria
masculino;servicio;tienda;belen;1;7.0;10/04/2018;7000000;agropecuaria
masculino;servicio;almacen de ropa en;campo valdes no. 1;3;8.0;18/08/2017;3000000;agropecuaria
masculino;servicio;fabrica de;robledo;1;4.0;10/07/2018;7800000;agropecuaria
femenino;comercio;restaurante;el salvador;3;2.0;4/12/2018;7377000;agropecuaria
masculino;servicio;comidas rapidas;campo valdes no. 1;3;8.0;3/08/2017;3000000;agropecuaria
femenino;comercio;restaurante;villa hermosa;3;2.0;15/09/2017;7377000;agropecuaria
femenino;industria;ebanistaria;cristo rey;2;12.0;18/12/2018;73000000;agropecuaria
masculino;servicio;fabrica de;san javier no.1;1;7.0;13/03/2018;7000000;agropecuaria
masculino;servicio;variedades;enciso;1;1.0;24/04/2018;5000000;agropecuaria
masculino;servicio;tienda;buenos aires;1;10.0;14/06/2018;6000000;agropecuaria
masculino;servicio;comidas rapidas;cabecera san antonio;3;8.0;3/03/2017;3000000;agropecuaria
masculino;servicio;tienda;cabecera san cristobal;1;1.0;22/02/2017;5000000;agropecuaria
femenino;comercio;restaurante;villa hermosa;3;2.0;9/08/2017;7377000;agropecuaria
masculino;servicio;tienda;buenos aires;1;7.0;13/12/2016;6000000;agropecuaria
femenino;comercio;restaurante;el salvador;3;2.0;25/11/2016;7377000;agropecuaria
femenino;industria;publicidad y;el socorro;2;9.0;7/12/2018;7812000;agropecuaria
masculino;servicio;variedades;castilla;1;1.0;5/09/2017;5000000;agropecuaria
masculino;servicio;tienda;popular;1;10.0;30/05/2018;6000000;agropecuaria
masculino;servicio;tienda;belen;1;7.0;21/03/2017;6000000;agropecuaria
masculino;comercio;peluqueria;doce de octubre no.1;3;5.0;26/05/2016;6890000;agropecuaria
femenino;comercio;mantenimiento en;guayabal;3;2.0;5/04/2016;7377000;agropecuaria
masculino;servicio;comidas rapidas;cabecera san antonio;3;8.0;13/01/2017;3000000;agropecuaria
masculino;servicio;variedades;enciso;1;1.0;4/07/2017;5000000;agropecuaria
masculino;servicio;fabrica de;robledo;1;4.0;24/09/2018;7800000;agropecuaria
masculino;comercio;peluqueria;la milagrosa;3;5.0;25/08/2016;7300000;agropecuaria
masculino;servicio;variedades;cabecera san cristobal;1;1.0;12/10/2017;5000000;agropecuaria
masculino;servicio;tienda;belen;1;7.0;21/03/2017;6000000;agropecuaria
masculino;servicio;tienda;popular;1;10.0;12/03/2018;6000000;agropecuaria
masculino;servicio;variedades;enciso;1;1.0;6/09/2017;5000000;agropecuaria
masculino;comercio;almacen de ropa en;manrique oriental;3;5.0;24/10/2016;6890000;agropecuaria
masculino;servicio;tienda;buenos aires;1;7.0;12/06/2017;6000000;agropecuaria
masculino;servicio;variedades;cabecera san cristobal;1;1.0;22/02/2018;5000000;agropecuaria
masculino;servicio;variedades;cabecera san cristobal;1;1.0;19/07/2017;5000000;agropecuaria
masculino;servicio;fabrica de;san javier no.1;1;7.0;30/01/2018;7000000;agropecuaria
femenino;industria;recreativo educativo;alfonso lopez;2;16.0;14/08/2017;4500000;agropecuaria
masculino;servicio;variedades;castilla;1;1.0;5/09/2017;5000000;agropecuaria
femenino;industria;publicidad y;el socorro;2;9.0;7/12/2018;7812000;agropecuaria
masculino;servicio;fabrica de;manrique central no. 1;1;4.0;4/05/2018;7000000;agropecuaria
masculino;servicio;almacen de ropa en;campo valdes no. 1;3;8.0;4/09/2017;3000000;agropecuaria
masculino;comercio;almacen de ropa en;barrio caicedo;3;5.0;2/08/2017;6890000;agropecuaria
masculino;comercio;almacen de ropa en;barrio caicedo;3;8.0;9/11/2018;6890000;agropecuaria
femenino;industria;ferreteria;kennedy;2;60.0;19/07/2016;7500000;agropecuaria
femenino;comercio;distribuidora de;andalucia;3;3.0;29/03/2016;2000000;agropecuaria
masculino;servicio;tienda;aranjuez;1;10.0;8/05/2018;6000000;agropecuaria
femenino;industria;venta de calzado;san jose de la cima no.;2;80.0;29/01/2019;7200000;agropecuaria
masculino;servicio;variedades;enciso;1;1.0;24/04/2018;5000000;agropecuaria
masculino;servicio;fabrica de;san javier no.1;1;7.0;29/05/2018;7000000;agropecuaria
masculino;servicio;comidas rapidas;cabecera san antonio;3;8.0;16/01/2018;3000000;agropecuaria
masculino;servicio;comidas rapidas;santa cruz;1;13.0;15/11/2018;4000000;agropecuaria
masculino;servicio;variedades;castilla;1;1.0;8/11/2017;5000000;agropecuaria
masculino;servicio;comidas rapidas;cabecera san antonio;3;8.0;27/06/2017;3000000;agropecuaria
masculino;servicio;variedades;castilla;1;1.0;5/09/2017;5000000;agropecuaria
femenino;comercio;distribuidora de;pedregal;3;3.0;13/03/2017;2000000;agropecuaria
masculino;comercio;peluqueria;moravia;3;2.0;4/11/2016;7300000;agropecuaria
masculino;servicio;comidas rapidas;cabecera san antonio;3;8.0;10/11/2017;3000000;agropecuaria
masculino;servicio;comidas rapidas;santa cruz;1;13.0;18/09/2017;4000000;agropecuaria
masculino;comercio;peluqueria;moravia;3;2.0;22/01/2019;7300000;agropecuaria
femenino;industria;licorera;calasanz parte alta;2;15.0;5/01/2018;22000000;agropecuaria
femenino;agropecuaria;venta de pollos;rosales;2;70.0;2017/06/8;7372000;microempresarial
femenino;industria;cafe e internet;centro admtivo;2;6.0;11/09/2017;3500000;agropecuaria
masculino;servicio;comidas rapidas;santo domingo savio;3;8.0;21/03/2018;3000000;agropecuaria
masculino;servicio;variedades;castilla;1;1.0;20/06/2018;5000000;agropecuaria
masculino;servicio;fabrica de;san javier no.1;1;7.0;30/01/2018;7000000;agropecuaria
femenino;industria;granero;belalcazar;2;9.0;18/02/2016;1200000;agropecuaria
femenino;industria;cafeteria;juan xxiii la quiebra;2;16.0;21/09/2018;1500000;agropecuaria
masculino;servicio;comidas rapidas;campo valdes no. 1;3;8.0;22/09/2016;3000000;agropecuaria
masculino;servicio;comidas rapidas;santa cruz;1;13.0;23/07/2018;4000000;agropecuaria
masculino;servicio;comidas rapidas;cabecera san antonio;3;8.0;27/06/2017;3000000;agropecuaria
masculino;servicio;tienda;aranjuez;1;10.0;9/03/2018;6000000;agropecuaria
masculino;servicio;comidas rapidas;santa cruz;1;13.0;21/11/2017;4000000;agropecuaria
femenino;comercio;miscelanea;villatina;3;3.0;28/09/2017;7370000;agropecuaria
femenino;comercio;fabrica de calzado;florencia;3;6.0;1/04/2019;6800000;agropecuaria
masculino;comercio;peluqueria;doce de octubre no.1;3;5.0;26/05/2016;6890000;agropecuaria
masculino;servicio;tienda;aranjuez;1;10.0;2/08/2018;6000000;agropecuaria
masculino;comercio;almacen de ropa en;manrique oriental;3;5.0;24/10/2016;6890000;agropecuaria
masculino;servicio;variedades;cabecera san cristobal;1;1.0;22/02/2018;5000000;agropecuaria
masculino;servicio;tienda;belen;1;7.0;2/03/2018;7000000;agropecuaria
masculino;servicio;tienda;aranjuez;1;10.0;20/09/2018;6000000;agropecuaria
masculino;comercio;peluqueria;manrique oriental;3;5.0;12/05/2017;6890000;agropecuaria
masculino;servicio;tienda;popular;1;10.0;30/05/2018;6000000;agropecuaria
femenino;industria;taller de electronica;la sierra;2;80.0;9/06/2016;6400000;agropecuaria
masculino;comercio;peluqueria;moravia;3;2.0;22/01/2019;7300000;agropecuaria
masculino;servicio;tienda;popular;1;10.0;26/09/2017;5000000;agropecuaria
femenino;industria;taller de electronica;la sierra;2;80.0;28/06/2016;6400000;agropecuaria
femenino;industria;fabrica de alimentos;picacho;3;6.0;14/12/2016;6800000;agropecuaria
masculino;servicio;variedades;enciso;1;1.0;18/05/2018;5000000;agropecuaria
masculino;servicio;tienda;san javier no.1;1;7.0;16/02/2018;7000000;agropecuaria
femenino;industria;variedades naturista;la avanzada;2;80.0;4/02/2016;1300000;agropecuaria
masculino;servicio;comidas rapidas;santo domingo savio;3;8.0;23/11/2017;3000000;agropecuaria
masculino;servicio;variedades;cabecera san cristobal;1;1.0;20/02/2018;5000000;agropecuaria
femenino;industria;gimnasio;el salado;2;15.0;11/03/2019;28267000;agropecuaria
masculino;comercio;almacen de ropa en;manrique oriental;3;5.0;9/02/2017;6890000;agropecuaria
femenino;comercio;mantenimiento en;andalucia;3;2.0;20/04/2017;7377000;agropecuaria
masculino;comercio;almacen de ropa en;manrique oriental;3;5.0;5/06/2017;6890000;agropecuaria
masculino;servicio;fabrica de;san javier no.1;1;7.0;29/05/2018;7000000;agropecuaria
masculino;servicio;fabrica de;manrique central no. 1;1;4.0;9/07/2018;7000000;agropecuaria
masculino;comercio;peluqueria;la milagrosa;3;5.0;26/09/2016;7300000;agropecuaria
masculino;servicio;fabrica de;san javier no.1;1;7.0;9/05/2018;7000000;agropecuaria
masculino;servicio;tienda;buenos aires;1;10.0;10/05/2018;6000000;agropecuaria
femenino;industria;fabrica de arepas;san antonio;2;12.0;29/11/2018;17000000;agropecuaria
femenino;industria;cafeteria;llanaditas;2;16.0;10/05/2016;4500000;agropecuaria
masculino;comercio;almacen de ropa en;manrique oriental;3;5.0;13/11/2018;6890000;agropecuaria
femenino;comercio;barberia;20 de julio;3;3.0;18/03/2019;7370000;agropecuaria
femenino;comercio;miscelanea;playon de los;3;3.0;5/06/2019;7370000;agropecuaria
masculino;comercio;peluqueria;la milagrosa;3;5.0;29/04/2019;7300000;agropecuaria
masculino;servicio;variedades;enciso;1;1.0;8/03/2018;4000000;agropecuaria
femenino;comercio;barberia;villatina;3;3.0;14/10/2016;7370000;agropecuaria
masculino;servicio;variedades;castilla;1;1.0;22/03/2017;5000000;agropecuaria
masculino;servicio;tienda;aranjuez;1;10.0;18/01/2019;6000000;agropecuaria
masculino;servicio;tienda;buenos aires;1;10.0;12/07/2018;6000000;agropecuaria
femenino;industria;carpinteria;13 de noviembre;2;9.0;16/08/2016;8281000;agropecuaria
masculino;servicio;variedades;manrique central no. 2;1;13.0;13/10/2017;4000000;agropecuaria
masculino;servicio;variedades;castilla;1;1.0;11/04/2018;5000000;agropecuaria
masculino;servicio;fabrica de;robledo;1;4.0;3/10/2018;7800000;agropecuaria
femenino;industria;lavanderia;palermo;2;12.0;29/11/2018;17000000;agropecuaria
masculino;servicio;tienda;aranjuez;1;10.0;20/03/2018;6000000;agropecuaria
femenino;agropecuaria;alquiler de peliculas;betania;2;14.0;2018/04/27;4136729;credioportuno
masculino;comercio;peluqueria;manrique oriental;3;5.0;1/08/2017;6890000;agropecuaria
femenino;industria;criadero de animales;villa niza;2;60.0;19/09/2016;8000000;agropecuaria
masculino;servicio;fabrica de;san javier no.1;1;7.0;7/05/2018;7000000;agropecuaria
masculino;servicio;fabrica de;robledo;1;4.0;25/10/2018;7800000;agropecuaria
masculino;comercio;peluqueria;doce de octubre no.1;3;5.0;13/09/2016;7300000;agropecuaria
masculino;servicio;tienda;aranjuez;1;10.0;28/02/2018;6000000;agropecuaria
femenino;industria;lavanderia;san german;2;12.0;28/01/2019;7600000;agropecuaria
masculino;servicio;tienda;belen;1;7.0;21/03/2017;6000000;agropecuaria
femenino;comercio;mantenimiento en;andalucia;3;2.0;20/04/2017;7377000;agropecuaria
masculino;servicio;tienda;buenos aires;1;10.0;12/07/2018;6000000;agropecuaria
masculino;servicio;fabrica de;robledo;1;4.0;13/02/2018;7800000;agropecuaria
masculino;servicio;tienda;belen;1;7.0;16/02/2018;7000000;agropecuaria
masculino;servicio;comidas rapidas;santa cruz;1;13.0;29/11/2017;4000000;agropecuaria
masculino;servicio;almacen de ropa en;campo valdes no. 1;3;8.0;1/11/2018;3000000;agropecuaria
masculino;servicio;fabrica de;manrique central no. 1;1;7.0;16/07/2018;7000000;agropecuaria
masculino;servicio;fabrica de;san javier no.1;1;7.0;23/02/2017;7000000;agropecuaria
femenino;industria;taller de electronica;la loma;2;80.0;28/06/2016;6400000;agropecuaria
masculino;servicio;variedades;enciso;1;1.0;19/04/2017;5000000;agropecuaria
masculino;servicio;comidas rapidas;cabecera san antonio;3;8.0;20/11/2018;3000000;agropecuaria
femenino;comercio;papeleria;aranjuezcito;3;3.0;4/10/2016;2000000;agropecuaria
masculino;servicio;variedades;castilla;1;1.0;20/06/2018;5000000;agropecuaria
masculino;comercio;peluqueria;doce de octubre no.1;3;5.0;29/08/2017;7300000;agropecuaria
femenino;industria;granero;palmitas;2;9.0;19/03/2019;1200000;agropecuaria
masculino;comercio;peluqueria;doce de octubre no.1;3;5.0;14/03/2017;7300000;agropecuaria
masculino;servicio;variedades;castilla;1;1.0;5/09/2017;5000000;agropecuaria
femenino;comercio;fabrica de calzado;granizal;3;6.0;23/01/2018;7370000;agropecuaria
masculino;servicio;variedades;enciso;1;13.0;16/03/2018;4000000;agropecuaria
masculino;servicio;fabrica de;robledo;1;4.0;24/09/2018;7800000;agropecuaria
masculino;servicio;variedades;castilla;1;1.0;20/06/2018;5000000;agropecuaria
masculino;comercio;peluqueria;moravia;3;2.0;27/07/2016;7300000;agropecuaria
masculino;servicio;fabrica de;robledo;1;4.0;24/09/2018;7800000;agropecuaria
masculino;servicio;comidas rapidas;cabecera san antonio;3;8.0;27/11/2017;3000000;agropecuaria
femenino;industria;cafe e internet;carpinelo;2;16.0;7/06/2016;3500000;agropecuaria
femenino;comercio;barberia;20 de julio;3;3.0;8/09/2017;2000000;agropecuaria
masculino;servicio;fabrica de;robledo;1;4.0;5/06/2018;7800000;agropecuaria
masculino;servicio;fabrica de;robledo;1;4.0;14/09/2018;7800000;agropecuaria
masculino;servicio;tienda;popular;1;10.0;13/07/2018;6000000;agropecuaria
masculino;comercio;peluqueria;la milagrosa;3;5.0;3/05/2019;7300000;agropecuaria
masculino;servicio;tienda;popular;1;10.0;30/05/2018;6000000;agropecuaria
masculino;servicio;tienda;aranjuez;1;10.0;8/05/2018;6000000;agropecuaria
masculino;servicio;tienda;buenos aires;1;7.0;16/05/2018;6000000;agropecuaria
femenino;comercio;papeleria;aranjuezcito;3;3.0;30/07/2018;2000000;agropecuaria
masculino;servicio;fabrica de;robledo;1;4.0;14/09/2018;7800000;agropecuaria
masculino;servicio;variedades;cabecera san cristobal;1;1.0;30/06/2017;5000000;agropecuaria
masculino;comercio;peluqueria;la milagrosa;3;5.0;25/08/2016;7300000;agropecuaria
femenino;industria;cafe e internet;carpinelo;2;6.0;23/08/2017;3500000;agropecuaria
femenino;industria;fabrica de arepas;la colina;2;12.0;2017/05/31;4800000;agropecuaria
masculino;servicio;variedades;castilla;1;1.0;30/04/2018;5000000;agropecuaria
femenino;comercio;mantenimiento en;guayabal;3;2.0;1/02/2017;7377000;agropecuaria
femenino;comercio;restaurante;villa hermosa;3;2.0;13/02/2017;7377000;agropecuaria
masculino;servicio;comidas rapidas;manrique central no. 2;1;13.0;5/03/2018;4000000;agropecuaria
masculino;servicio;variedades;enciso;1;1.0;8/03/2018;4000000;agropecuaria
masculino;comercio;peluqueria;doce de octubre no.1;3;5.0;24/07/2018;7300000;agropecuaria
masculino;servicio;variedades;enciso;1;1.0;28/06/2017;4000000;agropecuaria
masculino;servicio;tienda;aranjuez;1;10.0;27/03/2017;6000000;agropecuaria
masculino;comercio;peluqueria;doce de octubre no.1;3;5.0;29/08/2017;7300000;agropecuaria
femenino;industria;fabrica de repuestos;las violetas;2;15.0;2018/02/20;6600000;agropecuaria
masculino;servicio;tienda;belen;1;7.0;3/04/2018;7000000;agropecuaria
masculino;servicio;fabrica de;robledo;1;4.0;22/06/2018;7800000;agropecuaria
masculino;servicio;tienda;belen;1;7.0;22/03/2018;7000000;agropecuaria
masculino;servicio;fabrica de;san javier no.1;1;7.0;12/04/2018;7000000;agropecuaria
masculino;servicio;fabrica de;manrique central no. 1;1;4.0;7/12/2016;7800000;agropecuaria
femenino;industria;marroquineria;juan pablo ii;2;15.0;18/01/2018;2700000;agropecuaria
femenino;comercio;miscelanea;playon de los;3;3.0;28/04/2017;7370000;agropecuaria
masculino;comercio;peluqueria;doce de octubre no.1;3;5.0;13/09/2016;7300000;agropecuaria
masculino;servicio;fabrica de;san javier no.1;1;7.0;22/09/2017;7000000;agropecuaria
masculino;servicio;tienda;aranjuez;1;10.0;28/02/2018;6000000;agropecuaria
masculino;comercio;almacen de ropa en;barrio caicedo;3;8.0;8/03/2017;6890000;agropecuaria
masculino;servicio;variedades;cabecera san cristobal;1;1.0;19/07/2017;5000000;agropecuaria
masculino;servicio;fabrica de;robledo;1;4.0;14/09/2018;7800000;agropecuaria
masculino;servicio;fabrica de;manrique central no. 1;1;4.0;29/08/2018;7800000;agropecuaria
femenino;comercio;papeleria;aranjuezcito;3;3.0;27/10/2017;2000000;agropecuaria
femenino;industria;legumbreria;trinidad;2;16.0;17/10/2017;2500000;agropecuaria
masculino;servicio;fabrica de;robledo;1;4.0;14/03/2018;7800000;agropecuaria
masculino;servicio;almacen de ropa en;campo valdes no. 1;3;8.0;21/04/2016;6890000;agropecuaria
femenino;industria;taller de electronica;la libertad;2;80.0;16/02/2016;20000000;agropecuaria
femenino;industria;fabrica de helados;lopez de mesa;2;9.0;28/03/2016;5500000;agropecuaria
femenino;agropecuaria;lavadero de;maria cano;2;15.0;2016/11/8;737717;empresarial ed.
femenino;comercio;mantenimiento en;guayabal;3;2.0;13/04/2018;7377000;agropecuaria
femenino;industria;taller de electronica;la libertad;2;80.0;15/03/2016;20000000;agropecuaria
masculino;servicio;tienda;popular;1;10.0;12/03/2018;6000000;agropecuaria
masculino;comercio;peluqueria;moravia;3;2.0;16/12/2016;7300000;agropecuaria
masculino;servicio;tienda;aranjuez;1;10.0;20/09/2018;6000000;agropecuaria
masculino;comercio;almacen de ropa en;barrio caicedo;3;8.0;23/03/2017;6890000;agropecuaria
femenino;industria;variedades naturista;el chagualo;2;12.0;29/06/2016;4100000;agropecuaria
masculino;servicio;tienda;popular;1;10.0;13/07/2018;6000000;agropecuaria
femenino;comercio;miscelanea;granizal;3;6.0;2/05/2017;7370000;agropecuaria
masculino;servicio;variedades;enciso;1;13.0;9/11/2017;4000000;agropecuaria
masculino;servicio;tienda;buenos aires;1;10.0;28/05/2018;6000000;agropecuaria
masculino;servicio;tienda;buenos aires;1;10.0;1/06/2018;6000000;agropecuaria
masculino;comercio;almacen de ropa en;barrio caicedo;3;8.0;19/01/2017;6890000;agropecuaria
masculino;servicio;variedades;castilla;1;1.0;5/09/2017;5000000;agropecuaria
masculino;servicio;fabrica de;robledo;1;4.0;25/05/2018;7800000;agropecuaria
masculino;servicio;almacen de ropa en;campo valdes no. 1;3;8.0;18/04/2018;3000000;agropecuaria
masculino;servicio;variedades;cabecera san cristobal;1;1.0;22/02/2018;5000000;agropecuaria
masculino;comercio;almacen de ropa en;manrique oriental;3;5.0;19/11/2016;6890000;agropecuaria
masculino;servicio;comidas rapidas;cabecera san antonio;3;8.0;30/03/2017;3000000;agropecuaria
femenino;industria;fabrica de muebles;bombona no. 1;2;12.0;29/03/2019;3300000;agropecuaria
masculino;servicio;fabrica de;robledo;1;4.0;3/10/2018;7800000;agropecuaria
masculino;servicio;tienda;buenos aires;1;7.0;3/07/2018;6000000;agropecuaria
masculino;servicio;comidas rapidas;manrique central no. 2;1;13.0;25/04/2017;4000000;agropecuaria
masculino;comercio;almacen de ropa en;barrio caicedo;3;8.0;19/01/2017;6890000;agropecuaria
masculino;comercio;peluqueria;la milagrosa;3;5.0;12/04/2016;7300000;agropecuaria
masculino;servicio;fabrica de;robledo;1;4.0;14/09/2018;7800000;agropecuaria
masculino;servicio;fabrica de;manrique central no. 1;1;4.0;9/07/2018;7000000;agropecuaria
masculino;servicio;comidas rapidas;cabecera san antonio;3;8.0;16/01/2018;3000000;agropecuaria
masculino;servicio;fabrica de;san javier no.1;1;7.0;26/07/2017;7000000;agropecuaria
femenino;industria;ferreteria;kennedy;2;60.0;10/06/2016;7500000;agropecuaria
masculino;comercio;almacen de ropa en;manrique oriental;3;5.0;19/11/2016;6890000;agropecuaria
masculino;servicio;variedades;castilla;1;1.0;12/12/2017;5000000;agropecuaria
femenino;industria;taller de electronica;la sierra;2;80.0;9/06/2016;6400000;agropecuaria
masculino;servicio;tienda;belen;1;7.0;3/04/2018;7000000;agropecuaria
femenino;agropecuaria;marqueteria;naranjal;2;90.0;21/07/2016;44000000;empresarial ed.
femenino;agropecuaria;floristeria;las esmeraldas;2;90.0;2017/08/23;76000000;microempresarial
masculino;comercio;almacen de ropa en;manrique oriental;3;5.0;14/06/2017;6890000;agropecuaria
femenino;comercio;restaurante;el salvador;3;2.0;27/02/2017;7377000;agropecuaria
masculino;servicio;tienda;aranjuez;1;10.0;3/05/2017;6000000;agropecuaria
femenino;industria;carniceria;los mangos;2;12.0;12/10/2018;600000;agropecuaria
masculino;servicio;tienda;belen;1;7.0;16/02/2018;7000000;agropecuaria
femenino;comercio;mantenimiento en;andalucia;3;2.0;3/10/2017;7377000;agropecuaria
masculino;servicio;variedades;enciso;1;13.0;26/04/2017;4000000;agropecuaria
masculino;servicio;fabrica de;robledo;1;4.0;10/07/2018;7800000;agropecuaria
femenino;comercio;distribuidora de;andalucia;3;3.0;26/05/2017;7377000;agropecuaria
masculino;comercio;peluqueria;doce de octubre no.1;3;5.0;12/09/2017;7300000;agropecuaria
masculino;servicio;variedades;enciso;1;1.0;4/07/2017;5000000;agropecuaria
masculino;servicio;fabrica de;robledo;1;4.0;24/10/2018;7800000;agropecuaria
masculino;servicio;comidas rapidas;manrique central no. 2;1;13.0;6/11/2018;4000000;agropecuaria
masculino;comercio;peluqueria;moravia;3;2.0;29/05/2019;7300000;agropecuaria
femenino;comercio;miscelanea;playon de los;3;3.0;16/11/2018;7370000;agropecuaria
masculino;servicio;fabrica de;robledo;1;4.0;6/06/2017;7800000;agropecuaria
femenino;industria;bares;tricentenario;2;80.0;24/05/2016;30000000;agropecuaria
masculino;comercio;peluqueria;la milagrosa;3;5.0;4/05/2017;7300000;agropecuaria
masculino;servicio;fabrica de;robledo;1;4.0;7/11/2017;7800000;agropecuaria
masculino;servicio;almacen de ropa en;campo valdes no. 1;3;8.0;18/04/2018;3000000;agropecuaria
masculino;servicio;almacen de ropa en;campo valdes no. 1;3;8.0;18/04/2018;3000000;agropecuaria
masculino;servicio;almacen de ropa en;campo valdes no. 1;3;8.0;29/01/2018;3000000;agropecuaria
masculino;comercio;peluqueria;doce de octubre no.1;3;5.0;13/09/2016;7300000;agropecuaria
femenino;industria;ferreteria;kennedy;2;60.0;19/07/2016;7500000;agropecuaria
masculino;servicio;comidas rapidas;santo domingo savio;3;8.0;10/11/2016;3000000;agropecuaria
femenino;comercio;papeleria;la floresta;3;3.0;17/11/2016;2000000;agropecuaria
masculino;servicio;variedades;castilla;1;1.0;6/06/2018;5000000;agropecuaria
femenino;comercio;restaurante;el salvador;3;2.0;27/02/2017;7377000;agropecuaria
masculino;servicio;fabrica de;robledo;1;4.0;6/02/2018;7800000;agropecuaria
masculino;comercio;peluqueria;manrique oriental;3;5.0;5/07/2017;6890000;agropecuaria
masculino;servicio;fabrica de;san javier no.1;1;7.0;30/01/2018;7000000;agropecuaria
masculino;servicio;tienda;belen;1;7.0;24/07/2017;7000000;agropecuaria
femenino;comercio;restaurante;villa hermosa;3;2.0;31/07/2018;7377000;agropecuaria
masculino;servicio;comidas rapidas;cabecera san antonio;3;8.0;29/09/2017;3000000;agropecuaria
femenino;industria;productos de belleza;san pablo;2;16.0;7/06/2017;1500000;agropecuaria
femenino;industria;panaderia;santa elena central;3;6.0;30/11/2016;1000000;agropecuaria
masculino;servicio;fabrica de;robledo;1;4.0;25/10/2018;7800000;agropecuaria
masculino;comercio;peluqueria;doce de octubre no.1;3;5.0;29/08/2017;7300000;agropecuaria
masculino;servicio;comidas rapidas;cabecera san antonio;3;8.0;16/11/2016;3000000;agropecuaria
masculino;comercio;peluqueria;moravia;3;2.0;31/08/2017;7300000;agropecuaria
femenino;comercio;restaurante;el salvador;3;2.0;9/11/2016;7377000;agropecuaria
masculino;servicio;tienda;buenos aires;1;10.0;3/07/2018;6000000;agropecuaria
masculino;servicio;fabrica de;robledo;1;4.0;5/07/2018;7800000;agropecuaria
masculino;servicio;comidas rapidas;santo domingo savio;1;13.0;5/04/2018;3000000;agropecuaria
masculino;servicio;almacen de ropa en;campo valdes no. 1;3;8.0;21/04/2016;6890000;agropecuaria
masculino;servicio;comidas rapidas;cabecera san antonio;3;8.0;7/04/2016;3000000;agropecuaria
femenino;agropecuaria;alquiler de peliculas;la hondonada;2;14.0;13/05/2016;9000000;credioportuno
masculino;servicio;variedades;castilla;1;1.0;20/06/2018;5000000;agropecuaria
masculino;servicio;tienda;buenos aires;1;7.0;18/04/2017;6000000;agropecuaria
masculino;servicio;tienda;belen;1;7.0;31/10/2018;7000000;agropecuaria
femenino;comercio;barberia;la floresta;3;3.0;18/04/2016;2000000;agropecuaria
femenino;industria;criadero de animales;villa del socorro;2;16.0;8/03/2016;8000000;agropecuaria
masculino;servicio;comidas rapidas;santa cruz;1;13.0;19/01/2018;4000000;agropecuaria
femenino;comercio;miscelanea;playon de los;3;3.0;16/11/2018;7370000;agropecuaria
femenino;comercio;mantenimiento en;guayabal;3;2.0;9/08/2018;7377000;agropecuaria
masculino;servicio;variedades;enciso;1;1.0;20/09/2017;5000000;agropecuaria
masculino;servicio;variedades;enciso;1;1.0;18/05/2018;5000000;agropecuaria
femenino;industria;legumbreria;las palmas;2;16.0;10/08/2017;2500000;agropecuaria
masculino;servicio;fabrica de;manrique central no. 1;1;7.0;5/02/2018;7000000;agropecuaria
masculino;comercio;almacen de ropa en;manrique oriental;3;5.0;9/02/2017;6890000;agropecuaria
masculino;servicio;fabrica de;robledo;1;4.0;13/02/2018;7800000;agropecuaria
femenino;industria;panaderia;calasanz;3;6.0;9/08/2016;1000000;agropecuaria
femenino;industria;legumbreria;trinidad;2;16.0;17/10/2017;2500000;agropecuaria
masculino;servicio;fabrica de;robledo;1;4.0;26/10/2018;7800000;agropecuaria
femenino;industria;fotografia;la candelaria;2;9.0;1/06/2016;4400000;agropecuaria
femenino;industria;charcuteria;francisco antonio zea;2;60.0;10/02/2017;8200000;agropecuaria
femenino;agropecuaria;marqueteria;metropolitano;2;90.0;2016/09/26;788000;empresarial ed.
masculino;servicio;comidas rapidas;santo domingo savio;1;13.0;19/08/2016;4000000;agropecuaria
masculino;servicio;fabrica de;robledo;1;4.0;24/01/2018;7800000;agropecuaria
masculino;comercio;peluqueria;moravia;3;2.0;11/07/2017;7300000;agropecuaria
masculino;servicio;variedades;enciso;1;1.0;4/07/2017;5000000;agropecuaria
femenino;comercio;mantenimiento en;andalucia;3;2.0;3/10/2017;7377000;agropecuaria
masculino;servicio;variedades;enciso;1;13.0;6/10/2017;4000000;agropecuaria
masculino;comercio;peluqueria;moravia;3;2.0;20/10/2017;7300000;agropecuaria
femenino;industria;fabrica de alimentos;calasanz;3;6.0;11/04/2016;1000000;agropecuaria
masculino;servicio;tienda;buenos aires;1;7.0;18/04/2017;6000000;agropecuaria
masculino;servicio;fabrica de;robledo;1;4.0;6/03/2018;7800000;agropecuaria
masculino;servicio;fabrica de;san javier no.1;1;7.0;29/10/2018;7000000;agropecuaria
masculino;servicio;variedades;castilla;1;1.0;30/04/2018;5000000;agropecuaria
femenino;industria;panaderia;calasanz;3;6.0;9/08/2016;1000000;agropecuaria
masculino;servicio;comidas rapidas;santa cruz;1;13.0;29/11/2017;4000000;agropecuaria
masculino;comercio;peluqueria;doce de octubre no.1;3;5.0;17/02/2017;6890000;agropecuaria
femenino;comercio;papeleria;la floresta;3;3.0;17/11/2016;2000000;agropecuaria
femenino;industria;criadero de animales;villa del socorro;2;60.0;16/08/2017;8000000;agropecuaria
femenino;industria;variedades de helados;pablo vi;2;60.0;11/08/2016;6500000;agropecuaria
masculino;servicio;fabrica de;robledo;1;4.0;21/02/2018;7800000;agropecuaria
masculino;comercio;peluqueria;la milagrosa;3;5.0;28/11/2016;7300000;agropecuaria
masculino;servicio;comidas rapidas;santo domingo savio;1;13.0;24/05/2018;3000000;agropecuaria
masculino;servicio;tienda;popular;1;10.0;10/09/2018;6000000;agropecuaria
masculino;servicio;tienda;belen;1;7.0;8/06/2018;7000000;agropecuaria
femenino;industria;cafe e internet;carpinelo;2;6.0;2/11/2018;3500000;agropecuaria
femenino;industria;carpinteria;toscana;2;9.0;27/06/2019;5500000;agropecuaria
masculino;comercio;almacen de ropa en;manrique oriental;3;5.0;9/02/2017;6890000;agropecuaria
masculino;servicio;tienda;aranjuez;1;10.0;2/11/2017;6000000;agropecuaria
masculino;servicio;comidas rapidas;santa cruz;1;13.0;6/04/2018;4000000;agropecuaria
masculino;servicio;fabrica de;san javier no.1;1;7.0;17/05/2018;7000000;agropecuaria
femenino;industria;ferreteria;kennedy;2;60.0;19/07/2016;7500000;agropecuaria
femenino;industria;ebanistaria;cristo rey;2;12.0;4/04/2019;4100000;agropecuaria
masculino;servicio;tienda;popular;1;10.0;31/10/2017;6000000;agropecuaria
masculino;servicio;fabrica de;manrique central no. 1;1;7.0;6/07/2018;7000000;agropecuaria
masculino;servicio;fabrica de;robledo;1;4.0;24/10/2018;7800000;agropecuaria
femenino;industria;cafeteria;llanaditas;2;16.0;31/01/2019;4500000;agropecuaria
femenino;comercio;papeleria;aranjuezcito;3;3.0;24/11/2017;2000000;agropecuaria
masculino;servicio;comidas rapidas;santo domingo savio;3;13.0;13/03/2019;3000000;agropecuaria
masculino;servicio;tienda;aranjuez;1;10.0;21/06/2018;6000000;agropecuaria
masculino;servicio;tienda;buenos aires;1;10.0;26/10/2017;6000000;agropecuaria
masculino;servicio;tienda;aranjuez;1;10.0;17/07/2017;6000000;agropecuaria
masculino;comercio;peluqueria;doce de octubre no.1;3;5.0;23/01/2017;6890000;agropecuaria
masculino;comercio;peluqueria;manrique oriental;3;5.0;15/05/2018;6890000;agropecuaria
masculino;servicio;comidas rapidas;santa cruz;1;13.0;23/11/2016;4000000;agropecuaria
masculino;servicio;fabrica de;robledo;1;4.0;24/09/2018;7800000;agropecuaria
masculino;servicio;fabrica de;manrique central no. 1;1;4.0;9/07/2018;7000000;agropecuaria
femenino;industria;legumbreria;las palmas;2;16.0;3/10/2016;2500000;agropecuaria
masculino;servicio;fabrica de;manrique central no. 1;1;7.0;16/07/2018;7000000;agropecuaria
masculino;servicio;fabrica de;manrique central no. 1;1;4.0;29/08/2018;7800000;agropecuaria
masculino;servicio;variedades;enciso;1;1.0;24/04/2018;5000000;agropecuaria
femenino;comercio;restaurante;el salvador;3;2.0;9/06/2017;7377000;agropecuaria
masculino;servicio;fabrica de;robledo;1;4.0;25/05/2018;7800000;agropecuaria
masculino;servicio;tienda;belen;1;7.0;2/05/2018;7000000;agropecuaria
femenino;industria;sembrados;prado;2;9.0;6/06/2019;8281000;agropecuaria
masculino;servicio;fabrica de;robledo;1;4.0;26/10/2018;7800000;agropecuaria
masculino;servicio;comidas rapidas;santa cruz;1;13.0;15/11/2018;4000000;agropecuaria
masculino;servicio;tienda;belen;1;7.0;19/04/2018;7000000;agropecuaria
masculino;comercio;peluqueria;manrique oriental;3;5.0;15/05/2018;6890000;agropecuaria
masculino;servicio;variedades;castilla;1;1.0;20/06/2018;5000000;agropecuaria
masculino;servicio;tienda;aranjuez;1;10.0;21/06/2018;6000000;agropecuaria
femenino;comercio;restaurante;el salvador;3;2.0;21/09/2017;7377000;agropecuaria
masculino;comercio;peluqueria;doce de octubre no.1;3;5.0;12/09/2017;7300000;agropecuaria
masculino;servicio;tienda;popular;1;10.0;19/09/2017;5000000;agropecuaria
femenino;industria;marroquineria;el pesebre;2;15.0;4/09/2018;1700000;agropecuaria
masculino;servicio;fabrica de;robledo;1;4.0;23/05/2018;7800000;agropecuaria
masculino;comercio;peluqueria;la milagrosa;3;5.0;18/11/2016;7300000;agropecuaria
femenino;agropecuaria;fabrica de ceramica;hector abad gomez;2;90.0;28/12/2017;6662000;microempresarial
femenino;comercio;mantenimiento en;guayabal;3;2.0;9/08/2018;7377000;agropecuaria
masculino;comercio;peluqueria;moravia;3;2.0;20/10/2017;7300000;agropecuaria
masculino;comercio;peluqueria;la milagrosa;3;5.0;1/11/2017;7300000;agropecuaria
femenino;comercio;distribuidora de;pedregal;3;3.0;25/01/2017;2000000;agropecuaria
masculino;servicio;comidas rapidas;santa cruz;1;13.0;13/02/2019;4000000;agropecuaria
masculino;servicio;variedades;enciso;1;13.0;9/11/2017;4000000;agropecuaria
femenino;industria;fabrica de alimentos;santander;3;6.0;29/02/2016;6800000;agropecuaria
masculino;servicio;fabrica de;san javier no.1;1;7.0;17/05/2018;7000000;agropecuaria
masculino;servicio;tienda;popular;1;10.0;11/10/2017;6000000;agropecuaria
femenino;comercio;barberia;20 de julio;3;3.0;24/04/2019;2000000;agropecuaria
masculino;servicio;comidas rapidas;santo domingo savio;1;13.0;14/08/2018;4000000;agropecuaria
femenino;comercio;papeleria;la floresta;3;3.0;16/06/2017;2000000;agropecuaria
femenino;comercio;distribuidora de;andalucia;3;3.0;12/09/2016;2000000;agropecuaria
masculino;servicio;tienda;buenos aires;1;7.0;3/07/2018;6000000;agropecuaria
femenino;agropecuaria;fabrica de juegos;suburbano santa elena;2;90.0;12/01/2018;7;microempresarial
masculino;comercio;peluqueria;moravia;3;2.0;13/08/2018;7300000;agropecuaria
masculino;comercio;peluqueria;moravia;3;2.0;31/08/2017;7300000;agropecuaria
femenino;comercio;barberia;villatina;3;3.0;12/10/2016;7370000;agropecuaria
masculino;servicio;tienda;buenos aires;1;10.0;1/06/2018;6000000;agropecuaria
masculino;servicio;fabrica de;robledo;1;4.0;24/09/2018;7800000;agropecuaria
masculino;servicio;fabrica de;robledo;1;4.0;4/04/2018;7800000;agropecuaria
masculino;servicio;fabrica de;robledo;1;4.0;26/10/2018;7800000;agropecuaria
femenino;industria;variedades naturista;el chagualo;2;12.0;28/12/2018;4100000;agropecuaria
masculino;servicio;fabrica de;robledo;1;4.0;11/10/2018;7800000;agropecuaria
masculino;servicio;variedades;castilla;1;1.0;24/08/2017;5000000;agropecuaria
masculino;comercio;peluqueria;moravia;3;2.0;31/08/2017;7300000;agropecuaria
femenino;agropecuaria;fumigacion;villa nueva;2;50.0;2018/04/9;3457000;credioportuno
masculino;servicio;fabrica de;san javier no.1;1;7.0;7/02/2018;7000000;agropecuaria
masculino;servicio;fabrica de;san javier no.1;1;7.0;9/05/2018;7000000;agropecuaria
masculino;comercio;peluqueria;la milagrosa;3;5.0;10/05/2017;7300000;agropecuaria
masculino;comercio;almacen de ropa en;barrio caicedo;3;5.0;1/09/2017;6890000;agropecuaria
masculino;servicio;fabrica de;robledo;1;4.0;18/10/2018;7800000;agropecuaria
masculino;servicio;tienda;aranjuez;1;10.0;2/02/2018;6000000;agropecuaria
femenino;comercio;mantenimiento en;guayabal;3;2.0;5/03/2019;7377000;agropecuaria
masculino;servicio;fabrica de;san javier no.1;1;7.0;30/01/2018;7000000;agropecuaria
femenino;industria;fabrica de alimentos;santander;3;6.0;4/01/2019;1000000;agropecuaria
femenino;agropecuaria;fabrica de velas;fatima;2;14.0;2018/03/2;29909900;credioportuno
masculino;servicio;variedades;cabecera san cristobal;1;1.0;30/06/2017;5000000;agropecuaria
masculino;servicio;fabrica de;robledo;1;4.0;25/10/2018;7800000;agropecuaria
masculino;comercio;almacen de ropa en;barrio caicedo;3;8.0;29/11/2016;6890000;agropecuaria
masculino;servicio;tienda;aranjuez;1;10.0;2/11/2017;6000000;agropecuaria
masculino;servicio;tienda;buenos aires;1;7.0;18/04/2017;6000000;agropecuaria
masculino;servicio;tienda;cabecera san cristobal;1;1.0;11/10/2016;5000000;agropecuaria
femenino;industria;montallantas;el triunfo;2;12.0;14/01/2016;600000;agropecuaria
masculino;servicio;tienda;san javier no.1;1;7.0;20/06/2017;7000000;agropecuaria
masculino;servicio;tienda;popular;1;10.0;31/10/2017;6000000;agropecuaria
femenino;industria;bares;cordoba;2;80.0;13/10/2016;6894000;agropecuaria
masculino;comercio;peluqueria;doce de octubre no.1;3;5.0;22/06/2017;6890000;agropecuaria
femenino;industria;charcuteria;francisco antonio zea;2;60.0;31/05/2019;8200000;agropecuaria
masculino;servicio;comidas rapidas;santa cruz;1;13.0;15/11/2018;4000000;agropecuaria
femenino;industria;fabrica de alimentos;santander;3;6.0;18/08/2016;6800000;agropecuaria
masculino;servicio;tienda;aranjuez;1;10.0;3/05/2017;6000000;agropecuaria
femenino;comercio;mantenimiento en;guayabal;3;2.0;9/10/2017;7377000;agropecuaria
femenino;comercio;distribuidora de;andalucia;3;3.0;23/02/2018;2000000;agropecuaria
femenino;comercio;barberia;villatina;3;3.0;14/12/2017;7370000;agropecuaria
masculino;servicio;fabrica de;manrique central no. 1;1;4.0;15/02/2018;7000000;agropecuaria
masculino;servicio;fabrica de;manrique central no. 1;1;7.0;6/07/2018;7000000;agropecuaria
femenino;comercio;papeleria;la floresta;3;3.0;16/06/2017;2000000;agropecuaria
masculino;servicio;tienda;buenos aires;1;7.0;12/06/2017;6000000;agropecuaria
masculino;servicio;fabrica de;san javier no.1;1;7.0;9/05/2018;7000000;agropecuaria
masculino;servicio;variedades;enciso;1;13.0;16/03/2018;4000000;agropecuaria
femenino;industria;variedades naturista;sucre;2;80.0;2/06/2016;19000000;agropecuaria
masculino;servicio;variedades;cabecera san cristobal;1;1.0;26/02/2018;5000000;agropecuaria
femenino;comercio;barberia;20 de julio;3;3.0;8/09/2017;2000000;agropecuaria
femenino;industria;organización y;la libertad;2;80.0;6/07/2016;8280000;agropecuaria
masculino;servicio;fabrica de;robledo;1;4.0;24/10/2018;7800000;agropecuaria
masculino;servicio;tienda;popular;1;10.0;11/10/2017;6000000;agropecuaria
masculino;servicio;fabrica de;robledo;1;4.0;4/04/2018;7800000;agropecuaria
femenino;industria;cafe e internet;centro admtivo;2;6.0;28/03/2019;3500000;agropecuaria
masculino;servicio;variedades;cabecera san cristobal;1;1.0;19/07/2017;5000000;agropecuaria
femenino;comercio;mantenimiento en;andalucia;3;2.0;20/04/2017;7377000;agropecuaria
femenino;industria;fabrica de arepas;la colina;2;12.0;6/12/2016;4800000;agropecuaria
femenino;industria;panaderia;santa elena central;3;6.0;15/03/2019;1000000;agropecuaria
masculino;servicio;variedades;enciso;1;1.0;26/01/2018;5000000;agropecuaria
femenino;industria;venta de calzado;san jose de la cima no.;2;80.0;28/12/2016;7200000;agropecuaria
masculino;servicio;tienda;belen;1;7.0;19/04/2018;7000000;agropecuaria
masculino;servicio;fabrica de;manrique central no. 1;1;4.0;22/06/2018;7800000;agropecuaria
masculino;servicio;fabrica de;manrique central no. 1;1;4.0;4/05/2018;7000000;agropecuaria
masculino;servicio;variedades;cabecera san cristobal;1;1.0;17/04/2018;5000000;agropecuaria
masculino;servicio;fabrica de;san javier no.1;1;7.0;7/02/2018;7000000;agropecuaria
femenino;industria;recreativo educativo;alfonso lopez;2;16.0;4/02/2019;4500000;agropecuaria
femenino;comercio;miscelanea;villatina;3;3.0;28/09/2017;7370000;agropecuaria
masculino;comercio;peluqueria;la milagrosa;3;5.0;28/11/2016;7300000;agropecuaria
masculino;servicio;tienda;aranjuez;1;10.0;9/03/2018;6000000;agropecuaria
femenino;industria;cafe e internet;centro admtivo;2;6.0;28/03/2019;3500000;agropecuaria
masculino;servicio;comidas rapidas;manrique central no. 2;1;13.0;28/07/2017;4000000;agropecuaria
masculino;servicio;tienda;buenos aires;1;7.0;8/02/2018;6000000;agropecuaria
femenino;comercio;miscelanea;playon de los;3;3.0;19/11/2018;7370000;agropecuaria
masculino;servicio;fabrica de;robledo;1;4.0;11/05/2018;7800000;agropecuaria
masculino;servicio;comidas rapidas;cabecera san antonio;3;8.0;7/03/2017;3000000;agropecuaria
femenino;industria;charcuteria;loreto;2;60.0;18/10/2016;8200000;agropecuaria
masculino;servicio;tienda;popular;1;10.0;3/02/2017;6000000;agropecuaria
femenino;industria;bares;tejelo;2;80.0;12/08/2016;800000;agropecuaria
masculino;servicio;tienda;buenos aires;1;10.0;1/06/2018;6000000;agropecuaria
femenino;industria;fabrica de calzado;picacho;3;6.0;18/02/2019;6800000;agropecuaria
masculino;comercio;almacen de ropa en;barrio caicedo;3;8.0;6/10/2016;6890000;agropecuaria
masculino;servicio;comidas rapidas;cabecera san antonio;3;8.0;7/04/2016;3000000;agropecuaria
masculino;servicio;fabrica de;robledo;1;4.0;3/10/2018;7800000;agropecuaria
femenino;comercio;mantenimiento en;guayabal;3;2.0;5/04/2016;7377000;agropecuaria
masculino;servicio;comidas rapidas;santa cruz;1;13.0;19/01/2018;4000000;agropecuaria
masculino;servicio;comidas rapidas;cabecera san antonio;3;8.0;30/03/2017;3000000;agropecuaria
femenino;agropecuaria;fumigacion;la aguacatala;2;50.0;2017/10/4;13500000;juridica y cap.semilla
masculino;servicio;fabrica de;san javier no.1;1;7.0;13/03/2018;7000000;agropecuaria
femenino;industria;legumbreria;las palmas;2;16.0;10/08/2017;2500000;agropecuaria
masculino;servicio;tienda;buenos aires;1;10.0;14/06/2018;6000000;agropecuaria
femenino;industria;fabrica de alimentos;picacho;3;6.0;15/05/2017;6800000;agropecuaria
masculino;servicio;tienda;popular;1;10.0;13/07/2018;6000000;agropecuaria
femenino;industria;charcuteria;francisco antonio zea;2;60.0;10/02/2017;8200000;agropecuaria
femenino;comercio;papeleria;aranjuezcito;3;3.0;5/10/2017;2000000;agropecuaria
femenino;agropecuaria;fabrica de juegos;santa teresita;2;70.0;2/05/2016;10376379;microempresarial
masculino;comercio;peluqueria;doce de octubre no.1;3;5.0;31/07/2017;6890000;agropecuaria
masculino;servicio;variedades;manrique central no. 2;1;13.0;22/11/2016;4000000;agropecuaria
masculino;servicio;tienda;aranjuez;1;10.0;9/03/2018;6000000;agropecuaria
masculino;comercio;peluqueria;moravia;3;2.0;29/05/2019;7300000;agropecuaria
masculino;comercio;almacen de ropa en;manrique oriental;3;5.0;3/04/2017;6890000;agropecuaria
masculino;servicio;tienda;popular;1;10.0;11/08/2017;5000000;agropecuaria
masculino;comercio;peluqueria;doce de octubre no.1;3;5.0;31/07/2017;6890000;agropecuaria
masculino;servicio;comidas rapidas;santo domingo savio;1;13.0;24/05/2018;3000000;agropecuaria
femenino;industria;cafeteria;llanaditas;2;16.0;7/09/2016;4500000;agropecuaria
masculino;servicio;comidas rapidas;santo domingo savio;1;13.0;5/04/2018;3000000;agropecuaria
masculino;servicio;variedades;cabecera san cristobal;1;1.0;7/04/2017;5000000;agropecuaria
femenino;industria;sembrados;la pradera;2;9.0;13/05/2019;7500000;agropecuaria
femenino;comercio;fabrica de calzado;florencia;3;6.0;17/01/2018;6800000;agropecuaria
femenino;industria;taller de mecanica;olaya herrera;2;60.0;11/12/2018;6500000;agropecuaria
masculino;servicio;fabrica de;san javier no.1;1;7.0;29/05/2018;7000000;agropecuaria
masculino;servicio;fabrica de;robledo;1;4.0;24/01/2018;7800000;agropecuaria
femenino;industria;recreativo educativo;altavista;2;16.0;13/07/2016;4500000;agropecuaria
femenino;industria;bares;cordoba;2;80.0;13/10/2016;6894000;agropecuaria
masculino;servicio;variedades;cabecera san cristobal;1;1.0;10/08/2018;5000000;agropecuaria
masculino;servicio;variedades;castilla;1;1.0;24/08/2017;5000000;agropecuaria
femenino;comercio;papeleria;la floresta;3;3.0;16/06/2017;2000000;agropecuaria
masculino;servicio;fabrica de;robledo;1;4.0;7/11/2017;7800000;agropecuaria
masculino;servicio;tienda;buenos aires;1;10.0;13/06/2017;6000000;agropecuaria
femenino;industria;fotografia;la america;2;9.0;11/06/2019;4400000;agropecuaria
masculino;servicio;tienda;buenos aires;1;10.0;10/05/2018;6000000;agropecuaria
masculino;servicio;fabrica de;robledo;1;4.0;1/08/2018;7800000;agropecuaria
masculino;servicio;comidas rapidas;santo domingo savio;1;13.0;12/07/2016;3000000;agropecuaria
masculino;servicio;variedades;manrique central no. 2;1;13.0;6/08/2018;4000000;agropecuaria
femenino;industria;recreativo educativo;altavista;2;16.0;6/01/2017;2500000;agropecuaria
femenino;comercio;mantenimiento en;el salvador;3;2.0;16/03/2017;7377000;agropecuaria
masculino;servicio;fabrica de;manrique central no. 1;1;4.0;13/07/2017;7800000;agropecuaria
masculino;servicio;tienda;buenos aires;1;10.0;26/10/2017;6000000;agropecuaria
masculino;servicio;fabrica de;robledo;1;4.0;11/05/2018;7800000;agropecuaria
femenino;comercio;distribuidora de;andalucia;3;3.0;29/03/2016;2000000;agropecuaria
masculino;servicio;comidas rapidas;santa cruz;1;13.0;28/11/2017;4000000;agropecuaria
masculino;servicio;variedades;castilla;1;1.0;22/03/2017;5000000;agropecuaria
femenino;industria;ferreteria;kennedy;2;60.0;22/08/2017;7500000;agropecuaria
femenino;industria;panaderia;boston;3;6.0;7/06/2019;3500000;agropecuaria
masculino;servicio;fabrica de;robledo;1;4.0;24/09/2018;7800000;agropecuaria
masculino;servicio;comidas rapidas;santa cruz;1;13.0;13/02/2019;4000000;agropecuaria
masculino;servicio;variedades;cabecera san cristobal;1;1.0;21/05/2018;5000000;agropecuaria
femenino;industria;variedades de helados;girardot;2;60.0;17/05/2016;6500000;agropecuaria
masculino;servicio;fabrica de;manrique central no. 1;1;7.0;6/07/2018;7000000;agropecuaria
masculino;servicio;variedades;castilla;1;1.0;17/07/2018;5000000;agropecuaria
masculino;servicio;comidas rapidas;cabecera san antonio;3;8.0;13/01/2017;3000000;agropecuaria
femenino;agropecuaria;mensajeria;la esperanza no. 2;2;90.0;22/03/2019;8821000;microempresarial
masculino;servicio;fabrica de;robledo;1;4.0;24/10/2018;7800000;agropecuaria
femenino;industria;ebanistaria;cristo rey;2;12.0;6/04/2016;782000;agropecuaria
masculino;servicio;fabrica de;robledo;1;4.0;23/05/2018;7800000;agropecuaria
masculino;servicio;variedades;enciso;1;1.0;24/04/2018;5000000;agropecuaria
femenino;comercio;distribuidora de;pedregal;3;3.0;8/11/2018;2000000;agropecuaria
femenino;industria;marroquineria;juan pablo ii;2;15.0;18/01/2018;2400000;agropecuaria
masculino;servicio;fabrica de;robledo;1;4.0;4/04/2018;7800000;agropecuaria
femenino;industria;fabrica de alimentos;picacho;3;6.0;6/09/2016;6800000;agropecuaria
masculino;servicio;tienda;popular;1;10.0;20/11/2017;6000000;agropecuaria
masculino;servicio;variedades;cabecera san cristobal;1;1.0;12/10/2017;5000000;agropecuaria
masculino;comercio;peluqueria;doce de octubre no.1;3;5.0;31/07/2017;6890000;agropecuaria
femenino;agropecuaria;fabrica de velas;miravalle;2;14.0;2017/01/10;243010;credioportuno
masculino;servicio;comidas rapidas;santa cruz;1;13.0;23/10/2017;4000000;agropecuaria
masculino;servicio;variedades;castilla;1;1.0;2/10/2017;5000000;agropecuaria
masculino;servicio;fabrica de;manrique central no. 1;1;4.0;23/03/2018;7000000;agropecuaria
femenino;industria;cafe e internet;centro admtivo;2;6.0;28/03/2019;3500000;agropecuaria
masculino;servicio;tienda;popular;1;10.0;26/09/2017;5000000;agropecuaria
masculino;servicio;variedades;castilla;1;1.0;2/10/2017;5000000;agropecuaria
masculino;comercio;peluqueria;la milagrosa;3;5.0;25/08/2016;7300000;agropecuaria
masculino;comercio;peluqueria;manrique oriental;3;5.0;1/08/2017;6890000;agropecuaria
masculino;servicio;tienda;buenos aires;1;10.0;26/10/2017;6000000;agropecuaria
femenino;industria;legumbreria;trinidad;2;16.0;16/08/2018;2500000;agropecuaria
masculino;servicio;fabrica de;manrique central no. 1;1;4.0;16/04/2018;7800000;agropecuaria
masculino;servicio;tienda;popular;1;10.0;20/11/2017;6000000;agropecuaria
femenino;comercio;barberia;villatina;3;3.0;14/12/2017;7370000;agropecuaria
femenino;industria;fabrica de arepas;san antonio;2;12.0;27/09/2016;5250000;agropecuaria
masculino;servicio;tienda;buenos aires;1;7.0;13/12/2016;6000000;agropecuaria
femenino;industria;carpinteria;toscana;2;9.0;27/06/2019;5500000;agropecuaria
femenino;industria;cafe e internet;carpinelo;2;6.0;2/11/2018;3500000;agropecuaria
femenino;industria;fabrica de productos;la sierra;2;80.0;11/01/2017;1800000;agropecuaria
femenino;comercio;papeleria;aranjuezcito;3;3.0;4/10/2016;2000000;agropecuaria
masculino;servicio;tienda;popular;1;10.0;11/10/2017;6000000;agropecuaria
femenino;industria;fabrica de alimentos;santander;3;6.0;25/01/2019;1000000;agropecuaria
masculino;comercio;peluqueria;manrique oriental;3;5.0;1/08/2017;6890000;agropecuaria
masculino;servicio;tienda;aranjuez;1;10.0;3/05/2017;6000000;agropecuaria
masculino;comercio;almacen de ropa en;manrique oriental;3;5.0;3/04/2017;6890000;agropecuaria
masculino;servicio;comidas rapidas;manrique central no. 2;1;13.0;13/10/2017;4000000;agropecuaria
masculino;servicio;comidas rapidas;santo domingo savio;3;13.0;27/07/2017;3000000;agropecuaria
masculino;servicio;fabrica de;san javier no.1;1;7.0;13/03/2018;7000000;agropecuaria
masculino;servicio;almacen de ropa en;campo valdes no. 1;3;8.0;7/02/2017;6890000;agropecuaria
femenino;industria;cafeteria;llanaditas;2;16.0;15/07/2016;4500000;agropecuaria
masculino;servicio;fabrica de;san javier no.1;1;7.0;13/03/2018;7000000;agropecuaria
masculino;servicio;almacen de ropa en;campo valdes no. 1;3;8.0;29/06/2017;3000000;agropecuaria
masculino;servicio;variedades;enciso;1;1.0;20/09/2017;5000000;agropecuaria
femenino;industria;variedades de helados;pablo vi;2;60.0;15/02/2019;6500000;agropecuaria
masculino;servicio;fabrica de;robledo;1;4.0;10/07/2018;7800000;agropecuaria
masculino;comercio;almacen de ropa en;barrio caicedo;3;5.0;1/09/2017;6890000;agropecuaria
masculino;comercio;peluqueria;doce de octubre no.1;3;5.0;23/01/2017;6890000;agropecuaria
femenino;comercio;distribuidora de;pedregal;3;3.0;25/01/2017;2000000;agropecuaria
masculino;servicio;variedades;cabecera san cristobal;1;1.0;10/08/2018;5000000;agropecuaria
masculino;servicio;variedades;cabecera san cristobal;1;1.0;27/07/2018;5000000;agropecuaria
femenino;comercio;mantenimiento en;andalucia;3;2.0;2/03/2017;7377000;agropecuaria
masculino;servicio;variedades;enciso;1;1.0;4/07/2017;5000000;agropecuaria
masculino;comercio;almacen de ropa en;manrique oriental;3;5.0;14/06/2017;6890000;agropecuaria
masculino;servicio;comidas rapidas;campo valdes no. 1;3;8.0;28/10/2016;3000000;agropecuaria
femenino;agropecuaria;billares;san joaquin;2;50.0;2/09/2016;2;juridica y cap.semilla
masculino;servicio;comidas rapidas;cabecera san antonio;3;8.0;3/08/2017;3000000;agropecuaria
femenino;industria;recreativo educativo;altavista;2;16.0;21/12/2016;2500000;agropecuaria
masculino;servicio;variedades;castilla;1;1.0;11/04/2018;5000000;agropecuaria
masculino;servicio;comidas rapidas;santa cruz;1;13.0;19/01/2018;4000000;agropecuaria
masculino;comercio;almacen de ropa en;barrio caicedo;3;8.0;16/02/2017;6890000;agropecuaria
masculino;servicio;comidas rapidas;campo valdes no. 1;3;8.0;22/09/2016;3000000;agropecuaria
masculino;servicio;tienda;aranjuez;1;10.0;8/05/2018;6000000;agropecuaria
femenino;industria;recreativo educativo;altavista;2;16.0;10/10/2016;4500000;agropecuaria
masculino;comercio;peluqueria;manrique oriental;3;5.0;12/05/2017;6890000;agropecuaria
masculino;servicio;variedades;castilla;1;1.0;6/06/2018;5000000;agropecuaria
masculino;servicio;fabrica de;san javier no.1;1;7.0;9/05/2018;7000000;agropecuaria
femenino;industria;variedades de helados;girardot;2;60.0;24/02/2017;8200000;agropecuaria
femenino;comercio;distribuidora de;pedregal;3;3.0;23/08/2016;2000000;agropecuaria
masculino;servicio;variedades;cabecera san cristobal;1;1.0;18/07/2017;5000000;agropecuaria
masculino;servicio;comidas rapidas;santo domingo savio;1;13.0;12/07/2016;3000000;agropecuaria
masculino;comercio;peluqueria;la milagrosa;3;5.0;10/05/2017;7300000;agropecuaria
masculino;comercio;almacen de ropa en;barrio caicedo;3;8.0;16/02/2017;6890000;agropecuaria
masculino;servicio;tienda;buenos aires;1;7.0;30/10/2018;6000000;agropecuaria
masculino;servicio;comidas rapidas;cabecera san antonio;3;8.0;30/03/2017;3000000;agropecuaria
femenino;comercio;restaurante;villa hermosa;3;2.0;7/10/2016;7377000;agropecuaria
masculino;servicio;comidas rapidas;santo domingo savio;1;13.0;25/10/2017;4000000;agropecuaria
femenino;comercio;miscelanea;villatina;3;3.0;28/09/2017;7370000;agropecuaria
femenino;comercio;mantenimiento en;guayabal;3;2.0;5/03/2019;7377000;agropecuaria
masculino;servicio;comidas rapidas;santa cruz;1;13.0;23/10/2017;4000000;agropecuaria
masculino;servicio;fabrica de;robledo;1;4.0;25/10/2018;7800000;agropecuaria
femenino;industria;ferreteria;kennedy;2;60.0;22/08/2017;7500000;agropecuaria
masculino;comercio;peluqueria;la milagrosa;3;5.0;5/12/2017;7300000;agropecuaria
femenino;comercio;restaurante;el salvador;3;2.0;9/11/2016;7377000;agropecuaria
masculino;servicio;tienda;aranjuez;1;10.0;30/10/2017;6000000;agropecuaria
masculino;comercio;peluqueria;la milagrosa;3;5.0;15/08/2017;7300000;agropecuaria
femenino;comercio;papeleria;aranjuezcito;3;3.0;15/06/2016;2000000;agropecuaria
femenino;industria;montallantas;el triunfo;2;12.0;14/01/2016;5300000;agropecuaria
femenino;industria;drogueria;el pinal;2;12.0;23/04/2019;28000000;agropecuaria
femenino;comercio;restaurante;villa hermosa;3;2.0;31/01/2017;7377000;agropecuaria
masculino;servicio;fabrica de;robledo;1;4.0;3/10/2018;7800000;agropecuaria
femenino;industria;drogueria;el pinal;2;12.0;26/06/2019;3750000;agropecuaria
femenino;industria;cafe e internet;carpinelo;2;16.0;13/12/2017;1500000;agropecuaria
masculino;servicio;tienda;buenos aires;1;7.0;1/03/2018;6000000;agropecuaria
femenino;industria;cerrajeria;san javier no.2;2;80.0;24/06/2016;5200000;agropecuaria
masculino;servicio;comidas rapidas;santa cruz;1;13.0;21/06/2017;4000000;agropecuaria
masculino;servicio;fabrica de;manrique central no. 1;1;7.0;5/02/2018;7000000;agropecuaria
femenino;industria;ebanistaria;cristo rey;2;12.0;18/12/2018;782000;agropecuaria
femenino;industria;cafe e internet;carpinelo;2;16.0;13/12/2017;1500000;agropecuaria
femenino;comercio;restaurante;moravia;3;2.0;8/06/2017;7300000;agropecuaria
masculino;comercio;peluqueria;moravia;3;5.0;27/07/2016;7300000;agropecuaria
femenino;industria;fabrica de alimentos;santander;3;6.0;25/01/2019;1000000;agropecuaria
masculino;servicio;comidas rapidas;santo domingo savio;1;13.0;5/04/2018;3000000;agropecuaria
femenino;industria;cafe e internet;centro admtivo;2;6.0;11/09/2017;3500000;agropecuaria
masculino;servicio;fabrica de;robledo;1;4.0;25/10/2018;7800000;agropecuaria
femenino;industria;fabrica de alimentos;santander;3;6.0;15/02/2017;6800000;agropecuaria
masculino;servicio;fabrica de;manrique central no. 1;1;7.0;14/11/2018;7000000;agropecuaria
femenino;industria;montallantas;las brisas;2;12.0;21/03/2019;18000000;agropecuaria
masculino;servicio;tienda;buenos aires;1;7.0;3/07/2018;6000000;agropecuaria
femenino;industria;sembrados;prado;2;9.0;10/08/2016;8281000;agropecuaria
masculino;servicio;tienda;popular;1;10.0;26/09/2017;5000000;agropecuaria
masculino;servicio;variedades;castilla;1;1.0;30/04/2018;5000000;agropecuaria
masculino;servicio;fabrica de;manrique central no. 1;1;4.0;4/05/2018;7000000;agropecuaria
femenino;industria;drogueria;el pinal;2;12.0;23/04/2019;28000000;agropecuaria
femenino;industria;carniceria;san benito;2;12.0;1/02/2019;3400000;agropecuaria
masculino;comercio;almacen de ropa en;barrio caicedo;3;8.0;5/09/2016;6890000;agropecuaria
masculino;servicio;variedades;cabecera san cristobal;1;1.0;21/05/2018;5000000;agropecuaria
masculino;comercio;almacen de ropa en;barrio caicedo;3;5.0;1/09/2017;6890000;agropecuaria
masculino;servicio;comidas rapidas;santo domingo savio;3;8.0;23/11/2017;3000000;agropecuaria
femenino;industria;cafeteria;juan xxiii la quiebra;2;16.0;21/09/2018;4500000;agropecuaria
masculino;comercio;peluqueria;la milagrosa;3;5.0;15/08/2017;7300000;agropecuaria
femenino;comercio;fabrica de calzado;florencia;3;6.0;1/04/2019;6800000;agropecuaria
femenino;industria;fabrica de repuestos;santa monica;2;15.0;9/04/2019;3600000;agropecuaria
masculino;servicio;fabrica de;manrique central no. 1;1;4.0;14/02/2018;7000000;agropecuaria
masculino;servicio;variedades;cabecera san cristobal;1;1.0;7/04/2017;5000000;agropecuaria
masculino;servicio;fabrica de;manrique central no. 1;1;4.0;23/03/2018;7000000;agropecuaria
femenino;industria;montallantas;las brisas;2;15.0;21/03/2019;1600000;agropecuaria
masculino;servicio;comidas rapidas;cabecera san antonio;3;8.0;16/11/2016;3000000;agropecuaria
masculino;servicio;tienda;belen;1;7.0;19/04/2018;7000000;agropecuaria
femenino;industria;productos de belleza;san pablo;2;16.0;8/05/2019;1500000;agropecuaria
masculino;servicio;fabrica de;robledo;1;4.0;22/05/2018;7800000;agropecuaria
masculino;servicio;fabrica de;san javier no.1;1;7.0;29/10/2018;7000000;agropecuaria
masculino;servicio;tienda;buenos aires;1;7.0;1/03/2018;6000000;agropecuaria
masculino;servicio;fabrica de;manrique central no. 1;1;4.0;25/07/2018;7800000;agropecuaria
masculino;servicio;tienda;popular;1;10.0;11/08/2017;5000000;agropecuaria
masculino;servicio;comidas rapidas;cabecera san antonio;3;8.0;10/11/2017;3000000;agropecuaria
masculino;servicio;fabrica de;robledo;1;4.0;24/01/2018;7800000;agropecuaria
femenino;industria;productos de belleza;san pablo;2;16.0;8/05/2019;1500000;agropecuaria
masculino;servicio;variedades;enciso;1;13.0;9/11/2017;4000000;agropecuaria
femenino;industria;criadero de animales;villa niza;2;60.0;27/08/2018;8000000;agropecuaria
masculino;servicio;fabrica de;san javier no.1;1;7.0;27/04/2018;7000000;agropecuaria
masculino;servicio;fabrica de;manrique central no. 1;1;4.0;4/05/2018;7000000;agropecuaria
masculino;servicio;tienda;aranjuez;1;10.0;8/05/2018;6000000;agropecuaria
masculino;servicio;variedades;enciso;1;1.0;18/05/2018;5000000;agropecuaria
masculino;servicio;fabrica de;manrique central no. 1;1;7.0;14/11/2018;7000000;agropecuaria
masculino;servicio;fabrica de;san javier no.1;1;7.0;29/10/2018;7000000;agropecuaria
masculino;servicio;tienda;popular;1;10.0;7/03/2018;5000000;agropecuaria
masculino;servicio;fabrica de;robledo;1;4.0;24/09/2018;7800000;agropecuaria
femenino;industria;panaderia;santa elena central;3;6.0;30/11/2016;1000000;agropecuaria
masculino;servicio;fabrica de;robledo;1;4.0;11/05/2018;7800000;agropecuaria
masculino;servicio;tienda;aranjuez;1;10.0;2/02/2018;6000000;agropecuaria
masculino;servicio;tienda;aranjuez;1;10.0;18/01/2019;6000000;agropecuaria
femenino;industria;panaderia;calasanz;3;6.0;6/12/2017;1000000;agropecuaria
masculino;servicio;fabrica de;robledo;1;4.0;25/05/2018;7800000;agropecuaria
femenino;industria;fabrica de productos;miranda;2;80.0;19/06/2018;10000000;agropecuaria
masculino;servicio;fabrica de;robledo;1;4.0;24/01/2018;7800000;agropecuaria
femenino;industria;organización y;la libertad;2;80.0;6/07/2016;20000000;agropecuaria
masculino;servicio;almacen de ropa en;campo valdes no. 1;3;8.0;1/11/2018;3000000;agropecuaria
femenino;agropecuaria;mensajeria;gerona;2;90.0;22/03/2019;36000000;microempresarial
femenino;comercio;barberia;villatina;3;3.0;14/12/2017;7370000;agropecuaria
masculino;servicio;fabrica de;san javier no.1;1;7.0;29/10/2018;7000000;agropecuaria
masculino;servicio;fabrica de;san javier no.1;1;7.0;9/04/2018;7000000;agropecuaria
femenino;comercio;restaurante;villa hermosa;3;2.0;22/08/2018;7377000;agropecuaria
masculino;servicio;comidas rapidas;cabecera san antonio;3;8.0;3/03/2017;3000000;agropecuaria
masculino;servicio;comidas rapidas;santo domingo savio;3;8.0;15/01/2019;3000000;agropecuaria
masculino;servicio;comidas rapidas;cabecera san antonio;3;8.0;29/09/2017;3000000;agropecuaria
masculino;servicio;fabrica de;manrique central no. 1;1;4.0;13/07/2017;7800000;agropecuaria
masculino;servicio;tienda;belen;1;7.0;13/09/2017;7000000;agropecuaria
femenino;industria;venta de calzado;tejelo;2;80.0;28/06/2018;800000;agropecuaria
femenino;comercio;miscelanea;villatina;3;3.0;19/07/2018;7370000;agropecuaria
femenino;comercio;papeleria;la floresta;3;3.0;17/11/2016;2000000;agropecuaria
masculino;servicio;fabrica de;robledo;1;4.0;22/05/2018;7800000;agropecuaria
femenino;comercio;restaurante;villa hermosa;3;2.0;31/01/2017;7377000;agropecuaria
masculino;servicio;tienda;cabecera san cristobal;1;10.0;12/07/2017;5000000;agropecuaria
masculino;servicio;tienda;aranjuez;1;10.0;18/06/2018;6000000;agropecuaria
femenino;industria;criadero de animales;villa niza;2;60.0;11/12/2017;8000000;agropecuaria
masculino;servicio;variedades;cabecera san cristobal;1;1.0;27/07/2018;5000000;agropecuaria
femenino;industria;venta de calzado;san jose de la cima no.;2;80.0;10/05/2019;7200000;agropecuaria
masculino;servicio;fabrica de;manrique central no. 1;1;7.0;6/07/2018;7000000;agropecuaria
masculino;servicio;comidas rapidas;cabecera san antonio;3;8.0;27/06/2017;3000000;agropecuaria
femenino;agropecuaria;jardineria;la oculta;2;70.0;18/05/2016;238491;juridica y cap.semilla
femenino;comercio;miscelanea;playon de los;3;6.0;30/01/2017;7370000;agropecuaria
masculino;comercio;peluqueria;manrique oriental;3;5.0;15/05/2018;6890000;agropecuaria
masculino;servicio;comidas rapidas;manrique central no. 2;1;13.0;5/03/2018;4000000;agropecuaria
masculino;servicio;fabrica de;robledo;1;4.0;21/02/2018;7800000;agropecuaria
femenino;comercio;mantenimiento en;guayabal;3;2.0;1/03/2017;7377000;agropecuaria
masculino;servicio;comidas rapidas;santo domingo savio;3;8.0;10/11/2016;3000000;agropecuaria
masculino;servicio;almacen de ropa en;campo valdes no. 1;3;8.0;4/09/2017;3000000;agropecuaria
masculino;servicio;comidas rapidas;santa cruz;1;13.0;15/06/2018;4000000;agropecuaria
masculino;servicio;fabrica de;manrique central no. 1;1;4.0;14/02/2018;7000000;agropecuaria
masculino;servicio;fabrica de;manrique central no. 1;1;4.0;29/08/2018;7800000;agropecuaria
masculino;servicio;fabrica de;robledo;1;4.0;13/02/2018;7800000;agropecuaria
masculino;servicio;fabrica de;manrique central no. 1;1;7.0;7/02/2018;7000000;agropecuaria
femenino;industria;variedades de helados;pablo vi;2;60.0;22/04/2019;6500000;agropecuaria
masculino;servicio;fabrica de;robledo;1;4.0;11/05/2018;7800000;agropecuaria
femenino;agropecuaria;venta de repuestos;loma de los bernal;2;50.0;2018/07/6;7250000;juridica y cap.semilla
femenino;industria;granero;palmitas;2;80.0;29/01/2019;7200000;agropecuaria
femenino;industria;cafeteria;llanaditas;2;16.0;10/05/2016;4500000;agropecuaria
masculino;servicio;fabrica de;san javier no.1;1;7.0;9/05/2018;7000000;agropecuaria
masculino;servicio;tienda;buenos aires;1;10.0;26/10/2017;6000000;agropecuaria
masculino;servicio;variedades;castilla;1;1.0;12/12/2017;5000000;agropecuaria
femenino;comercio;mantenimiento en;el salvador;3;2.0;19/12/2016;7377000;agropecuaria
masculino;servicio;tienda;popular;1;10.0;20/11/2017;6000000;agropecuaria
femenino;industria;cafeteria;juan xxiii la quiebra;2;16.0;20/03/2019;1500000;agropecuaria
masculino;servicio;fabrica de;robledo;1;4.0;5/06/2018;7800000;agropecuaria
femenino;industria;ferreteria;santa lucia;2;60.0;30/08/2016;7500000;agropecuaria
masculino;servicio;comidas rapidas;manrique central no. 2;1;13.0;5/03/2018;4000000;agropecuaria
femenino;industria;carpinteria;toscana;2;9.0;15/04/2016;8281000;agropecuaria
masculino;servicio;comidas rapidas;cabecera san antonio;3;8.0;3/03/2017;3000000;agropecuaria
masculino;comercio;peluqueria;la milagrosa;3;5.0;1/11/2017;7300000;agropecuaria
femenino;comercio;barberia;20 de julio;3;3.0;24/04/2019;2000000;agropecuaria
masculino;servicio;tienda;aranjuez;1;10.0;2/11/2017;6000000;agropecuaria
femenino;industria;panaderia;santa elena central;3;6.0;5/05/2016;1000000;agropecuaria
femenino;industria;productos de belleza;la francia;2;16.0;22/11/2017;1500000;agropecuaria
masculino;servicio;tienda;popular;1;10.0;25/01/2018;6000000;agropecuaria
masculino;comercio;almacen de ropa en;barrio caicedo;3;8.0;5/09/2016;6890000;agropecuaria
femenino;industria;recreativo educativo;altavista;2;16.0;13/07/2016;4500000;agropecuaria
masculino;comercio;almacen de ropa en;manrique oriental;3;5.0;24/10/2016;6890000;agropecuaria
masculino;servicio;tienda;belen;1;7.0;31/10/2018;7000000;agropecuaria
masculino;comercio;peluqueria;la milagrosa;3;5.0;25/08/2016;7300000;agropecuaria
femenino;industria;publicidad y;el socorro;2;9.0;14/05/2019;7812000;agropecuaria
femenino;industria;cafe e internet;boston;3;6.0;7/06/2019;3500000;agropecuaria
masculino;servicio;fabrica de;robledo;1;4.0;14/09/2018;7800000;agropecuaria
masculino;servicio;tienda;buenos aires;1;7.0;1/03/2018;6000000;agropecuaria
masculino;servicio;comidas rapidas;manrique central no. 2;1;13.0;25/04/2017;4000000;agropecuaria
masculino;servicio;fabrica de;robledo;1;4.0;7/11/2017;7800000;agropecuaria
femenino;industria;cafeteria;llanaditas;2;16.0;15/07/2016;4500000;agropecuaria
masculino;servicio;comidas rapidas;santa cruz;1;13.0;18/09/2017;4000000;agropecuaria
femenino;comercio;mantenimiento en;andalucia;3;2.0;5/04/2016;7377000;agropecuaria
masculino;servicio;comidas rapidas;santa cruz;1;13.0;6/04/2018;4000000;agropecuaria
masculino;servicio;almacen de ropa en;campo valdes no. 1;3;8.0;18/08/2017;3000000;agropecuaria
masculino;servicio;fabrica de;robledo;1;4.0;5/07/2018;7800000;agropecuaria
femenino;industria;variedades naturista;la avanzada;2;80.0;9/05/2019;16000000;agropecuaria
masculino;comercio;peluqueria;doce de octubre no.1;3;5.0;21/04/2017;7300000;agropecuaria
femenino;comercio;miscelanea;granizal;3;6.0;30/01/2017;7370000;agropecuaria
masculino;servicio;tienda;popular;1;10.0;23/04/2018;6000000;agropecuaria
femenino;industria;criadero de animales;boyaca;2;60.0;24/03/2017;8000000;agropecuaria
masculino;servicio;tienda;aranjuez;1;10.0;2/02/2018;6000000;agropecuaria
femenino;industria;legumbreria;las palmas;2;16.0;3/10/2016;2500000;agropecuaria
femenino;industria;taller de mecanica;picachito;2;60.0;27/10/2016;6500000;agropecuaria
masculino;servicio;tienda;belen;1;7.0;26/04/2018;7000000;agropecuaria
masculino;servicio;variedades;castilla;1;1.0;5/10/2016;5000000;agropecuaria
femenino;comercio;distribuidora de;andalucia;3;3.0;12/09/2016;2000000;agropecuaria
femenino;industria;recreativo educativo;las palmas;2;16.0;21/12/2016;2500000;agropecuaria
masculino;servicio;comidas rapidas;santo domingo savio;1;13.0;24/04/2017;4000000;agropecuaria
femenino;industria;sembrados;la pradera;2;60.0;1/03/2016;7500000;agropecuaria
masculino;comercio;almacen de ropa en;manrique oriental;3;5.0;14/06/2017;6890000;agropecuaria
masculino;servicio;fabrica de;robledo;1;4.0;25/04/2018;7800000;agropecuaria
masculino;servicio;fabrica de;san javier no.1;1;7.0;13/03/2018;7000000;agropecuaria
masculino;servicio;comidas rapidas;cabecera san antonio;3;8.0;27/06/2017;3000000;agropecuaria
masculino;servicio;tienda;buenos aires;1;10.0;9/03/2017;6000000;agropecuaria
masculino;servicio;comidas rapidas;campo valdes no. 1;3;8.0;28/10/2016;3000000;agropecuaria
femenino;industria;drogueria;santa rosa de lima;2;12.0;26/06/2019;3750000;agropecuaria
masculino;servicio;fabrica de;robledo;1;4.0;18/10/2018;7800000;agropecuaria
femenino;comercio;papeleria;la floresta;3;3.0;17/11/2016;2000000;agropecuaria
femenino;comercio;distribuidora de;andalucia;3;3.0;29/03/2016;2000000;agropecuaria
masculino;servicio;tienda;belen;1;7.0;31/05/2018;7000000;agropecuaria
masculino;servicio;fabrica de;robledo;1;4.0;14/03/2018;7800000;agropecuaria
masculino;comercio;peluqueria;doce de octubre no.1;3;5.0;22/06/2017;6890000;agropecuaria
femenino;comercio;mantenimiento en;el salvador;3;2.0;18/12/2017;7377000;agropecuaria
masculino;servicio;comidas rapidas;santo domingo savio;3;13.0;13/03/2019;3000000;agropecuaria
femenino;comercio;barberia;la floresta;3;3.0;8/02/2017;2000000;agropecuaria
masculino;comercio;almacen de ropa en;manrique oriental;3;5.0;27/09/2018;6890000;agropecuaria
masculino;servicio;variedades;enciso;1;1.0;6/09/2017;5000000;agropecuaria
masculino;servicio;fabrica de;manrique central no. 1;1;4.0;13/07/2017;7800000;agropecuaria
masculino;servicio;tienda;belen;1;7.0;7/06/2018;7000000;agropecuaria
femenino;industria;criadero de animales;villa niza;2;60.0;28/09/2016;8000000;agropecuaria
masculino;servicio;variedades;cabecera san cristobal;1;1.0;18/07/2017;5000000;agropecuaria
masculino;servicio;fabrica de;san javier no.1;1;7.0;13/03/2018;7000000;agropecuaria
femenino;industria;venta de calzado;san jose de la cima no.;2;80.0;28/12/2016;7200000;agropecuaria
femenino;comercio;barberia;la floresta;3;3.0;8/02/2017;2000000;agropecuaria
masculino;servicio;fabrica de;robledo;1;4.0;7/11/2017;7800000;agropecuaria
masculino;servicio;tienda;cabecera san cristobal;1;10.0;12/07/2017;5000000;agropecuaria
masculino;servicio;tienda;aranjuez;1;10.0;20/03/2018;6000000;agropecuaria
femenino;industria;recreativo educativo;alfonso lopez;2;16.0;4/02/2019;4500000;agropecuaria
femenino;industria;carpinteria;13 de noviembre;2;9.0;6/02/2019;8281000;agropecuaria
masculino;servicio;almacen de ropa en;campo valdes no. 1;3;8.0;29/01/2018;3000000;agropecuaria
femenino;industria;panaderia;santa elena central;3;6.0;15/11/2016;3500000;agropecuaria
masculino;servicio;comidas rapidas;santo domingo savio;3;8.0;21/03/2018;3000000;agropecuaria
masculino;servicio;tienda;aranjuez;1;10.0;17/07/2017;6000000;agropecuaria
masculino;servicio;fabrica de;robledo;1;4.0;11/05/2018;7800000;agropecuaria
masculino;servicio;tienda;buenos aires;1;7.0;8/02/2018;6000000;agropecuaria
masculino;servicio;fabrica de;manrique central no. 1;1;4.0;13/07/2017;7800000;agropecuaria
femenino;industria;charcuteria;francisco antonio zea;2;60.0;18/07/2016;8200000;agropecuaria
femenino;industria;panaderia;santa elena central;3;6.0;24/11/2016;1000000;agropecuaria
masculino;servicio;fabrica de;robledo;1;4.0;23/05/2018;7800000;agropecuaria
masculino;servicio;fabrica de;manrique central no. 1;1;4.0;13/07/2017;7800000;agropecuaria
masculino;servicio;fabrica de;manrique central no. 1;1;7.0;6/07/2018;7000000;agropecuaria
femenino;industria;publicidad y;la america;2;9.0;11/06/2019;4400000;agropecuaria
masculino;servicio;variedades;castilla;1;1.0;24/08/2017;5000000;agropecuaria
masculino;servicio;tienda;popular;1;10.0;25/01/2018;6000000;agropecuaria
femenino;comercio;mantenimiento en;andalucia;3;2.0;26/08/2016;7377000;agropecuaria
femenino;industria;montallantas;las brisas;2;15.0;21/03/2019;1600000;agropecuaria
femenino;industria;fotografia;la america;2;9.0;11/06/2019;4400000;agropecuaria
femenino;agropecuaria;jardineria;yarumalito;2;70.0;2018/04/26;2296739;microempresarial
femenino;industria;fabrica de helados;san diego;2;9.0;20/05/2016;5500000;agropecuaria
masculino;servicio;tienda;popular;1;10.0;30/05/2018;6000000;agropecuaria
masculino;servicio;tienda;belen;1;7.0;22/03/2018;7000000;agropecuaria
femenino;agropecuaria;fabrica de ceramica;palenque;2;90.0;26/12/2017;4480000;microempresarial
femenino;comercio;mantenimiento en;andalucia;3;2.0;26/08/2016;7377000;agropecuaria
masculino;servicio;fabrica de;manrique central no. 1;1;7.0;14/11/2018;7000000;agropecuaria
masculino;servicio;fabrica de;manrique central no. 1;1;4.0;16/04/2018;7800000;agropecuaria
masculino;servicio;comidas rapidas;santo domingo savio;3;8.0;10/11/2016;3000000;agropecuaria
femenino;comercio;distribuidora de;andalucia;3;3.0;29/03/2016;2000000;agropecuaria
masculino;servicio;tienda;san javier no.1;1;7.0;20/06/2017;7000000;agropecuaria
masculino;servicio;comidas rapidas;santa cruz;1;13.0;21/06/2017;4000000;agropecuaria
femenino;industria;fabrica de calzado;florencia;3;6.0;17/01/2018;6800000;agropecuaria
femenino;industria;criadero de animales;villa del socorro;2;16.0;16/08/2017;8000000;agropecuaria
masculino;comercio;peluqueria;doce de octubre no.1;3;5.0;18/11/2016;7300000;agropecuaria
masculino;servicio;fabrica de;robledo;1;4.0;4/04/2018;7800000;agropecuaria
masculino;comercio;almacen de ropa en;manrique oriental;3;5.0;14/06/2017;6890000;agropecuaria
masculino;servicio;comidas rapidas;santa cruz;1;13.0;23/11/2016;4000000;agropecuaria
masculino;servicio;variedades;enciso;1;1.0;18/05/2018;5000000;agropecuaria
masculino;comercio;peluqueria;la milagrosa;3;5.0;5/12/2017;7300000;agropecuaria
masculino;servicio;variedades;cabecera san cristobal;1;1.0;27/07/2018;5000000;agropecuaria
masculino;comercio;almacen de ropa en;manrique oriental;3;5.0;20/10/2016;6890000;agropecuaria
masculino;servicio;almacen de ropa en;campo valdes no. 1;3;8.0;17/08/2017;3000000;agropecuaria
masculino;servicio;variedades;castilla;1;1.0;11/04/2018;5000000;agropecuaria
femenino;industria;productos de belleza;san pablo;2;16.0;7/06/2017;1500000;agropecuaria
masculino;servicio;variedades;enciso;1;1.0;8/03/2018;4000000;agropecuaria
femenino;industria;variedades de helados;girardot;2;60.0;11/08/2016;6500000;agropecuaria
masculino;servicio;fabrica de;san javier no.1;1;7.0;9/05/2018;7000000;agropecuaria
femenino;industria;fabrica de helados;lopez de mesa;2;9.0;11/05/2016;5500000;agropecuaria
masculino;servicio;fabrica de;robledo;1;4.0;5/06/2018;7800000;agropecuaria
masculino;comercio;peluqueria;moravia;3;2.0;16/12/2016;7300000;agropecuaria
masculino;servicio;fabrica de;san javier no.1;1;7.0;7/02/2018;7000000;agropecuaria
masculino;comercio;peluqueria;la milagrosa;3;5.0;4/05/2017;7300000;agropecuaria
femenino;comercio;mantenimiento en;guayabal;3;2.0;9/08/2018;7377000;agropecuaria
masculino;servicio;comidas rapidas;santo domingo savio;3;8.0;10/11/2016;3000000;agropecuaria
masculino;servicio;fabrica de;robledo;1;4.0;6/06/2017;7800000;agropecuaria
masculino;servicio;comidas rapidas;santo domingo savio;3;13.0;8/08/2017;3000000;agropecuaria
femenino;industria;charcuteria;loreto;2;60.0;20/02/2019;8200000;agropecuaria
masculino;comercio;peluqueria;moravia;3;2.0;29/05/2019;7300000;agropecuaria
masculino;comercio;almacen de ropa en;manrique oriental;3;5.0;21/02/2017;6890000;agropecuaria
masculino;servicio;variedades;enciso;1;1.0;19/04/2017;5000000;agropecuaria
femenino;comercio;barberia;20 de julio;3;3.0;24/04/2019;2000000;agropecuaria
masculino;servicio;variedades;enciso;1;1.0;26/01/2018;5000000;agropecuaria
masculino;servicio;tienda;belen;1;7.0;2/03/2018;7000000;agropecuaria
masculino;servicio;tienda;popular;1;10.0;30/05/2018;6000000;agropecuaria
masculino;servicio;fabrica de;robledo;1;4.0;21/02/2018;7800000;agropecuaria
femenino;comercio;fabrica de calzado;granizal;3;6.0;3/09/2018;7370000;agropecuaria
masculino;servicio;tienda;aranjuez;1;10.0;12/02/2018;6000000;agropecuaria
masculino;comercio;peluqueria;moravia;3;5.0;27/07/2016;7300000;agropecuaria
masculino;servicio;comidas rapidas;santo domingo savio;1;13.0;24/04/2017;4000000;agropecuaria
masculino;servicio;comidas rapidas;manrique central no. 2;1;13.0;11/07/2018;4000000;agropecuaria
femenino;industria;legumbreria;trinidad;2;16.0;18/06/2019;2500000;agropecuaria
femenino;comercio;miscelanea;playon de los;3;3.0;2/12/2016;7370000;agropecuaria
masculino;servicio;fabrica de;manrique central no. 1;1;7.0;6/07/2018;7000000;agropecuaria
femenino;industria;taller de electronica;la loma;2;80.0;25/06/2019;2200000;agropecuaria
masculino;servicio;variedades;enciso;1;13.0;1/06/2017;4000000;agropecuaria
masculino;servicio;variedades;manrique central no. 2;1;13.0;16/11/2017;4000000;agropecuaria
femenino;comercio;restaurante;villa hermosa;3;2.0;14/11/2017;7377000;agropecuaria
masculino;comercio;peluqueria;la milagrosa;3;5.0;29/04/2019;7300000;agropecuaria
masculino;servicio;comidas rapidas;cabecera san antonio;3;8.0;20/02/2017;3000000;agropecuaria
masculino;comercio;peluqueria;la milagrosa;3;5.0;1/11/2017;7300000;agropecuaria
masculino;servicio;tienda;belen;1;7.0;2/05/2018;7000000;agropecuaria
femenino;industria;fabrica de helados;san diego;2;9.0;27/06/2016;5500000;agropecuaria
masculino;servicio;fabrica de;robledo;1;4.0;7/11/2017;7800000;agropecuaria
masculino;servicio;tienda;san javier no.1;1;7.0;5/09/2018;7000000;agropecuaria
masculino;servicio;tienda;buenos aires;1;10.0;28/05/2018;6000000;agropecuaria
femenino;industria;variedades naturista;el chagualo;2;12.0;29/06/2016;4100000;agropecuaria
masculino;servicio;fabrica de;manrique central no. 1;1;4.0;4/05/2018;7000000;agropecuaria
masculino;servicio;fabrica de;robledo;1;4.0;5/07/2018;7800000;agropecuaria
masculino;comercio;peluqueria;doce de octubre no.1;3;5.0;22/06/2017;6890000;agropecuaria
femenino;comercio;barberia;20 de julio;3;3.0;26/07/2018;7370000;agropecuaria
masculino;servicio;fabrica de;manrique central no. 1;1;4.0;27/06/2018;7800000;agropecuaria
masculino;servicio;variedades;manrique central no. 2;1;13.0;17/08/2018;4000000;agropecuaria
masculino;servicio;variedades;castilla;1;1.0;17/07/2018;5000000;agropecuaria
femenino;comercio;restaurante;villa hermosa;3;2.0;31/07/2018;7377000;agropecuaria
masculino;servicio;fabrica de;robledo;1;4.0;14/03/2018;7800000;agropecuaria
masculino;servicio;fabrica de;robledo;1;4.0;24/10/2017;7800000;agropecuaria
masculino;servicio;fabrica de;manrique central no. 1;1;4.0;13/07/2017;7800000;agropecuaria
femenino;industria;variedades de helados;girardot;2;60.0;24/02/2017;8200000;agropecuaria
masculino;servicio;fabrica de;robledo;1;4.0;4/04/2018;7800000;agropecuaria
masculino;servicio;tienda;san javier no.1;1;7.0;20/06/2017;7000000;agropecuaria
masculino;servicio;comidas rapidas;cabecera san antonio;3;8.0;3/03/2017;3000000;agropecuaria
femenino;industria;fabrica de alimentos;santander;3;6.0;18/08/2016;6800000;agropecuaria
masculino;servicio;tienda;aranjuez;1;10.0;14/06/2018;6000000;agropecuaria
masculino;servicio;fabrica de;san javier no.1;1;7.0;7/05/2018;7000000;agropecuaria
masculino;comercio;peluqueria;la milagrosa;3;5.0;3/05/2019;7300000;agropecuaria
femenino;industria;carniceria;aguas frias;2;12.0;2018/10/25;4700000;agropecuaria
masculino;servicio;variedades;enciso;1;13.0;1/06/2017;4000000;agropecuaria
femenino;industria;deposito de;el poblado;2;15.0;31/03/2016;6700000;agropecuaria
femenino;industria;fabrica de muebles;el compromiso;2;12.0;23/05/2019;68900000;agropecuaria
femenino;industria;ferreteria;la pradera;2;60.0;20/05/2019;7500000;agropecuaria
masculino;comercio;almacen de ropa en;barrio caicedo;3;5.0;26/11/2018;6890000;agropecuaria
femenino;comercio;distribuidora de;pedregal;3;3.0;11/05/2017;2000000;agropecuaria
femenino;industria;criadero de animales;boyaca;2;60.0;24/03/2017;8000000;agropecuaria
femenino;industria;panaderia;boston;3;6.0;13/06/2018;3500000;agropecuaria
femenino;industria;licorera;calasanz parte alta;2;15.0;5/01/2018;7350000;agropecuaria
masculino;servicio;fabrica de;robledo;1;4.0;24/09/2018;7800000;agropecuaria
femenino;comercio;mantenimiento en;guayabal;3;2.0;9/10/2017;7377000;agropecuaria
masculino;servicio;fabrica de;robledo;1;4.0;6/02/2018;7800000;agropecuaria
femenino;industria;drogueria;el compromiso;2;12.0;30/04/2019;700000;agropecuaria
femenino;industria;variedades de helados;pablo vi;2;60.0;15/02/2019;6500000;agropecuaria
masculino;servicio;fabrica de;robledo;1;4.0;4/04/2018;7800000;agropecuaria
masculino;servicio;tienda;cabecera san cristobal;1;1.0;4/07/2018;5000000;agropecuaria
femenino;industria;carpinteria;toscana;2;9.0;29/12/2017;5500000;agropecuaria
femenino;industria;productos de belleza;san pablo;2;16.0;14/12/2018;1500000;agropecuaria
femenino;industria;sembrados;prado;2;9.0;6/06/2019;8281000;agropecuaria
femenino;industria;panaderia;santa elena central;3;6.0;30/11/2016;1000000;agropecuaria
masculino;servicio;comidas rapidas;cabecera san antonio;3;8.0;20/11/2018;3000000;agropecuaria
femenino;industria;deposito de;santa monica;2;15.0;29/12/2016;5700000;agropecuaria
masculino;servicio;variedades;castilla;1;1.0;28/08/2017;5000000;agropecuaria
masculino;servicio;tienda;buenos aires;1;10.0;26/10/2017;6000000;agropecuaria
femenino;comercio;miscelanea;playon de los;3;3.0;10/04/2019;7370000;agropecuaria
masculino;servicio;tienda;buenos aires;1;10.0;9/02/2018;6000000;agropecuaria
femenino;industria;fabrica de alimentos;calasanz;3;6.0;17/01/2017;1000000;agropecuaria
femenino;comercio;mantenimiento en;guayabal;3;2.0;5/03/2019;7377000;agropecuaria
masculino;servicio;tienda;popular;1;10.0;8/05/2017;6000000;agropecuaria
femenino;industria;taller de mecanica;picachito;2;60.0;20/02/2016;6500000;agropecuaria
femenino;industria;fabrica de alimentos;santander;3;6.0;15/02/2017;6800000;agropecuaria
femenino;comercio;distribuidora de;pedregal;3;3.0;8/11/2018;2000000;agropecuaria
masculino;servicio;fabrica de;robledo;1;4.0;26/10/2018;7800000;agropecuaria
femenino;comercio;miscelanea;granizal;3;6.0;30/01/2017;7370000;agropecuaria
femenino;industria;drogueria;el pinal;2;12.0;23/04/2019;28000000;agropecuaria
femenino;industria;taller de electronica;la libertad;2;80.0;15/03/2016;20000000;agropecuaria
masculino;servicio;variedades;castilla;1;1.0;5/10/2016;5000000;agropecuaria
masculino;servicio;variedades;cabecera san cristobal;1;1.0;7/04/2017;5000000;agropecuaria
masculino;comercio;peluqueria;la milagrosa;3;5.0;12/04/2016;7300000;agropecuaria
femenino;industria;gimnasio;el corazon;2;15.0;2018/11/20;7812242;agropecuaria
femenino;industria;variedades de helados;girardot;2;60.0;24/02/2017;8200000;agropecuaria
masculino;servicio;fabrica de;robledo;1;4.0;7/11/2017;7800000;agropecuaria
masculino;servicio;fabrica de;robledo;1;4.0;22/06/2018;7800000;agropecuaria
masculino;servicio;tienda;belen;1;7.0;23/05/2017;6000000;agropecuaria
femenino;industria;cafe e internet;carpinelo;2;16.0;7/06/2016;3500000;agropecuaria
masculino;comercio;almacen de ropa en;manrique oriental;3;5.0;21/02/2017;6890000;agropecuaria
femenino;comercio;papeleria;aranjuezcito;3;3.0;30/07/2018;2000000;agropecuaria
masculino;servicio;tienda;belen;1;7.0;2/05/2018;7000000;agropecuaria
masculino;servicio;variedades;enciso;1;13.0;9/11/2017;4000000;agropecuaria
femenino;comercio;papeleria;aranjuezcito;3;3.0;15/06/2016;2000000;agropecuaria
femenino;industria;sembrados;la pradera;2;60.0;1/03/2016;7500000;agropecuaria
masculino;servicio;fabrica de;robledo;1;4.0;24/01/2018;7800000;agropecuaria
masculino;servicio;fabrica de;manrique central no. 1;1;7.0;5/02/2018;7000000;agropecuaria
femenino;industria;fabrica de alimentos;santander;3;6.0;29/02/2016;6800000;agropecuaria
femenino;comercio;restaurante;el salvador;3;2.0;25/11/2016;7377000;agropecuaria
masculino;servicio;tienda;popular;1;10.0;20/04/2018;6000000;agropecuaria
masculino;servicio;variedades;enciso;1;1.0;19/04/2017;5000000;agropecuaria
femenino;industria;fotografia;la candelaria;2;9.0;2/02/2017;4400000;agropecuaria
femenino;comercio;mantenimiento en;andalucia;3;2.0;26/08/2016;7377000;agropecuaria
femenino;industria;criadero de animales;villa niza;2;60.0;27/08/2018;8000000;agropecuaria
femenino;comercio;mantenimiento en;guayabal;3;2.0;1/02/2017;7377000;agropecuaria
masculino;servicio;almacen de ropa en;campo valdes no. 1;3;8.0;18/08/2017;3000000;agropecuaria
masculino;servicio;comidas rapidas;santo domingo savio;1;13.0;25/10/2017;4000000;agropecuaria
masculino;servicio;variedades;castilla;1;1.0;30/04/2018;5000000;agropecuaria
masculino;comercio;almacen de ropa en;manrique oriental;3;5.0;24/10/2016;6890000;agropecuaria
masculino;servicio;variedades;castilla;1;1.0;30/04/2018;5000000;agropecuaria
masculino;servicio;fabrica de;san javier no.1;1;7.0;26/07/2017;7000000;agropecuaria
femenino;industria;reciclaje;versalles no. 2;2;15.0;2018/01/24;7360000;agropecuaria
femenino;industria;fabrica de arepas;la colina;2;12.0;14/04/2016;5800000;agropecuaria
femenino;industria;legumbreria;trinidad;2;16.0;16/08/2018;2500000;agropecuaria
masculino;comercio;peluqueria;la milagrosa;3;5.0;17/04/2017;7300000;agropecuaria
masculino;servicio;tienda;aranjuez;1;10.0;19/05/2017;6000000;agropecuaria
femenino;comercio;mantenimiento en;el salvador;3;2.0;26/04/2016;7377000;agropecuaria
masculino;servicio;tienda;belen;1;7.0;2/05/2018;7000000;agropecuaria
masculino;servicio;variedades;castilla;1;1.0;12/06/2018;5000000;agropecuaria
masculino;servicio;fabrica de;robledo;1;4.0;11/05/2018;7800000;agropecuaria
masculino;servicio;tienda;aranjuez;1;10.0;27/03/2017;6000000;agropecuaria
masculino;servicio;fabrica de;robledo;1;4.0;1/08/2018;7800000;agropecuaria
femenino;agropecuaria;venta de lacteos;san martin de porres;2;90.0;14/02/2019;36;empresarial ed.
femenino;industria;publicidad y;blanquizal;2;9.0;19/04/2016;7812000;agropecuaria
masculino;servicio;fabrica de;robledo;1;4.0;24/10/2018;7800000;agropecuaria
masculino;comercio;almacen de ropa en;manrique oriental;3;5.0;9/02/2017;6890000;agropecuaria
masculino;servicio;comidas rapidas;cabecera san antonio;3;8.0;10/11/2017;3000000;agropecuaria
masculino;servicio;tienda;belen;1;7.0;13/09/2017;7000000;agropecuaria
femenino;industria;recreativo educativo;alfonso lopez;2;16.0;25/10/2016;4500000;agropecuaria
masculino;servicio;variedades;enciso;1;1.0;15/11/2017;5000000;agropecuaria
femenino;comercio;restaurante;el salvador;3;2.0;9/11/2016;7377000;agropecuaria
masculino;comercio;peluqueria;doce de octubre no.1;3;5.0;18/11/2016;7300000;agropecuaria
femenino;comercio;barberia;villatina;3;3.0;14/12/2017;7370000;agropecuaria
masculino;servicio;fabrica de;manrique central no. 1;1;4.0;16/04/2018;7800000;agropecuaria
masculino;servicio;fabrica de;robledo;1;4.0;10/07/2018;7800000;agropecuaria
femenino;industria;charcuteria;francisco antonio zea;2;60.0;31/05/2019;8200000;agropecuaria
masculino;servicio;variedades;castilla;1;1.0;12/12/2017;5000000;agropecuaria
masculino;servicio;variedades;manrique central no. 2;1;13.0;16/11/2017;4000000;agropecuaria
femenino;comercio;fabrica de calzado;granizal;3;6.0;14/07/2017;7370000;agropecuaria
masculino;servicio;fabrica de;robledo;1;4.0;22/05/2018;7800000;agropecuaria
masculino;servicio;tienda;belen;1;7.0;8/06/2018;7000000;agropecuaria
masculino;servicio;fabrica de;robledo;1;4.0;14/03/2018;7800000;agropecuaria
femenino;comercio;fabrica de calzado;granizal;3;6.0;23/01/2018;7370000;agropecuaria
masculino;servicio;fabrica de;robledo;1;4.0;24/01/2018;7800000;agropecuaria
masculino;servicio;fabrica de;san javier no.1;1;7.0;30/01/2018;7000000;agropecuaria
femenino;industria;productos de belleza;la francia;2;16.0;15/02/2016;1500000;agropecuaria
masculino;servicio;fabrica de;robledo;1;4.0;14/09/2018;7800000;agropecuaria
femenino;industria;fabrica de alimentos;picacho;3;6.0;15/03/2017;6800000;agropecuaria
masculino;servicio;fabrica de;san javier no.1;1;7.0;17/05/2018;7000000;agropecuaria
femenino;comercio;papeleria;la floresta;3;3.0;8/04/2019;2000000;agropecuaria
masculino;servicio;fabrica de;manrique central no. 1;1;4.0;23/03/2018;7000000;agropecuaria
femenino;industria;criadero de animales;boyaca;2;60.0;24/03/2017;8000000;agropecuaria
masculino;servicio;variedades;castilla;1;1.0;17/07/2018;5000000;agropecuaria
masculino;servicio;variedades;castilla;1;1.0;8/11/2017;5000000;agropecuaria
femenino;industria;marroquineria;bello horizonte;2;15.0;2017/02/23;6443500;agropecuaria
masculino;servicio;fabrica de;san javier no.1;1;7.0;23/02/2017;7000000;agropecuaria
masculino;servicio;tienda;aranjuez;1;10.0;30/10/2017;6000000;agropecuaria
femenino;industria;recreativo educativo;altavista;2;16.0;21/12/2016;2500000;agropecuaria
masculino;servicio;tienda;belen;1;7.0;3/04/2018;7000000;agropecuaria
masculino;servicio;variedades;enciso;1;13.0;26/04/2017;4000000;agropecuaria
femenino;industria;variedades naturista;la avanzada;2;80.0;9/05/2019;16000000;agropecuaria
masculino;servicio;variedades;castilla;1;1.0;12/06/2018;5000000;agropecuaria
femenino;comercio;papeleria;la floresta;3;3.0;19/10/2016;2000000;agropecuaria
masculino;comercio;almacen de ropa en;barrio caicedo;3;8.0;5/04/2017;6890000;agropecuaria
masculino;servicio;comidas rapidas;santa cruz;1;13.0;23/10/2017;4000000;agropecuaria
femenino;industria;taller de mecanica;picachito;2;60.0;27/03/2019;8000000;agropecuaria
femenino;industria;cafe e internet;carpinelo;2;16.0;7/06/2016;3500000;agropecuaria
masculino;comercio;peluqueria;doce de octubre no.1;3;5.0;23/01/2017;6890000;agropecuaria
masculino;servicio;fabrica de;san javier no.1;1;7.0;7/02/2018;7000000;agropecuaria
femenino;industria;variedades de helados;girardot;2;60.0;17/05/2016;6500000;agropecuaria
masculino;servicio;fabrica de;robledo;1;4.0;5/07/2018;7800000;agropecuaria
femenino;industria;fabrica de alimentos;picacho;3;6.0;23/09/2016;6800000;agropecuaria
masculino;comercio;almacen de ropa en;manrique oriental;3;5.0;13/11/2018;6890000;agropecuaria
masculino;servicio;fabrica de;robledo;1;4.0;24/10/2017;7800000;agropecuaria
masculino;servicio;tienda;popular;1;10.0;15/03/2018;6000000;agropecuaria
masculino;servicio;fabrica de;robledo;1;4.0;1/08/2018;7800000;agropecuaria
masculino;comercio;peluqueria;la milagrosa;3;5.0;5/12/2017;7300000;agropecuaria
masculino;servicio;tienda;belen;1;7.0;13/09/2017;7000000;agropecuaria
masculino;servicio;almacen de ropa en;campo valdes no. 1;3;8.0;18/08/2017;3000000;agropecuaria
masculino;servicio;comidas rapidas;cabecera san antonio;3;8.0;30/03/2017;3000000;agropecuaria
masculino;servicio;fabrica de;manrique central no. 1;1;7.0;16/07/2018;7000000;agropecuaria
masculino;comercio;peluqueria;doce de octubre no.1;3;5.0;23/01/2017;6890000;agropecuaria
femenino;comercio;restaurante;villa hermosa;3;2.0;15/09/2017;7377000;agropecuaria
femenino;comercio;fabrica de calzado;granizal;3;6.0;14/07/2017;7370000;agropecuaria
femenino;industria;ebanistaria;bombona no. 1;2;12.0;29/03/2019;3300000;agropecuaria
masculino;servicio;fabrica de;robledo;1;4.0;23/05/2018;7800000;agropecuaria
masculino;servicio;almacen de ropa en;campo valdes no. 1;3;8.0;7/02/2017;6890000;agropecuaria
masculino;servicio;variedades;manrique central no. 2;1;13.0;16/11/2017;4000000;agropecuaria
masculino;comercio;peluqueria;doce de octubre no.1;3;5.0;21/11/2018;7300000;agropecuaria
femenino;industria;cafe e internet;centro admtivo;2;6.0;28/03/2019;3500000;agropecuaria
femenino;comercio;mantenimiento en;el salvador;3;2.0;26/04/2016;7377000;agropecuaria
masculino;servicio;fabrica de;robledo;1;4.0;3/10/2018;7800000;agropecuaria
masculino;comercio;almacen de ropa en;manrique oriental;3;5.0;24/10/2016;6890000;agropecuaria
femenino;comercio;barberia;20 de julio;3;3.0;8/09/2017;2000000;agropecuaria
femenino;industria;sembrados;prado;2;9.0;8/04/2016;8281000;agropecuaria
femenino;industria;fabrica de alimentos;santander;3;6.0;4/12/2017;1000000;agropecuaria
femenino;comercio;restaurante;el salvador;3;2.0;4/12/2018;7377000;agropecuaria
masculino;servicio;comidas rapidas;santo domingo savio;1;13.0;26/10/2016;4000000;agropecuaria
masculino;servicio;almacen de ropa en;campo valdes no. 1;3;8.0;21/04/2016;6890000;agropecuaria
femenino;industria;montallantas;santa ines;2;15.0;26/02/2016;19500000;agropecuaria
masculino;servicio;tienda;buenos aires;1;7.0;30/10/2018;6000000;agropecuaria
masculino;servicio;tienda;popular;1;10.0;8/05/2017;6000000;agropecuaria
masculino;servicio;tienda;belen;1;7.0;31/10/2018;7000000;agropecuaria
masculino;servicio;variedades;castilla;1;1.0;17/03/2017;5000000;agropecuaria
masculino;servicio;fabrica de;robledo;1;4.0;5/07/2018;7800000;agropecuaria
femenino;industria;ferreteria;santa lucia;2;60.0;30/08/2016;7500000;agropecuaria
masculino;servicio;tienda;buenos aires;1;10.0;26/10/2017;6000000;agropecuaria
femenino;comercio;mantenimiento en;guayabal;3;2.0;1/02/2017;7377000;agropecuaria
masculino;servicio;fabrica de;manrique central no. 1;1;4.0;7/12/2016;7800000;agropecuaria
femenino;industria;criadero de animales;villa niza;2;60.0;27/08/2018;8000000;agropecuaria
femenino;industria;granero;belalcazar;2;9.0;21/06/2016;1200000;agropecuaria
masculino;servicio;tienda;buenos aires;1;10.0;26/10/2017;6000000;agropecuaria
femenino;industria;charcuteria;francisco antonio zea;2;60.0;24/05/2019;8200000;agropecuaria
masculino;servicio;comidas rapidas;cabecera san antonio;3;8.0;13/01/2017;3000000;agropecuaria
femenino;comercio;restaurante;villa hermosa;3;2.0;4/10/2017;7377000;agropecuaria
masculino;servicio;fabrica de;san javier no.1;1;7.0;13/03/2018;7000000;agropecuaria
masculino;servicio;fabrica de;robledo;1;4.0;25/10/2018;7800000;agropecuaria
masculino;servicio;fabrica de;robledo;1;4.0;26/10/2018;7800000;agropecuaria
masculino;comercio;peluqueria;manrique oriental;3;5.0;5/07/2017;6890000;agropecuaria
masculino;servicio;fabrica de;san javier no.1;1;7.0;5/09/2018;7000000;agropecuaria
masculino;servicio;comidas rapidas;santa cruz;1;13.0;21/06/2017;4000000;agropecuaria
femenino;comercio;mantenimiento en;guayabal;3;2.0;9/10/2017;7377000;agropecuaria
femenino;comercio;restaurante;villa hermosa;3;2.0;7/10/2016;7377000;agropecuaria
masculino;comercio;peluqueria;moravia;3;2.0;16/12/2016;7300000;agropecuaria
femenino;industria;fabrica de alimentos;santander;3;6.0;25/01/2019;1000000;agropecuaria
femenino;comercio;restaurante;villa hermosa;3;2.0;13/02/2017;7377000;agropecuaria
masculino;servicio;variedades;cabecera san cristobal;1;1.0;19/07/2017;5000000;agropecuaria
masculino;servicio;tienda;aranjuez;1;10.0;27/03/2017;6000000;agropecuaria
masculino;servicio;fabrica de;manrique central no. 1;1;4.0;15/02/2018;7000000;agropecuaria
masculino;servicio;variedades;enciso;1;1.0;20/09/2017;5000000;agropecuaria
femenino;comercio;mantenimiento en;guayabal;3;2.0;7/07/2017;7377000;agropecuaria
masculino;servicio;comidas rapidas;cabecera san antonio;3;8.0;16/11/2016;3000000;agropecuaria
masculino;servicio;tienda;aranjuez;1;10.0;18/06/2018;6000000;agropecuaria
masculino;servicio;tienda;aranjuez;1;10.0;27/03/2017;6000000;agropecuaria
femenino;comercio;mantenimiento en;andalucia;3;2.0;2/03/2017;7377000;agropecuaria
masculino;servicio;fabrica de;robledo;1;4.0;10/07/2018;7800000;agropecuaria
femenino;industria;drogueria;el compromiso;2;12.0;26/12/2016;700000;agropecuaria
masculino;servicio;tienda;belen;1;7.0;21/03/2017;6000000;agropecuaria
masculino;servicio;comidas rapidas;cabecera san antonio;3;8.0;27/11/2017;3000000;agropecuaria
masculino;servicio;fabrica de;robledo;1;4.0;25/04/2018;7800000;agropecuaria
masculino;servicio;tienda;belen;1;7.0;10/04/2018;7000000;agropecuaria
femenino;industria;cafeteria;llanaditas;2;16.0;7/09/2016;4500000;agropecuaria
masculino;servicio;variedades;enciso;1;1.0;19/04/2017;5000000;agropecuaria
masculino;servicio;fabrica de;robledo;1;4.0;24/10/2018;7800000;agropecuaria
masculino;servicio;tienda;popular;1;10.0;30/05/2018;6000000;agropecuaria
masculino;comercio;peluqueria;moravia;3;2.0;20/10/2017;7300000;agropecuaria
masculino;servicio;fabrica de;robledo;1;4.0;21/02/2018;7800000;agropecuaria
masculino;servicio;comidas rapidas;cabecera san antonio;3;8.0;28/03/2017;3000000;agropecuaria
masculino;servicio;tienda;buenos aires;1;7.0;13/12/2016;6000000;agropecuaria
masculino;servicio;almacen de ropa en;campo valdes no. 1;3;8.0;7/02/2017;6890000;agropecuaria
masculino;servicio;comidas rapidas;santo domingo savio;3;13.0;8/08/2017;3000000;agropecuaria
masculino;servicio;tienda;belen;1;7.0;2/03/2018;7000000;agropecuaria
masculino;servicio;tienda;popular;1;10.0;11/08/2017;5000000;agropecuaria
masculino;servicio;tienda;cabecera san cristobal;1;10.0;31/05/2017;5000000;agropecuaria
masculino;servicio;comidas rapidas;santo domingo savio;3;13.0;27/07/2017;3000000;agropecuaria
femenino;comercio;barberia;villatina;3;3.0;4/08/2016;7370000;agropecuaria
masculino;servicio;tienda;belen;1;7.0;2/03/2018;7000000;agropecuaria
masculino;servicio;comidas rapidas;cabecera san antonio;3;8.0;20/11/2018;3000000;agropecuaria
masculino;servicio;variedades;manrique central no. 2;1;13.0;22/11/2016;4000000;agropecuaria
masculino;servicio;variedades;enciso;1;1.0;20/09/2017;5000000;agropecuaria
masculino;servicio;tienda;buenos aires;1;7.0;3/07/2018;6000000;agropecuaria
femenino;industria;sembrados;13 de noviembre;2;9.0;29/08/2016;8281000;agropecuaria
masculino;servicio;fabrica de;manrique central no. 1;1;4.0;4/05/2018;7000000;agropecuaria
masculino;servicio;fabrica de;san javier no.1;1;7.0;30/01/2018;7000000;agropecuaria
femenino;comercio;restaurante;villa hermosa;3;2.0;9/08/2017;7377000;agropecuaria
masculino;servicio;fabrica de;robledo;1;4.0;22/05/2018;7800000;agropecuaria
masculino;servicio;comidas rapidas;santo domingo savio;3;13.0;13/03/2019;3000000;agropecuaria
masculino;servicio;tienda;aranjuez;1;10.0;12/02/2018;6000000;agropecuaria
masculino;comercio;almacen de ropa en;manrique oriental;3;5.0;27/09/2018;6890000;agropecuaria
masculino;servicio;tienda;buenos aires;1;7.0;12/06/2017;6000000;agropecuaria
masculino;servicio;fabrica de;robledo;1;4.0;24/09/2018;7800000;agropecuaria
masculino;servicio;fabrica de;san javier no.1;1;7.0;7/05/2018;7000000;agropecuaria
masculino;servicio;comidas rapidas;cabecera san antonio;3;8.0;16/01/2018;3000000;agropecuaria
masculino;servicio;comidas rapidas;santo domingo savio;1;13.0;12/07/2016;4000000;agropecuaria
femenino;comercio;restaurante;villa hermosa;3;2.0;7/09/2017;7300000;agropecuaria
femenino;industria;taller de electronica;la libertad;2;80.0;12/09/2018;20000000;agropecuaria
femenino;industria;charcuteria;francisco antonio zea;2;60.0;8/08/2016;8200000;agropecuaria
masculino;servicio;variedades;enciso;1;1.0;4/07/2017;5000000;agropecuaria
femenino;comercio;barberia;20 de julio;3;3.0;26/07/2018;7370000;agropecuaria
masculino;servicio;tienda;popular;1;10.0;23/04/2018;6000000;agropecuaria
femenino;comercio;mantenimiento en;guayabal;3;2.0;22/12/2016;7377000;agropecuaria
masculino;servicio;variedades;enciso;1;1.0;24/04/2018;5000000;agropecuaria
femenino;comercio;restaurante;moravia;3;2.0;24/05/2017;7300000;agropecuaria
masculino;comercio;peluqueria;la milagrosa;3;5.0;29/04/2019;7300000;agropecuaria
masculino;comercio;almacen de ropa en;barrio caicedo;3;8.0;5/09/2016;6890000;agropecuaria
femenino;comercio;barberia;20 de julio;3;3.0;26/07/2018;7370000;agropecuaria
masculino;comercio;almacen de ropa en;manrique oriental;3;5.0;1/11/2016;6890000;agropecuaria
masculino;servicio;fabrica de;san javier no.1;1;7.0;5/09/2018;7000000;agropecuaria
femenino;agropecuaria;venta de pollos;vrda. santa elena;2;70.0;18/09/2018;16200000;microempresarial
femenino;comercio;distribuidora de;pedregal;3;3.0;7/12/2017;2000000;agropecuaria
femenino;industria;legumbreria;trinidad;2;16.0;31/03/2017;2500000;agropecuaria
masculino;servicio;variedades;enciso;1;1.0;19/04/2017;5000000;agropecuaria
masculino;servicio;tienda;popular;1;10.0;20/11/2017;6000000;agropecuaria
masculino;servicio;comidas rapidas;cabecera san antonio;3;8.0;13/01/2017;3000000;agropecuaria
masculino;servicio;tienda;buenos aires;1;10.0;13/06/2017;6000000;agropecuaria
femenino;industria;cafe e internet;centro admtivo;2;6.0;8/09/2016;3500000;agropecuaria
femenino;comercio;miscelanea;playon de los;3;3.0;19/11/2018;7370000;agropecuaria
masculino;servicio;tienda;buenos aires;1;10.0;26/10/2017;6000000;agropecuaria
femenino;industria;fabrica de helados;lopez de mesa;2;9.0;18/03/2016;7812000;agropecuaria
masculino;servicio;tienda;buenos aires;1;7.0;8/02/2018;6000000;agropecuaria
masculino;servicio;comidas rapidas;manrique central no. 2;1;13.0;22/05/2019;4000000;agropecuaria
femenino;comercio;mantenimiento en;andalucia;3;2.0;3/10/2017;7377000;agropecuaria
femenino;comercio;miscelanea;villatina;3;3.0;28/04/2017;7370000;agropecuaria
masculino;comercio;peluqueria;la milagrosa;3;5.0;4/05/2017;7300000;agropecuaria
masculino;comercio;almacen de ropa en;barrio caicedo;3;8.0;2/08/2017;6890000;agropecuaria
femenino;comercio;barberia;20 de julio;3;3.0;18/03/2019;7370000;agropecuaria
femenino;industria;cafe e internet;centro admtivo;2;6.0;26/01/2017;3500000;agropecuaria
masculino;comercio;peluqueria;la milagrosa;3;5.0;12/04/2016;7300000;agropecuaria
masculino;servicio;fabrica de;robledo;1;4.0;5/07/2018;7800000;agropecuaria
masculino;servicio;almacen de ropa en;campo valdes no. 1;3;8.0;1/11/2018;3000000;agropecuaria
masculino;servicio;fabrica de;robledo;1;4.0;25/05/2018;7800000;agropecuaria
masculino;servicio;tienda;popular;1;10.0;31/10/2017;6000000;agropecuaria
femenino;industria;cafeteria;juan xxiii la quiebra;2;16.0;21/09/2018;4500000;agropecuaria
masculino;comercio;peluqueria;manrique oriental;3;5.0;5/07/2017;6890000;agropecuaria
femenino;industria;fabrica de productos;la sierra;2;80.0;11/01/2017;1800000;agropecuaria
masculino;servicio;tienda;popular;1;10.0;31/10/2017;6000000;agropecuaria
masculino;comercio;almacen de ropa en;barrio caicedo;3;5.0;23/08/2018;6890000;agropecuaria
femenino;industria;panaderia;santa elena central;3;6.0;26/07/2016;1000000;agropecuaria
femenino;industria;sembrados;prado;2;9.0;8/04/2016;8281000;agropecuaria
masculino;servicio;comidas rapidas;cabecera san antonio;3;8.0;7/03/2017;3000000;agropecuaria
masculino;servicio;tienda;buenos aires;1;7.0;18/04/2017;6000000;agropecuaria
masculino;servicio;comidas rapidas;manrique central no. 2;1;13.0;5/03/2018;4000000;agropecuaria
masculino;servicio;fabrica de;robledo;1;4.0;6/06/2017;7800000;agropecuaria
masculino;servicio;fabrica de;manrique central no. 1;1;4.0;27/06/2018;7000000;agropecuaria
femenino;industria;fotografia;la america;2;9.0;20/12/2016;4400000;agropecuaria
masculino;comercio;almacen de ropa en;manrique oriental;3;5.0;3/04/2017;6890000;agropecuaria
masculino;servicio;tienda;buenos aires;1;10.0;28/05/2018;6000000;agropecuaria
masculino;servicio;comidas rapidas;campo valdes no. 1;3;8.0;28/10/2016;3000000;agropecuaria
femenino;comercio;barberia;20 de julio;3;3.0;18/03/2019;7370000;agropecuaria
masculino;servicio;almacen de ropa en;campo valdes no. 1;3;8.0;1/11/2018;3000000;agropecuaria
masculino;comercio;peluqueria;la milagrosa;3;5.0;12/04/2016;7300000;agropecuaria
masculino;servicio;comidas rapidas;santa cruz;1;13.0;19/01/2018;4000000;agropecuaria
femenino;industria;fabrica de muebles;bombona no. 1;2;12.0;28/04/2016;8281160;agropecuaria
masculino;servicio;tienda;buenos aires;1;10.0;13/06/2017;6000000;agropecuaria
masculino;servicio;fabrica de;robledo;1;4.0;5/07/2018;7800000;agropecuaria
femenino;comercio;restaurante;el salvador;3;2.0;21/09/2017;7377000;agropecuaria
femenino;comercio;mantenimiento en;andalucia;3;2.0;22/08/2016;7377000;agropecuaria
femenino;industria;deposito de;santa monica;2;15.0;9/04/2019;5700000;agropecuaria
masculino;servicio;fabrica de;manrique central no. 1;1;7.0;1/02/2018;7000000;agropecuaria
femenino;industria;granero;belalcazar;2;9.0;18/02/2016;1200000;agropecuaria
femenino;industria;recreativo educativo;altavista;2;16.0;10/10/2016;4500000;agropecuaria
masculino;servicio;tienda;aranjuez;1;10.0;30/10/2017;6000000;agropecuaria
masculino;servicio;fabrica de;robledo;1;4.0;25/05/2018;7800000;agropecuaria
masculino;servicio;variedades;castilla;1;1.0;22/03/2017;5000000;agropecuaria
masculino;servicio;variedades;cabecera san cristobal;1;1.0;10/08/2018;5000000;agropecuaria
femenino;industria;fabrica de calzado;florencia;3;6.0;17/01/2018;6800000;agropecuaria
femenino;comercio;mantenimiento en;guayabal;3;2.0;1/02/2017;7377000;agropecuaria
masculino;servicio;tienda;aranjuez;1;10.0;20/03/2018;6000000;agropecuaria
femenino;comercio;barberia;la floresta;3;3.0;18/04/2016;2000000;agropecuaria
masculino;comercio;almacen de ropa en;manrique oriental;3;5.0;16/05/2017;6890000;agropecuaria
masculino;servicio;tienda;belen;1;7.0;10/04/2018;7000000;agropecuaria
masculino;servicio;variedades;enciso;1;1.0;28/06/2017;4000000;agropecuaria
femenino;industria;ebanistaria;nuevos conquistadores;2;12.0;30/05/2019;73000000;agropecuaria
femenino;comercio;miscelanea;granizal;3;6.0;30/01/2017;7370000;agropecuaria
masculino;servicio;tienda;aranjuez;1;10.0;18/06/2018;6000000;agropecuaria
femenino;comercio;barberia;20 de julio;3;3.0;5/12/2018;2000000;agropecuaria
femenino;comercio;mantenimiento en;andalucia;3;2.0;22/08/2016;7377000;agropecuaria
masculino;servicio;fabrica de;robledo;1;4.0;21/02/2018;7800000;agropecuaria
masculino;servicio;comidas rapidas;manrique central no. 2;1;13.0;7/11/2018;4000000;agropecuaria
masculino;servicio;comidas rapidas;santa cruz;1;13.0;15/11/2018;4000000;agropecuaria
masculino;servicio;comidas rapidas;cabecera san antonio;3;8.0;30/03/2017;3000000;agropecuaria
femenino;comercio;mantenimiento en;guayabal;3;2.0;1/02/2017;7377000;agropecuaria
masculino;servicio;tienda;belen;1;7.0;2/03/2018;7000000;agropecuaria
masculino;servicio;comidas rapidas;manrique central no. 2;1;13.0;22/05/2019;4000000;agropecuaria
masculino;servicio;fabrica de;manrique central no. 1;1;4.0;25/07/2018;7800000;agropecuaria
masculino;servicio;fabrica de;robledo;1;4.0;3/10/2018;7800000;agropecuaria
masculino;comercio;almacen de ropa en;barrio caicedo;3;8.0;25/07/2017;6890000;agropecuaria
masculino;servicio;variedades;castilla;1;1.0;12/12/2017;5000000;agropecuaria
masculino;servicio;variedades;castilla;1;1.0;17/07/2018;5000000;agropecuaria
masculino;servicio;variedades;enciso;1;1.0;20/09/2017;5000000;agropecuaria
masculino;servicio;comidas rapidas;santa cruz;1;13.0;18/09/2017;4000000;agropecuaria
masculino;servicio;fabrica de;robledo;1;4.0;23/05/2018;7800000;agropecuaria
masculino;servicio;tienda;san javier no.1;1;7.0;5/09/2018;7000000;agropecuaria
masculino;servicio;variedades;cabecera san cristobal;1;1.0;19/07/2017;5000000;agropecuaria
masculino;comercio;almacen de ropa en;barrio caicedo;3;8.0;6/10/2016;6890000;agropecuaria
femenino;comercio;distribuidora de;pedregal;3;3.0;23/08/2016;2000000;agropecuaria
femenino;industria;charcuteria;santa lucia;2;60.0;22/04/2016;8200000;agropecuaria
masculino;servicio;comidas rapidas;cabecera san antonio;3;8.0;20/11/2018;3000000;agropecuaria
masculino;comercio;peluqueria;la milagrosa;3;5.0;28/11/2016;7300000;agropecuaria
femenino;industria;criadero de animales;villa niza;2;60.0;19/09/2016;8000000;agropecuaria
masculino;servicio;almacen de ropa en;campo valdes no. 1;3;8.0;29/06/2017;3000000;agropecuaria
masculino;servicio;fabrica de;robledo;1;4.0;10/07/2018;7800000;agropecuaria
masculino;servicio;fabrica de;manrique central no. 1;1;4.0;27/06/2018;7800000;agropecuaria
masculino;servicio;tienda;cabecera san cristobal;1;10.0;12/07/2017;5000000;agropecuaria
femenino;industria;charcuteria;loreto;2;60.0;22/04/2016;8200000;agropecuaria
masculino;servicio;fabrica de;manrique central no. 1;1;7.0;1/02/2018;7000000;agropecuaria
masculino;servicio;fabrica de;robledo;1;4.0;26/10/2018;7800000;agropecuaria
femenino;industria;licorera;la cruz;2;15.0;26/03/2019;12000000;agropecuaria
masculino;servicio;tienda;popular;1;10.0;20/11/2017;6000000;agropecuaria
masculino;servicio;comidas rapidas;santa cruz;1;13.0;21/06/2017;4000000;agropecuaria
masculino;servicio;tienda;popular;1;10.0;12/03/2018;6000000;agropecuaria
masculino;comercio;almacen de ropa en;barrio caicedo;3;8.0;5/09/2016;6890000;agropecuaria
femenino;industria;panaderia;calasanz;3;6.0;9/08/2016;1000000;agropecuaria
femenino;industria;ebanistaria;nuevos conquistadores;2;12.0;30/05/2019;73000000;agropecuaria
masculino;servicio;comidas rapidas;manrique central no. 2;1;13.0;25/04/2017;4000000;agropecuaria
masculino;servicio;fabrica de;robledo;1;4.0;11/10/2018;7800000;agropecuaria
masculino;servicio;tienda;buenos aires;1;10.0;26/10/2017;6000000;agropecuaria
masculino;comercio;almacen de ropa en;manrique oriental;3;5.0;14/06/2017;6890000;agropecuaria
masculino;servicio;tienda;san javier no.1;1;7.0;20/06/2017;7000000;agropecuaria
masculino;servicio;fabrica de;san javier no.1;1;7.0;7/05/2018;7000000;agropecuaria
masculino;servicio;variedades;cabecera san cristobal;1;1.0;26/02/2018;5000000;agropecuaria
masculino;servicio;fabrica de;manrique central no. 1;1;4.0;7/12/2016;7800000;agropecuaria
masculino;servicio;tienda;buenos aires;1;7.0;12/06/2017;6000000;agropecuaria
masculino;servicio;tienda;popular;1;10.0;10/09/2018;6000000;agropecuaria
masculino;servicio;fabrica de;manrique central no. 1;1;4.0;14/02/2018;7000000;agropecuaria
femenino;industria;legumbreria;trinidad;2;16.0;7/03/2019;2500000;agropecuaria
femenino;industria;marroquineria;bello horizonte;2;15.0;2017/02/23;6443500;agropecuaria
masculino;servicio;variedades;enciso;1;1.0;24/04/2018;5000000;agropecuaria
masculino;servicio;tienda;aranjuez;1;10.0;9/03/2018;6000000;agropecuaria
femenino;comercio;distribuidora de;andalucia;3;3.0;29/03/2016;2000000;agropecuaria
masculino;servicio;comidas rapidas;cabecera san antonio;3;8.0;20/02/2017;3000000;agropecuaria
masculino;servicio;fabrica de;robledo;1;4.0;26/10/2018;7800000;agropecuaria
femenino;industria;taller de electronica;la loma;2;80.0;23/01/2019;6400000;agropecuaria
masculino;servicio;variedades;castilla;1;1.0;17/03/2017;5000000;agropecuaria
femenino;comercio;fabrica de calzado;florencia;3;6.0;1/04/2019;6800000;agropecuaria
masculino;servicio;tienda;belen;1;7.0;31/05/2018;7000000;agropecuaria
femenino;agropecuaria;pañalera;item_224;0;11.0;2018/06/1;80000000;ayacucho formal
masculino;servicio;fabrica de;manrique central no. 1;1;4.0;13/07/2017;7800000;agropecuaria
masculino;servicio;almacen de ropa en;campo valdes no. 1;3;8.0;18/04/2018;3000000;agropecuaria
femenino;industria;carniceria;san benito;2;12.0;1/02/2019;3400000;agropecuaria
masculino;servicio;fabrica de;robledo;1;4.0;18/10/2018;7800000;agropecuaria
masculino;comercio;peluqueria;manrique oriental;3;5.0;12/05/2017;6890000;agropecuaria
femenino;industria;joyeria;jesus nazareno;2;12.0;10/01/2018;4600000;agropecuaria
masculino;servicio;variedades;cabecera san cristobal;1;1.0;27/07/2018;5000000;agropecuaria
femenino;industria;cerrajeria;san javier no.2;2;80.0;17/06/2016;5200000;agropecuaria
femenino;industria;fabrica de alimentos;santander;3;6.0;25/01/2019;1000000;agropecuaria
femenino;industria;cafe e internet;centro admtivo;2;6.0;26/01/2017;3500000;agropecuaria
masculino;servicio;comidas rapidas;cabecera san antonio;3;8.0;28/03/2017;3000000;agropecuaria
masculino;servicio;tienda;buenos aires;1;7.0;30/10/2018;6000000;agropecuaria
masculino;comercio;almacen de ropa en;barrio caicedo;3;8.0;2/08/2017;6890000;agropecuaria
masculino;comercio;almacen de ropa en;barrio caicedo;3;8.0;2/08/2017;6890000;agropecuaria
femenino;industria;panaderia;santa elena central;3;6.0;26/07/2016;1000000;agropecuaria
femenino;industria;cafeteria;llanaditas;2;16.0;7/09/2016;4500000;agropecuaria
femenino;industria;criadero de animales;villa del socorro;2;60.0;11/11/2016;8000000;agropecuaria
femenino;comercio;mantenimiento en;andalucia;3;2.0;5/04/2016;7377000;agropecuaria
femenino;comercio;fabrica de calzado;florencia;3;6.0;28/02/2019;6800000;agropecuaria
femenino;comercio;miscelanea;playon de los;3;3.0;3/01/2018;7370000;agropecuaria
masculino;comercio;almacen de ropa en;barrio caicedo;3;5.0;2/08/2017;6890000;agropecuaria
masculino;servicio;tienda;belen;1;7.0;10/04/2018;7000000;agropecuaria
masculino;servicio;tienda;belen;1;7.0;10/04/2018;7000000;agropecuaria
femenino;industria;panaderia;calasanz;3;6.0;6/12/2017;1000000;agropecuaria
masculino;servicio;variedades;manrique central no. 2;1;13.0;6/08/2018;4000000;agropecuaria
femenino;industria;productos de belleza;san pablo;2;16.0;14/12/2018;1500000;agropecuaria
masculino;servicio;tienda;buenos aires;1;7.0;13/12/2016;6000000;agropecuaria
femenino;agropecuaria;viveros;santa margarita;2;90.0;2017/04/25;5574000;microempresarial
masculino;servicio;fabrica de;robledo;1;4.0;21/02/2018;7800000;agropecuaria
masculino;comercio;almacen de ropa en;barrio caicedo;3;8.0;2/06/2017;6890000;agropecuaria
masculino;servicio;fabrica de;robledo;1;4.0;14/03/2018;7800000;agropecuaria
masculino;servicio;fabrica de;san javier no.1;1;7.0;26/07/2017;7000000;agropecuaria
masculino;servicio;comidas rapidas;santo domingo savio;1;13.0;25/10/2017;4000000;agropecuaria
masculino;servicio;tienda;popular;1;10.0;11/08/2017;5000000;agropecuaria
masculino;servicio;variedades;castilla;1;1.0;6/06/2018;5000000;agropecuaria
masculino;servicio;fabrica de;robledo;1;4.0;7/11/2017;7800000;agropecuaria
masculino;servicio;variedades;cabecera san cristobal;1;1.0;7/04/2017;5000000;agropecuaria
masculino;servicio;variedades;cabecera san cristobal;1;1.0;19/07/2017;5000000;agropecuaria
masculino;servicio;tienda;aranjuez;1;10.0;19/05/2017;6000000;agropecuaria
masculino;servicio;comidas rapidas;santo domingo savio;3;13.0;13/03/2019;3000000;agropecuaria
masculino;servicio;tienda;buenos aires;1;10.0;14/06/2018;6000000;agropecuaria
femenino;comercio;restaurante;villa hermosa;3;2.0;14/11/2017;7377000;agropecuaria
femenino;industria;legumbreria;trinidad;2;16.0;17/10/2017;2500000;agropecuaria
femenino;industria;panaderia;calasanz;3;6.0;3/11/2017;1000000;agropecuaria
masculino;servicio;fabrica de;manrique central no. 1;1;4.0;22/06/2018;7800000;agropecuaria
masculino;servicio;variedades;enciso;1;1.0;20/09/2017;5000000;agropecuaria
femenino;industria;criadero de animales;villa niza;2;60.0;19/09/2016;8000000;agropecuaria
masculino;servicio;variedades;castilla;1;1.0;12/06/2018;5000000;agropecuaria
masculino;servicio;fabrica de;manrique central no. 1;1;4.0;4/05/2018;7000000;agropecuaria
masculino;servicio;variedades;cabecera san cristobal;1;1.0;21/05/2018;5000000;agropecuaria
masculino;comercio;peluqueria;la milagrosa;3;5.0;15/08/2017;7300000;agropecuaria
masculino;comercio;almacen de ropa en;barrio caicedo;3;8.0;6/10/2016;6890000;agropecuaria
femenino;industria;deposito de;alejandro echavarria;2;15.0;14/06/2019;7812420;agropecuaria
masculino;servicio;tienda;popular;1;10.0;29/03/2017;5000000;agropecuaria
masculino;servicio;tienda;belen;1;7.0;31/05/2018;7000000;agropecuaria
masculino;servicio;comidas rapidas;manrique central no. 2;1;13.0;28/07/2017;4000000;agropecuaria
masculino;servicio;tienda;popular;1;10.0;10/09/2018;6000000;agropecuaria
masculino;servicio;comidas rapidas;cabecera san antonio;3;8.0;13/01/2017;3000000;agropecuaria
masculino;servicio;comidas rapidas;cabecera san antonio;3;8.0;30/08/2017;3000000;agropecuaria
femenino;industria;fabrica de repuestos;las violetas;2;15.0;2018/02/20;3600000;agropecuaria
masculino;servicio;tienda;belen;1;7.0;23/05/2017;6000000;agropecuaria
masculino;servicio;variedades;castilla;1;1.0;8/11/2017;5000000;agropecuaria
masculino;servicio;tienda;aranjuez;1;10.0;9/03/2018;6000000;agropecuaria
femenino;industria;variedades de helados;girardot;2;60.0;6/04/2017;8200000;agropecuaria
masculino;servicio;tienda;popular;1;10.0;20/04/2018;6000000;agropecuaria
masculino;servicio;fabrica de;san javier no.1;1;7.0;27/04/2018;7000000;agropecuaria
femenino;industria;marroquineria;el pesebre;2;15.0;17/05/2019;2250000;agropecuaria
masculino;servicio;tienda;buenos aires;1;7.0;8/02/2018;6000000;agropecuaria
masculino;servicio;fabrica de;robledo;1;4.0;13/02/2018;7800000;agropecuaria
femenino;comercio;restaurante;villa hermosa;3;2.0;31/01/2017;7377000;agropecuaria
masculino;comercio;peluqueria;manrique oriental;3;5.0;17/02/2017;6890000;agropecuaria
masculino;comercio;peluqueria;doce de octubre no.1;3;5.0;5/08/2016;6890000;agropecuaria
masculino;servicio;variedades;manrique central no. 2;1;13.0;3/05/2018;4000000;agropecuaria
femenino;industria;cafe e internet;centro admtivo;2;6.0;28/03/2019;3500000;agropecuaria
femenino;industria;legumbreria;las palmas;2;16.0;31/03/2017;2500000;agropecuaria
masculino;servicio;tienda;cabecera san cristobal;1;1.0;22/02/2017;5000000;agropecuaria
femenino;industria;carpinteria;san diego;2;9.0;30/01/2019;5500000;agropecuaria
masculino;comercio;peluqueria;moravia;3;2.0;31/08/2017;7300000;agropecuaria
femenino;industria;panaderia;boston;3;6.0;13/06/2018;3500000;agropecuaria
masculino;servicio;fabrica de;robledo;1;4.0;1/08/2018;7800000;agropecuaria
masculino;servicio;fabrica de;manrique central no. 1;1;4.0;22/06/2018;7800000;agropecuaria
femenino;industria;productos de belleza;san pablo;2;16.0;14/12/2018;1500000;agropecuaria
femenino;comercio;distribuidora de;andalucia;3;3.0;29/03/2016;2000000;agropecuaria
masculino;servicio;fabrica de;san javier no.1;1;7.0;26/07/2017;7000000;agropecuaria
masculino;servicio;variedades;enciso;1;13.0;26/04/2017;4000000;agropecuaria
masculino;servicio;comidas rapidas;santa cruz;1;13.0;6/07/2017;4000000;agropecuaria
masculino;servicio;variedades;enciso;1;1.0;4/07/2017;5000000;agropecuaria
femenino;industria;fabrica de arepas;san antonio;2;12.0;27/09/2016;5250000;agropecuaria
masculino;servicio;fabrica de;manrique central no. 1;1;4.0;25/07/2018;7800000;agropecuaria
masculino;servicio;comidas rapidas;santo domingo savio;1;13.0;19/08/2016;4000000;agropecuaria
masculino;servicio;variedades;enciso;1;13.0;28/06/2017;4000000;agropecuaria
femenino;industria;cafeteria;alfonso lopez;2;16.0;25/10/2016;4500000;agropecuaria
femenino;industria;carniceria;san benito;2;12.0;1/02/2019;3400000;agropecuaria
masculino;servicio;variedades;enciso;1;1.0;28/06/2017;4000000;agropecuaria
masculino;servicio;comidas rapidas;campo valdes no. 1;3;8.0;14/02/2017;3000000;agropecuaria
femenino;industria;recreativo educativo;altavista;2;16.0;10/10/2016;4500000;agropecuaria
masculino;servicio;fabrica de;robledo;1;4.0;14/09/2018;7800000;agropecuaria
masculino;comercio;peluqueria;la milagrosa;3;5.0;1/11/2017;7300000;agropecuaria
masculino;servicio;variedades;manrique central no. 2;1;13.0;17/08/2018;4000000;agropecuaria
masculino;servicio;comidas rapidas;santa cruz;1;13.0;19/01/2018;4000000;agropecuaria
masculino;servicio;fabrica de;robledo;1;4.0;24/01/2018;7800000;agropecuaria
femenino;industria;productos de belleza;san pablo;2;16.0;14/12/2018;1500000;agropecuaria
masculino;servicio;tienda;aranjuez;1;10.0;2/02/2018;6000000;agropecuaria
masculino;servicio;almacen de ropa en;campo valdes no. 1;3;8.0;18/07/2018;3000000;agropecuaria
masculino;servicio;fabrica de;robledo;1;4.0;5/06/2018;7800000;agropecuaria
masculino;servicio;tienda;aranjuez;1;10.0;12/02/2018;6000000;agropecuaria
femenino;industria;sembrados;prado;2;9.0;10/08/2016;8281000;agropecuaria
masculino;servicio;fabrica de;robledo;1;4.0;5/06/2018;7800000;agropecuaria
masculino;servicio;variedades;castilla;1;1.0;17/07/2018;5000000;agropecuaria
masculino;servicio;variedades;enciso;1;1.0;15/11/2017;5000000;agropecuaria
femenino;comercio;restaurante;el salvador;3;2.0;21/09/2017;7377000;agropecuaria
masculino;comercio;almacen de ropa en;manrique oriental;3;5.0;27/09/2018;6890000;agropecuaria
masculino;servicio;comidas rapidas;cabecera san antonio;3;8.0;13/01/2017;3000000;agropecuaria
masculino;servicio;fabrica de;robledo;1;4.0;14/09/2018;7800000;agropecuaria
femenino;agropecuaria;jardineria;yarumalito;2;70.0;18/05/2016;6;juridica y cap.semilla
masculino;servicio;tienda;aranjuez;1;10.0;15/03/2018;6000000;agropecuaria
masculino;servicio;tienda;buenos aires;1;10.0;28/05/2018;6000000;agropecuaria
masculino;servicio;almacen de ropa en;campo valdes no. 1;3;8.0;17/08/2017;3000000;agropecuaria
masculino;servicio;variedades;cabecera san cristobal;1;1.0;10/08/2018;5000000;agropecuaria
femenino;industria;panaderia;calasanz;3;6.0;17/01/2017;1000000;agropecuaria
femenino;industria;cerrajeria;la esperanza;2;80.0;5/02/2019;6900000;agropecuaria
femenino;comercio;distribuidora de;pedregal;3;3.0;7/12/2017;2000000;agropecuaria
femenino;agropecuaria;fabrica de ceramica;hector abad gomez;2;90.0;28/12/2017;30246396;microempresarial
masculino;servicio;comidas rapidas;cabecera san antonio;3;8.0;13/01/2017;3000000;agropecuaria
femenino;comercio;mantenimiento en;el salvador;3;2.0;18/12/2017;7377000;agropecuaria
masculino;servicio;tienda;popular;1;10.0;10/09/2018;6000000;agropecuaria
femenino;comercio;barberia;la floresta;3;3.0;13/12/2018;2000000;agropecuaria
masculino;servicio;variedades;cabecera san cristobal;1;1.0;19/07/2017;5000000;agropecuaria
masculino;servicio;tienda;buenos aires;1;7.0;12/06/2017;6000000;agropecuaria
femenino;comercio;fabrica de calzado;granizal;3;6.0;21/07/2017;7370000;agropecuaria
masculino;servicio;comidas rapidas;cabecera san antonio;3;8.0;7/04/2016;3000000;agropecuaria
masculino;servicio;fabrica de;san javier no.1;1;7.0;29/05/2018;7000000;agropecuaria
femenino;industria;fabrica de muebles;versalles no. 1;2;12.0;28/04/2016;7377170;agropecuaria
masculino;servicio;fabrica de;manrique central no. 1;1;7.0;6/07/2018;7000000;agropecuaria
femenino;industria;carpinteria;toscana;2;9.0;27/06/2019;5500000;agropecuaria
masculino;servicio;fabrica de;san javier no.1;1;7.0;7/02/2018;7000000;agropecuaria
masculino;servicio;almacen de ropa en;campo valdes no. 1;3;8.0;18/07/2018;3000000;agropecuaria
masculino;comercio;peluqueria;moravia;3;2.0;22/01/2019;7300000;agropecuaria
masculino;servicio;variedades;castilla;1;1.0;11/04/2018;5000000;agropecuaria
femenino;industria;variedades naturista;el chagualo;2;80.0;28/12/2018;16000000;agropecuaria
femenino;industria;publicidad y;el socorro;2;9.0;14/05/2019;7812000;agropecuaria
masculino;servicio;tienda;popular;1;10.0;25/01/2018;6000000;agropecuaria
masculino;servicio;comidas rapidas;cabecera san antonio;3;8.0;27/11/2017;3000000;agropecuaria
masculino;servicio;tienda;aranjuez;1;10.0;2/02/2018;6000000;agropecuaria
masculino;servicio;fabrica de;robledo;1;4.0;25/05/2018;7800000;agropecuaria
masculino;servicio;comidas rapidas;cabecera san antonio;3;8.0;30/08/2017;3000000;agropecuaria
masculino;servicio;tienda;buenos aires;1;10.0;14/06/2018;6000000;agropecuaria
masculino;servicio;comidas rapidas;manrique central no. 2;1;13.0;7/11/2018;4000000;agropecuaria
masculino;servicio;comidas rapidas;santa cruz;1;13.0;28/11/2017;4000000;agropecuaria
femenino;comercio;miscelanea;playon de los;3;3.0;19/11/2018;7370000;agropecuaria
masculino;servicio;fabrica de;san javier no.1;1;7.0;30/01/2018;7000000;agropecuaria
femenino;industria;fabrica de alimentos;picacho;3;6.0;23/09/2016;6800000;agropecuaria
masculino;comercio;almacen de ropa en;barrio caicedo;3;8.0;9/11/2018;6890000;agropecuaria
masculino;servicio;fabrica de;robledo;1;4.0;25/05/2018;7800000;agropecuaria
masculino;servicio;variedades;enciso;1;1.0;6/09/2017;5000000;agropecuaria
masculino;servicio;fabrica de;manrique central no. 1;1;4.0;23/03/2018;7000000;agropecuaria
masculino;servicio;fabrica de;robledo;1;4.0;11/10/2018;7800000;agropecuaria
masculino;servicio;fabrica de;manrique central no. 1;1;4.0;7/12/2016;7800000;agropecuaria
masculino;comercio;peluqueria;moravia;3;5.0;27/07/2016;7300000;agropecuaria
femenino;comercio;barberia;20 de julio;3;3.0;11/02/2019;2000000;agropecuaria
femenino;industria;legumbreria;villa del socorro;2;16.0;9/09/2016;2500000;agropecuaria
femenino;comercio;fabrica de calzado;granizal;3;6.0;14/07/2016;7370000;agropecuaria
masculino;comercio;peluqueria;doce de octubre no.1;3;5.0;26/05/2016;6890000;agropecuaria
masculino;comercio;peluqueria;doce de octubre no.1;3;5.0;12/09/2017;7300000;agropecuaria
femenino;industria;variedades de helados;olaya herrera;2;60.0;12/06/2019;6500000;agropecuaria
femenino;industria;cafe e internet;carpinelo;2;6.0;23/08/2017;3500000;agropecuaria
masculino;servicio;fabrica de;manrique central no. 1;1;4.0;9/07/2018;7000000;agropecuaria
masculino;comercio;almacen de ropa en;manrique oriental;3;5.0;9/02/2017;6890000;agropecuaria
masculino;servicio;variedades;enciso;1;13.0;6/10/2017;4000000;agropecuaria
femenino;industria;carpinteria;san diego;2;9.0;30/01/2019;5500000;agropecuaria
masculino;servicio;fabrica de;robledo;1;4.0;24/10/2017;7800000;agropecuaria
masculino;servicio;variedades;enciso;1;1.0;26/01/2018;5000000;agropecuaria
femenino;industria;publicidad y;blanquizal;2;9.0;28/05/2019;7812000;agropecuaria
masculino;servicio;comidas rapidas;santa cruz;1;13.0;13/02/2019;4000000;agropecuaria
masculino;servicio;fabrica de;robledo;1;4.0;11/05/2018;7800000;agropecuaria
masculino;servicio;fabrica de;robledo;1;4.0;21/02/2018;7800000;agropecuaria
masculino;servicio;tienda;belen;1;7.0;24/07/2017;7000000;agropecuaria
femenino;comercio;restaurante;el salvador;3;2.0;21/09/2017;7377000;agropecuaria
masculino;servicio;tienda;aranjuez;1;10.0;8/05/2018;6000000;agropecuaria
masculino;comercio;peluqueria;doce de octubre no.1;3;5.0;24/07/2018;7300000;agropecuaria
masculino;servicio;variedades;castilla;1;1.0;22/03/2017;5000000;agropecuaria
masculino;servicio;variedades;castilla;1;1.0;17/07/2018;5000000;agropecuaria
masculino;comercio;peluqueria;doce de octubre no.1;3;5.0;23/01/2017;6890000;agropecuaria
masculino;servicio;comidas rapidas;santo domingo savio;1;13.0;14/08/2018;4000000;agropecuaria
masculino;servicio;tienda;cabecera san cristobal;1;1.0;31/05/2017;5000000;agropecuaria
masculino;servicio;tienda;belen;1;7.0;9/05/2017;7000000;agropecuaria
femenino;industria;fabrica de muebles;el compromiso;2;12.0;23/05/2019;68900000;agropecuaria
masculino;servicio;variedades;castilla;1;1.0;4/08/2017;5000000;agropecuaria
femenino;industria;fabrica de colchones;san pedro;2;15.0;2/03/2016;27000000;agropecuaria
femenino;industria;montallantas;santa ines;2;15.0;26/02/2016;19500000;agropecuaria
femenino;industria;bares;cordoba;2;80.0;13/10/2016;800000;agropecuaria
masculino;comercio;peluqueria;doce de octubre no.1;3;5.0;29/08/2017;7300000;agropecuaria
femenino;industria;reciclaje;versalles no. 2;2;15.0;21/12/2017;2100000;agropecuaria
masculino;servicio;tienda;aranjuez;1;10.0;17/07/2017;6000000;agropecuaria
femenino;comercio;fabrica de calzado;granizal;3;6.0;21/07/2017;7370000;agropecuaria
femenino;industria;ferreteria;santa lucia;2;60.0;2/05/2019;7500000;agropecuaria
masculino;servicio;variedades;castilla;1;1.0;6/12/2018;5000000;agropecuaria
masculino;servicio;fabrica de;robledo;1;4.0;3/10/2018;7800000;agropecuaria
masculino;servicio;tienda;aranjuez;1;10.0;20/09/2018;6000000;agropecuaria
femenino;comercio;barberia;20 de julio;3;3.0;5/12/2018;2000000;agropecuaria
femenino;industria;bares;tricentenario;2;80.0;4/04/2016;30000000;agropecuaria
masculino;servicio;fabrica de;manrique central no. 1;1;4.0;15/02/2018;7000000;agropecuaria
masculino;servicio;fabrica de;robledo;1;4.0;4/04/2018;7800000;agropecuaria
femenino;industria;recreativo educativo;las palmas;2;16.0;30/09/2016;2500000;agropecuaria
femenino;agropecuaria;fabrica de juegos;la florida;2;70.0;31/08/2018;68400000;microempresarial
femenino;comercio;miscelanea;playon de los;3;3.0;2/12/2016;7370000;agropecuaria
femenino;comercio;distribuidora de;pedregal;3;3.0;29/09/2016;2000000;agropecuaria
masculino;servicio;fabrica de;robledo;1;4.0;6/06/2017;7800000;agropecuaria
masculino;servicio;tienda;aranjuez;1;10.0;9/03/2018;6000000;agropecuaria
masculino;servicio;comidas rapidas;manrique central no. 2;1;13.0;13/10/2017;4000000;agropecuaria
masculino;servicio;tienda;popular;1;10.0;3/02/2017;6000000;agropecuaria
femenino;industria;drogueria;el pinal;2;12.0;23/04/2019;3750000;agropecuaria
femenino;comercio;barberia;20 de julio;3;3.0;24/04/2019;2000000;agropecuaria
masculino;servicio;tienda;buenos aires;1;10.0;1/06/2018;6000000;agropecuaria
masculino;servicio;fabrica de;robledo;1;4.0;13/02/2018;7800000;agropecuaria
masculino;servicio;variedades;enciso;1;1.0;19/04/2017;5000000;agropecuaria
masculino;comercio;almacen de ropa en;manrique oriental;3;5.0;5/07/2017;6890000;agropecuaria
masculino;servicio;variedades;cabecera san cristobal;1;1.0;20/02/2018;5000000;agropecuaria
masculino;servicio;fabrica de;manrique central no. 1;1;7.0;5/02/2018;7000000;agropecuaria
masculino;servicio;variedades;castilla;1;1.0;30/04/2018;5000000;agropecuaria
masculino;servicio;tienda;popular;1;10.0;3/02/2017;6000000;agropecuaria
masculino;servicio;comidas rapidas;santo domingo savio;3;8.0;15/01/2019;3000000;agropecuaria
masculino;servicio;fabrica de;robledo;1;4.0;4/04/2018;7800000;agropecuaria
femenino;industria;charcuteria;francisco antonio zea;2;60.0;18/07/2016;8200000;agropecuaria
masculino;comercio;almacen de ropa en;barrio caicedo;3;8.0;8/03/2017;6890000;agropecuaria
masculino;servicio;tienda;buenos aires;1;10.0;14/06/2018;6000000;agropecuaria
masculino;servicio;tienda;buenos aires;1;10.0;26/10/2017;6000000;agropecuaria
femenino;industria;sembrados;prado;2;9.0;6/06/2019;8281000;agropecuaria
masculino;servicio;tienda;belen;1;7.0;13/09/2017;7000000;agropecuaria
masculino;servicio;fabrica de;robledo;1;4.0;18/10/2018;7800000;agropecuaria
femenino;comercio;fabrica de calzado;florencia;3;6.0;2/11/2016;6800000;agropecuaria
femenino;industria;cerrajeria;san javier no.2;2;80.0;21/12/2018;5200000;agropecuaria
masculino;servicio;variedades;manrique central no. 2;1;13.0;6/08/2018;4000000;agropecuaria
femenino;industria;carniceria;aguas frias;2;12.0;18/01/2016;5600000;agropecuaria
masculino;comercio;peluqueria;doce de octubre no.1;3;5.0;13/09/2016;7300000;agropecuaria
femenino;industria;cafeteria;llanaditas;2;16.0;30/11/2017;4500000;agropecuaria
masculino;servicio;variedades;enciso;1;1.0;4/07/2017;5000000;agropecuaria
masculino;servicio;fabrica de;manrique central no. 1;1;4.0;25/07/2018;7800000;agropecuaria
masculino;servicio;almacen de ropa en;campo valdes no. 1;3;8.0;18/04/2018;3000000;agropecuaria
masculino;servicio;fabrica de;robledo;1;4.0;14/09/2018;7800000;agropecuaria
masculino;servicio;fabrica de;robledo;1;4.0;6/06/2017;7800000;agropecuaria
masculino;servicio;fabrica de;robledo;1;4.0;24/01/2018;7800000;agropecuaria
femenino;industria;panaderia;boston;3;6.0;3/06/2016;3500000;agropecuaria
masculino;servicio;almacen de ropa en;campo valdes no. 1;3;8.0;14/06/2016;3000000;agropecuaria
masculino;servicio;variedades;enciso;1;1.0;8/03/2018;4000000;agropecuaria
masculino;servicio;tienda;buenos aires;1;10.0;26/10/2017;6000000;agropecuaria
femenino;industria;bares;tricentenario;2;80.0;24/05/2016;30000000;agropecuaria
masculino;servicio;tienda;san javier no.1;1;7.0;16/02/2018;7000000;agropecuaria
masculino;servicio;tienda;belen;1;7.0;7/06/2018;7000000;agropecuaria
femenino;industria;gimnasio;el diamante;2;15.0;11/03/2019;17187324;agropecuaria
femenino;comercio;barberia;20 de julio;3;3.0;8/09/2017;2000000;agropecuaria
femenino;industria;taller de mecanica;olaya herrera;2;60.0;16/05/2016;6500000;agropecuaria
femenino;industria;recreativo educativo;alfonso lopez;2;16.0;14/08/2017;4500000;agropecuaria
masculino;servicio;fabrica de;robledo;1;4.0;3/10/2018;7800000;agropecuaria
masculino;servicio;fabrica de;manrique central no. 1;1;4.0;16/04/2018;7800000;agropecuaria
femenino;industria;bares;tricentenario;2;80.0;28/06/2019;6894000;agropecuaria
femenino;industria;criadero de animales;villa niza;2;60.0;19/09/2016;8000000;agropecuaria
masculino;servicio;comidas rapidas;cabecera san antonio;3;8.0;28/03/2017;3000000;agropecuaria
masculino;servicio;fabrica de;san javier no.1;1;7.0;7/02/2018;7000000;agropecuaria
masculino;servicio;tienda;popular;1;10.0;23/04/2018;6000000;agropecuaria
femenino;comercio;distribuidora de;andalucia;3;3.0;23/02/2018;2000000;agropecuaria
femenino;agropecuaria;servicios;la salle;2;15.0;2018/05/21;6870000;empresarial ed.
femenino;agropecuaria;venta de repuestos;campo alegre;2;50.0;2016/06/15;6440500;juridica y cap.semilla
femenino;comercio;papeleria;aranjuezcito;3;3.0;27/10/2017;2000000;agropecuaria
masculino;servicio;tienda;san javier no.1;1;7.0;16/02/2018;7000000;agropecuaria
femenino;comercio;fabrica de calzado;granizal;3;6.0;3/09/2018;7370000;agropecuaria
masculino;servicio;fabrica de;robledo;1;4.0;25/10/2018;7800000;agropecuaria
femenino;comercio;distribuidora de;andalucia;3;3.0;26/05/2017;7377000;agropecuaria
masculino;servicio;fabrica de;robledo;1;4.0;5/06/2018;7800000;agropecuaria
masculino;servicio;tienda;popular;1;10.0;26/09/2017;5000000;agropecuaria
masculino;servicio;tienda;belen;1;7.0;31/10/2018;7000000;agropecuaria
masculino;servicio;comidas rapidas;cabecera san antonio;3;8.0;27/06/2017;3000000;agropecuaria
femenino;agropecuaria;viveros;fuente clara;2;90.0;28/07/2016;248087;microempresarial
masculino;servicio;almacen de ropa en;campo valdes no. 1;3;8.0;21/04/2016;6890000;agropecuaria
masculino;servicio;comidas rapidas;santo domingo savio;1;13.0;24/04/2017;4000000;agropecuaria
masculino;servicio;fabrica de;robledo;1;4.0;23/05/2018;7800000;agropecuaria
masculino;servicio;variedades;enciso;1;13.0;26/04/2017;4000000;agropecuaria
masculino;servicio;fabrica de;san javier no.1;1;7.0;23/02/2017;7000000;agropecuaria
femenino;comercio;barberia;villatina;3;3.0;14/12/2017;7370000;agropecuaria
masculino;servicio;tienda;popular;1;10.0;11/10/2017;6000000;agropecuaria
masculino;servicio;variedades;cabecera san cristobal;1;1.0;27/07/2018;5000000;agropecuaria
masculino;servicio;fabrica de;san javier no.1;1;7.0;9/04/2018;7000000;agropecuaria
femenino;industria;taller de mecanica;picachito;2;60.0;20/02/2016;6500000;agropecuaria
masculino;servicio;comidas rapidas;cabecera san antonio;3;8.0;20/02/2017;3000000;agropecuaria
femenino;industria;charcuteria;loreto;2;60.0;18/10/2016;8200000;agropecuaria
masculino;servicio;tienda;aranjuez;1;10.0;12/02/2018;6000000;agropecuaria
masculino;servicio;comidas rapidas;santa cruz;1;13.0;19/01/2018;4000000;agropecuaria
femenino;industria;sembrados;prado;2;9.0;8/04/2016;8281000;agropecuaria
femenino;industria;lavanderia;santa rosa de lima;2;12.0;19/12/2017;780000;agropecuaria
masculino;servicio;tienda;aranjuez;1;10.0;3/05/2017;6000000;agropecuaria
femenino;comercio;barberia;villatina;3;3.0;12/10/2016;7370000;agropecuaria
masculino;servicio;fabrica de;robledo;1;4.0;24/09/2018;7800000;agropecuaria
masculino;comercio;peluqueria;doce de octubre no.1;3;5.0;18/11/2016;7300000;agropecuaria
masculino;comercio;peluqueria;manrique oriental;3;5.0;1/08/2017;6890000;agropecuaria
masculino;servicio;fabrica de;robledo;1;4.0;7/11/2017;7800000;agropecuaria
masculino;servicio;tienda;aranjuez;1;10.0;30/10/2017;6000000;agropecuaria
femenino;comercio;fabrica de calzado;granizal;3;6.0;14/07/2016;7370000;agropecuaria
masculino;servicio;fabrica de;robledo;1;4.0;21/02/2018;7800000;agropecuaria
masculino;servicio;variedades;cabecera san cristobal;1;1.0;21/05/2018;5000000;agropecuaria
masculino;servicio;comidas rapidas;campo valdes no. 1;3;8.0;14/06/2016;3000000;agropecuaria
masculino;servicio;fabrica de;robledo;1;4.0;5/07/2018;7800000;agropecuaria
femenino;comercio;restaurante;el salvador;3;2.0;27/02/2017;7377000;agropecuaria
masculino;servicio;variedades;cabecera san cristobal;1;1.0;22/02/2018;5000000;agropecuaria
masculino;servicio;variedades;enciso;1;1.0;24/04/2018;5000000;agropecuaria
masculino;comercio;almacen de ropa en;manrique oriental;3;5.0;1/11/2016;6890000;agropecuaria
masculino;servicio;tienda;belen;1;7.0;9/05/2017;7000000;agropecuaria
masculino;servicio;variedades;enciso;1;1.0;6/09/2017;5000000;agropecuaria
masculino;servicio;tienda;popular;1;10.0;26/09/2017;5000000;agropecuaria
masculino;servicio;fabrica de;robledo;1;4.0;14/09/2018;7800000;agropecuaria
femenino;comercio;miscelanea;playon de los;3;6.0;31/05/2016;7370000;agropecuaria
femenino;agropecuaria;productos de mar;miraflores;2;70.0;22/01/2016;6250000;juridica y cap.semilla
femenino;industria;productos de belleza;san pablo;2;16.0;7/06/2017;1500000;agropecuaria
masculino;servicio;almacen de ropa en;campo valdes no. 1;3;8.0;6/02/2017;3000000;agropecuaria
masculino;servicio;comidas rapidas;santo domingo savio;1;13.0;26/10/2016;4000000;agropecuaria
femenino;industria;recreativo educativo;alfonso lopez;2;16.0;14/08/2017;4500000;agropecuaria
masculino;servicio;comidas rapidas;santa cruz;1;13.0;18/09/2017;4000000;agropecuaria
femenino;comercio;restaurante;villa hermosa;3;2.0;4/03/2016;7377000;agropecuaria
masculino;servicio;tienda;popular;1;10.0;8/05/2017;6000000;agropecuaria
masculino;servicio;variedades;castilla;1;1.0;12/12/2017;5000000;agropecuaria
masculino;servicio;tienda;buenos aires;1;10.0;9/02/2018;6000000;agropecuaria
masculino;servicio;variedades;manrique central no. 2;1;13.0;3/05/2018;4000000;agropecuaria
masculino;servicio;fabrica de;manrique central no. 1;1;4.0;29/08/2018;7800000;agropecuaria
masculino;servicio;comidas rapidas;santo domingo savio;1;13.0;19/08/2016;4000000;agropecuaria
femenino;comercio;mantenimiento en;guayabal;3;2.0;1/03/2017;7377000;agropecuaria
masculino;servicio;fabrica de;robledo;1;4.0;21/02/2018;7800000;agropecuaria
femenino;industria;cafe e internet;carpinelo;2;16.0;7/06/2016;3500000;agropecuaria
masculino;servicio;variedades;cabecera san cristobal;1;1.0;27/07/2018;5000000;agropecuaria
masculino;servicio;fabrica de;robledo;1;4.0;25/10/2018;7800000;agropecuaria
masculino;comercio;peluqueria;doce de octubre no.1;3;5.0;12/09/2017;7300000;agropecuaria
masculino;servicio;comidas rapidas;santa cruz;1;13.0;6/07/2017;4000000;agropecuaria
femenino;industria;productos de belleza;la francia;2;16.0;25/07/2016;1500000;agropecuaria
masculino;servicio;variedades;enciso;1;13.0;6/10/2017;4000000;agropecuaria
femenino;industria;charcuteria;francisco antonio zea;2;60.0;10/02/2017;8200000;agropecuaria
femenino;industria;panaderia;boston;3;6.0;13/06/2018;3500000;agropecuaria
masculino;servicio;tienda;buenos aires;1;7.0;8/02/2018;6000000;agropecuaria
masculino;servicio;variedades;castilla;1;1.0;17/03/2017;5000000;agropecuaria
masculino;servicio;comidas rapidas;cabecera san antonio;3;8.0;7/04/2016;3000000;agropecuaria
femenino;comercio;restaurante;villa hermosa;3;2.0;25/09/2017;7377000;agropecuaria
masculino;servicio;fabrica de;manrique central no. 1;1;4.0;7/12/2016;7800000;agropecuaria
masculino;servicio;fabrica de;san javier no.1;1;7.0;30/01/2018;7000000;agropecuaria
masculino;comercio;peluqueria;doce de octubre no.1;3;5.0;14/03/2017;7300000;agropecuaria
femenino;comercio;restaurante;villa hermosa;3;2.0;22/08/2018;7377000;agropecuaria
femenino;industria;taller de mecanica;olaya herrera;2;60.0;11/12/2018;6500000;agropecuaria
masculino;comercio;peluqueria;la milagrosa;3;5.0;5/12/2017;7300000;agropecuaria
masculino;servicio;fabrica de;san javier no.1;1;7.0;26/07/2017;7000000;agropecuaria
masculino;servicio;comidas rapidas;santo domingo savio;3;8.0;23/11/2017;3000000;agropecuaria
masculino;servicio;fabrica de;robledo;1;4.0;11/05/2018;7800000;agropecuaria
femenino;comercio;mantenimiento en;andalucia;3;2.0;26/08/2016;7377000;agropecuaria
masculino;servicio;comidas rapidas;santa cruz;1;13.0;6/07/2017;4000000;agropecuaria
masculino;servicio;fabrica de;manrique central no. 1;1;4.0;29/08/2018;7800000;agropecuaria
masculino;servicio;tienda;belen;1;7.0;10/04/2018;6000000;agropecuaria
masculino;servicio;fabrica de;robledo;1;4.0;4/04/2018;7800000;agropecuaria
femenino;industria;cafe e internet;boston;2;6.0;11/09/2017;3500000;agropecuaria
masculino;servicio;tienda;popular;1;10.0;25/01/2018;6000000;agropecuaria
masculino;servicio;tienda;buenos aires;1;10.0;9/03/2017;6000000;agropecuaria
masculino;servicio;tienda;buenos aires;1;10.0;10/05/2018;6000000;agropecuaria
femenino;industria;panaderia;calasanz;3;6.0;6/12/2017;1000000;agropecuaria
femenino;industria;cerrajeria;tricentenario;2;80.0;24/08/2016;30000000;agropecuaria
femenino;industria;fabrica de calzado;florencia;3;6.0;14/09/2017;6800000;agropecuaria
femenino;comercio;miscelanea;villatina;3;3.0;19/07/2018;7370000;agropecuaria
femenino;industria;cerrajeria;san javier no.2;2;80.0;17/06/2016;5200000;agropecuaria
masculino;servicio;tienda;aranjuez;1;10.0;2/02/2018;6000000;agropecuaria
masculino;servicio;comidas rapidas;santo domingo savio;1;13.0;12/07/2016;3000000;agropecuaria
femenino;industria;fabrica de alimentos;santander;3;6.0;25/01/2019;1000000;agropecuaria
masculino;servicio;fabrica de;robledo;1;4.0;25/10/2018;7800000;agropecuaria
masculino;comercio;peluqueria;manrique oriental;3;5.0;15/05/2018;6890000;agropecuaria
femenino;agropecuaria;venta de;la aldea;2;11.0;28/01/2016;500000;credioportuno
femenino;comercio;fabrica de calzado;granizal;3;6.0;3/09/2018;7370000;agropecuaria
femenino;comercio;miscelanea;granizal;3;6.0;3/09/2018;7370000;agropecuaria
masculino;servicio;variedades;cabecera san cristobal;1;1.0;31/01/2018;5000000;agropecuaria
femenino;industria;recreativo educativo;altavista;2;16.0;21/12/2016;2500000;agropecuaria
masculino;servicio;fabrica de;san javier no.1;1;7.0;30/01/2018;7000000;agropecuaria
femenino;comercio;barberia;20 de julio;3;3.0;24/04/2019;2000000;agropecuaria
masculino;servicio;tienda;buenos aires;1;10.0;10/05/2018;6000000;agropecuaria
masculino;comercio;peluqueria;moravia;3;2.0;5/05/2017;7300000;agropecuaria
masculino;comercio;peluqueria;la milagrosa;3;5.0;17/04/2017;7300000;agropecuaria
masculino;servicio;tienda;aranjuez;1;10.0;12/02/2018;6000000;agropecuaria
masculino;servicio;fabrica de;manrique central no. 1;1;4.0;13/07/2017;7800000;agropecuaria
masculino;comercio;peluqueria;la milagrosa;3;5.0;15/08/2017;7300000;agropecuaria
masculino;comercio;peluqueria;doce de octubre no.1;3;5.0;21/04/2017;7300000;agropecuaria
masculino;comercio;peluqueria;doce de octubre no.1;3;5.0;18/11/2016;7300000;agropecuaria
femenino;comercio;papeleria;aranjuezcito;3;3.0;24/11/2017;2000000;agropecuaria
femenino;agropecuaria;venta de lacteos;san martin de porres;2;90.0;14/02/2019;1050000;empresarial ed.
masculino;servicio;comidas rapidas;santa cruz;1;13.0;29/11/2017;4000000;agropecuaria
masculino;comercio;almacen de ropa en;manrique oriental;3;5.0;1/11/2016;6890000;agropecuaria
masculino;servicio;fabrica de;robledo;1;4.0;24/01/2018;7800000;agropecuaria
femenino;industria;ferreteria;santa lucia;2;60.0;2/05/2019;7500000;agropecuaria
femenino;industria;fabrica de alimentos;santander;3;6.0;18/08/2016;6800000;agropecuaria
masculino;servicio;comidas rapidas;santa cruz;1;13.0;23/10/2017;4000000;agropecuaria
masculino;servicio;tienda;aranjuez;1;10.0;18/06/2018;6000000;agropecuaria
masculino;servicio;comidas rapidas;manrique central no. 2;1;13.0;25/04/2017;4000000;agropecuaria
femenino;industria;fabrica de muebles;versalles no. 1;2;12.0;31/10/2016;7377170;agropecuaria
femenino;industria;granero;belalcazar;2;9.0;21/06/2016;1200000;agropecuaria
masculino;servicio;tienda;belen;1;7.0;2/03/2018;7000000;agropecuaria
masculino;servicio;comidas rapidas;cabecera san antonio;3;8.0;7/04/2016;3000000;agropecuaria
femenino;comercio;papeleria;aranjuezcito;3;3.0;24/11/2017;2000000;agropecuaria
masculino;servicio;tienda;buenos aires;1;7.0;8/02/2018;6000000;agropecuaria
masculino;servicio;tienda;popular;1;10.0;26/09/2017;5000000;agropecuaria
masculino;servicio;comidas rapidas;cabecera san antonio;3;8.0;29/09/2017;3000000;agropecuaria
masculino;servicio;tienda;aranjuez;1;10.0;20/09/2018;6000000;agropecuaria
femenino;comercio;fabrica de calzado;granizal;3;6.0;22/01/2018;7370000;agropecuaria
masculino;comercio;peluqueria;moravia;3;2.0;15/06/2017;7300000;agropecuaria
femenino;comercio;mantenimiento en;andalucia;3;2.0;20/04/2017;7377000;agropecuaria
femenino;industria;variedades de helados;girardot;2;60.0;6/05/2019;8200000;agropecuaria
masculino;servicio;tienda;aranjuez;1;10.0;9/03/2018;6000000;agropecuaria
masculino;servicio;variedades;enciso;1;1.0;18/05/2018;5000000;agropecuaria
masculino;servicio;tienda;belen;1;7.0;21/03/2017;6000000;agropecuaria
masculino;servicio;fabrica de;san javier no.1;1;7.0;12/04/2018;7000000;agropecuaria
masculino;servicio;tienda;aranjuez;1;10.0;8/05/2018;6000000;agropecuaria
femenino;industria;licorera;la cruz;2;15.0;26/03/2019;12000000;agropecuaria
masculino;comercio;almacen de ropa en;barrio caicedo;3;8.0;29/11/2016;6890000;agropecuaria
masculino;servicio;fabrica de;manrique central no. 1;1;4.0;9/07/2018;7000000;agropecuaria
masculino;servicio;fabrica de;manrique central no. 1;1;4.0;22/06/2018;7800000;agropecuaria
masculino;servicio;almacen de ropa en;campo valdes no. 1;3;8.0;18/08/2017;3000000;agropecuaria
masculino;servicio;comidas rapidas;cabecera san antonio;3;8.0;10/11/2017;3000000;agropecuaria
masculino;comercio;peluqueria;manrique oriental;3;5.0;1/08/2017;6890000;agropecuaria
femenino;industria;granero;palmitas;2;9.0;19/03/2019;1200000;agropecuaria
masculino;servicio;variedades;enciso;1;13.0;6/10/2017;4000000;agropecuaria
femenino;industria;charcuteria;santa lucia;2;60.0;22/04/2016;8200000;agropecuaria
femenino;industria;ferreteria;santa lucia;2;60.0;30/08/2016;7500000;agropecuaria
femenino;comercio;distribuidora de;andalucia;3;3.0;12/09/2016;2000000;agropecuaria
femenino;industria;cafe e internet;centro admtivo;2;6.0;8/09/2016;3500000;agropecuaria
masculino;servicio;fabrica de;robledo;1;4.0;11/10/2018;7800000;agropecuaria
femenino;comercio;mantenimiento en;guayabal;3;2.0;1/03/2017;7377000;agropecuaria
femenino;industria;carpinteria;13 de noviembre;2;9.0;16/08/2016;8281000;agropecuaria
masculino;servicio;comidas rapidas;cabecera san antonio;3;8.0;16/11/2016;3000000;agropecuaria
masculino;servicio;comidas rapidas;santo domingo savio;1;13.0;12/07/2016;3000000;agropecuaria
masculino;servicio;variedades;enciso;1;13.0;16/03/2018;4000000;agropecuaria
masculino;servicio;variedades;castilla;1;1.0;24/08/2017;5000000;agropecuaria
masculino;servicio;tienda;cabecera san cristobal;1;1.0;4/07/2018;5000000;agropecuaria
masculino;comercio;peluqueria;moravia;3;2.0;11/07/2017;7300000;agropecuaria
masculino;servicio;tienda;cabecera san cristobal;1;10.0;12/07/2017;5000000;agropecuaria
masculino;servicio;comidas rapidas;manrique central no. 2;1;13.0;22/05/2019;4000000;agropecuaria
masculino;comercio;almacen de ropa en;barrio caicedo;3;8.0;8/03/2017;6890000;agropecuaria
femenino;industria;fabrica de calzado;florencia;3;6.0;20/09/2016;6800000;agropecuaria
femenino;comercio;mantenimiento en;guayabal;3;2.0;22/12/2016;7377000;agropecuaria
masculino;servicio;fabrica de;manrique central no. 1;1;7.0;14/11/2018;7000000;agropecuaria
femenino;industria;taller de mecanica;olaya herrera;2;60.0;16/05/2016;6500000;agropecuaria
femenino;comercio;restaurante;el salvador;3;2.0;21/09/2017;7377000;agropecuaria
femenino;industria;cafeteria;juan xxiii la quiebra;2;16.0;21/09/2018;1500000;agropecuaria
femenino;comercio;miscelanea;granizal;3;6.0;2/05/2017;7370000;agropecuaria
masculino;servicio;variedades;castilla;1;1.0;8/11/2017;5000000;agropecuaria
femenino;comercio;papeleria;aranjuezcito;3;3.0;22/12/2017;2000000;agropecuaria
femenino;industria;ferreteria;kennedy;2;60.0;22/08/2017;7500000;agropecuaria
femenino;industria;legumbreria;las palmas;2;16.0;3/10/2016;2500000;agropecuaria
masculino;servicio;variedades;enciso;1;1.0;6/09/2017;5000000;agropecuaria
masculino;servicio;tienda;popular;1;10.0;20/11/2017;6000000;agropecuaria
masculino;comercio;peluqueria;la milagrosa;3;5.0;4/05/2017;7300000;agropecuaria
femenino;comercio;distribuidora de;andalucia;3;3.0;26/05/2017;7377000;agropecuaria
femenino;agropecuaria;lavadero de;bosques de san pablo;2;15.0;2016/11/8;737717;empresarial ed.
masculino;servicio;fabrica de;manrique central no. 1;1;4.0;29/08/2018;7800000;agropecuaria
masculino;servicio;fabrica de;robledo;1;4.0;23/05/2018;7800000;agropecuaria
masculino;servicio;comidas rapidas;santa cruz;1;13.0;19/08/2016;4000000;agropecuaria
masculino;servicio;tienda;aranjuez;1;10.0;3/05/2017;6000000;agropecuaria
masculino;servicio;fabrica de;robledo;1;4.0;24/09/2018;7800000;agropecuaria
masculino;servicio;almacen de ropa en;campo valdes no. 1;3;8.0;7/02/2017;6890000;agropecuaria
masculino;servicio;comidas rapidas;manrique central no. 2;1;13.0;28/07/2017;4000000;agropecuaria
masculino;comercio;peluqueria;moravia;3;2.0;20/10/2017;7300000;agropecuaria
femenino;comercio;miscelanea;playon de los;3;3.0;19/11/2018;7370000;agropecuaria
femenino;comercio;mantenimiento en;el salvador;3;2.0;26/04/2016;7377000;agropecuaria
masculino;servicio;fabrica de;robledo;1;4.0;21/02/2018;7800000;agropecuaria
masculino;comercio;almacen de ropa en;barrio caicedo;3;8.0;29/11/2016;6890000;agropecuaria
masculino;servicio;fabrica de;robledo;1;4.0;25/10/2018;7800000;agropecuaria
femenino;industria;variedades de helados;pablo vi;2;60.0;10/07/2017;6500000;agropecuaria
femenino;industria;taller de mecanica;boyaca;2;60.0;27/02/2019;8000000;agropecuaria
masculino;servicio;fabrica de;robledo;1;4.0;6/06/2017;7800000;agropecuaria
masculino;servicio;tienda;cabecera san cristobal;1;1.0;4/07/2018;5000000;agropecuaria
femenino;agropecuaria;lavadero de;la isla;2;15.0;5/07/2016;400000;empresarial ed.
femenino;industria;variedades naturista;la avanzada;2;80.0;2/08/2016;1300000;agropecuaria
masculino;servicio;fabrica de;manrique central no. 1;1;4.0;14/02/2018;7000000;agropecuaria
masculino;servicio;variedades;castilla;1;1.0;2/10/2017;5000000;agropecuaria
masculino;servicio;variedades;manrique central no. 2;1;13.0;27/02/2018;4000000;agropecuaria
masculino;servicio;tienda;popular;1;10.0;31/10/2017;6000000;agropecuaria
femenino;comercio;restaurante;villa hermosa;3;2.0;7/09/2017;7300000;agropecuaria
masculino;servicio;fabrica de;manrique central no. 1;1;7.0;6/07/2018;7000000;agropecuaria
femenino;comercio;miscelanea;playon de los;3;3.0;3/01/2018;7370000;agropecuaria
masculino;comercio;almacen de ropa en;manrique oriental;3;5.0;20/10/2016;6890000;agropecuaria
masculino;comercio;almacen de ropa en;barrio caicedo;3;8.0;8/03/2017;6890000;agropecuaria
femenino;agropecuaria;viveros;fuente clara;2;90.0;28/07/2016;16720000;empresarial ed.
femenino;industria;panaderia;santa elena central;3;6.0;3/11/2017;1000000;agropecuaria
masculino;servicio;tienda;aranjuez;1;10.0;2/08/2018;6000000;agropecuaria
masculino;servicio;variedades;enciso;1;1.0;15/11/2017;5000000;agropecuaria
masculino;servicio;comidas rapidas;santa cruz;1;13.0;6/04/2018;4000000;agropecuaria
masculino;servicio;variedades;castilla;1;1.0;24/08/2017;5000000;agropecuaria
masculino;comercio;almacen de ropa en;barrio caicedo;3;8.0;9/11/2018;6890000;agropecuaria
femenino;industria;fabrica de arepas;aures no. 2;2;12.0;21/06/2019;73770000;agropecuaria
masculino;servicio;almacen de ropa en;campo valdes no. 1;3;8.0;21/04/2016;6890000;agropecuaria
femenino;comercio;restaurante;villa hermosa;3;2.0;13/02/2017;7377000;agropecuaria
masculino;servicio;variedades;enciso;1;1.0;17/11/2017;4000000;agropecuaria
masculino;servicio;variedades;cabecera san cristobal;1;1.0;19/07/2017;5000000;agropecuaria
masculino;comercio;almacen de ropa en;barrio caicedo;3;5.0;26/11/2018;6890000;agropecuaria
masculino;servicio;fabrica de;robledo;1;4.0;6/06/2017;7800000;agropecuaria
masculino;servicio;fabrica de;robledo;1;4.0;26/10/2018;7800000;agropecuaria
femenino;comercio;papeleria;aranjuezcito;3;3.0;15/06/2016;2000000;agropecuaria
masculino;servicio;comidas rapidas;santo domingo savio;1;13.0;25/10/2017;4000000;agropecuaria
masculino;servicio;almacen de ropa en;campo valdes no. 1;3;8.0;1/11/2018;3000000;agropecuaria
femenino;agropecuaria;fabrica de juegos;santa teresita;2;70.0;31/08/2018;6840000;microempresarial
femenino;industria;fabrica de helados;san diego;2;9.0;20/05/2016;5500000;agropecuaria
masculino;servicio;comidas rapidas;santa cruz;1;13.0;13/02/2019;4000000;agropecuaria
masculino;servicio;fabrica de;manrique central no. 1;1;4.0;15/02/2018;7000000;agropecuaria
masculino;servicio;variedades;cabecera san cristobal;1;1.0;7/04/2017;5000000;agropecuaria
masculino;servicio;comidas rapidas;santo domingo savio;1;13.0;5/04/2018;3000000;agropecuaria
masculino;comercio;peluqueria;moravia;3;2.0;22/01/2019;7300000;agropecuaria
masculino;servicio;variedades;manrique central no. 2;1;13.0;22/11/2016;4000000;agropecuaria
masculino;servicio;almacen de ropa en;campo valdes no. 1;3;8.0;18/07/2018;3000000;agropecuaria
femenino;industria;taller de electronica;la loma;2;80.0;25/06/2019;2200000;agropecuaria
femenino;industria;legumbreria;trinidad;2;16.0;7/03/2019;2500000;agropecuaria
femenino;comercio;fabrica de calzado;granizal;3;6.0;22/01/2018;7370000;agropecuaria
masculino;comercio;almacen de ropa en;barrio caicedo;3;8.0;6/03/2017;6890000;agropecuaria
masculino;servicio;tienda;buenos aires;1;7.0;3/07/2018;6000000;agropecuaria
femenino;industria;panaderia;santa elena central;3;6.0;26/07/2016;1000000;agropecuaria
masculino;servicio;comidas rapidas;cabecera san antonio;3;8.0;10/11/2017;3000000;agropecuaria
masculino;servicio;variedades;cabecera san cristobal;1;1.0;22/02/2018;5000000;agropecuaria
masculino;servicio;comidas rapidas;santa cruz;1;13.0;6/04/2018;4000000;agropecuaria
masculino;servicio;tienda;popular;1;10.0;30/05/2018;6000000;agropecuaria
masculino;servicio;tienda;buenos aires;1;7.0;13/12/2016;6000000;agropecuaria
femenino;industria;fabrica de muebles;el compromiso;2;12.0;23/05/2019;68900000;agropecuaria
femenino;comercio;restaurante;villa hermosa;3;2.0;7/10/2016;7377000;agropecuaria
masculino;servicio;tienda;belen;1;7.0;22/03/2018;7000000;agropecuaria
masculino;servicio;comidas rapidas;santo domingo savio;1;13.0;19/08/2016;4000000;agropecuaria
masculino;servicio;fabrica de;manrique central no. 1;1;4.0;16/04/2018;7800000;agropecuaria
femenino;industria;sembrados;prado;2;9.0;10/08/2016;8281000;agropecuaria
femenino;agropecuaria;lavadero de;cataluna;2;15.0;5/07/2016;400000;empresarial ed.
masculino;servicio;tienda;buenos aires;1;10.0;13/06/2017;6000000;agropecuaria
femenino;industria;criadero de animales;villa del socorro;2;16.0;16/08/2017;8000000;agropecuaria
masculino;servicio;comidas rapidas;santa cruz;1;13.0;15/11/2018;4000000;agropecuaria
masculino;servicio;fabrica de;robledo;1;4.0;24/10/2017;7800000;agropecuaria
femenino;industria;sembrados;la pradera;2;9.0;1/03/2016;7500000;agropecuaria
femenino;comercio;mantenimiento en;guayabal;3;2.0;1/02/2017;7377000;agropecuaria
masculino;servicio;comidas rapidas;santo domingo savio;1;13.0;26/10/2016;4000000;agropecuaria
femenino;industria;organización y;la libertad;2;80.0;16/02/2016;20000000;agropecuaria
masculino;servicio;tienda;buenos aires;1;7.0;8/02/2018;6000000;agropecuaria
femenino;industria;taller de electronica;la loma;2;80.0;23/01/2019;2200000;agropecuaria
femenino;industria;taller de mecanica;picachito;2;60.0;20/02/2016;6500000;agropecuaria
masculino;comercio;almacen de ropa en;manrique oriental;3;5.0;5/06/2017;6890000;agropecuaria
masculino;servicio;variedades;cabecera san cristobal;1;1.0;18/07/2017;5000000;agropecuaria
masculino;servicio;fabrica de;manrique central no. 1;1;4.0;22/06/2018;7800000;agropecuaria
femenino;industria;fabrica de arepas;aures no. 2;2;12.0;19/05/2016;73770000;agropecuaria
masculino;servicio;comidas rapidas;campo valdes no. 1;3;8.0;14/06/2016;3000000;agropecuaria
masculino;servicio;tienda;popular;1;10.0;20/11/2017;6000000;agropecuaria
masculino;servicio;fabrica de;san javier no.1;1;7.0;23/02/2017;7000000;agropecuaria
masculino;servicio;fabrica de;manrique central no. 1;1;7.0;14/11/2018;7000000;agropecuaria
femenino;industria;cafe e internet;carpinelo;2;6.0;9/01/2019;3500000;agropecuaria
masculino;servicio;fabrica de;manrique central no. 1;1;4.0;29/08/2018;7800000;agropecuaria
masculino;comercio;almacen de ropa en;barrio caicedo;3;8.0;6/10/2016;6890000;agropecuaria
masculino;servicio;fabrica de;manrique central no. 1;1;4.0;25/07/2018;7800000;agropecuaria
femenino;industria;cafe e internet;centro admtivo;2;6.0;26/01/2017;3500000;agropecuaria
femenino;industria;organización y;campo valdes no. 2;2;80.0;10/03/2016;14000000;agropecuaria
masculino;servicio;tienda;popular;1;10.0;13/07/2018;6000000;agropecuaria
femenino;comercio;fabrica de calzado;florencia;3;6.0;23/01/2018;6800000;agropecuaria
masculino;comercio;peluqueria;la milagrosa;3;5.0;25/08/2016;7300000;agropecuaria
femenino;agropecuaria;fabrica de juegos;el astillero;2;70.0;2/05/2016;60;microempresarial
femenino;agropecuaria;jardineria;carlos e. restrepo;2;70.0;23/05/2016;15900000;juridica y cap.semilla
masculino;servicio;tienda;aranjuez;1;10.0;28/02/2018;6000000;agropecuaria
masculino;servicio;tienda;cabecera san cristobal;1;10.0;7/03/2018;5000000;agropecuaria
masculino;servicio;tienda;aranjuez;1;10.0;3/05/2017;6000000;agropecuaria
femenino;comercio;restaurante;villa hermosa;3;2.0;30/05/2017;7377000;agropecuaria
masculino;servicio;comidas rapidas;santo domingo savio;1;13.0;14/08/2018;4000000;agropecuaria
masculino;servicio;variedades;manrique central no. 2;1;13.0;16/11/2017;4000000;agropecuaria
masculino;servicio;almacen de ropa en;campo valdes no. 1;3;8.0;18/08/2017;3000000;agropecuaria
masculino;comercio;almacen de ropa en;barrio caicedo;3;8.0;5/09/2016;6890000;agropecuaria
masculino;servicio;fabrica de;san javier no.1;1;7.0;29/10/2018;7000000;agropecuaria
masculino;servicio;fabrica de;robledo;1;4.0;5/06/2018;7800000;agropecuaria
masculino;comercio;almacen de ropa en;barrio caicedo;3;5.0;23/08/2018;6890000;agropecuaria
femenino;industria;granero;belalcazar;2;9.0;21/06/2016;1200000;agropecuaria
masculino;servicio;variedades;enciso;1;13.0;1/06/2017;4000000;agropecuaria
femenino;industria;taller de mecanica;boyaca;2;60.0;19/06/2019;8000000;agropecuaria
femenino;industria;venta de calzado;san jose de la cima no.;2;80.0;10/05/2019;7200000;agropecuaria
masculino;servicio;fabrica de;manrique central no. 1;1;4.0;9/07/2018;7000000;agropecuaria
masculino;servicio;fabrica de;robledo;1;4.0;10/07/2018;7800000;agropecuaria
femenino;industria;taller de mecanica;picachito;2;60.0;12/05/2016;8000000;agropecuaria
masculino;servicio;fabrica de;manrique central no. 1;1;4.0;4/05/2018;7000000;agropecuaria
femenino;comercio;miscelanea;playon de los;3;3.0;3/01/2018;7370000;agropecuaria
femenino;comercio;fabrica de calzado;florencia;3;6.0;23/01/2018;6800000;agropecuaria
femenino;comercio;barberia;la floresta;3;3.0;8/02/2017;2000000;agropecuaria
masculino;servicio;fabrica de;robledo;1;4.0;25/04/2018;7800000;agropecuaria
masculino;servicio;comidas rapidas;manrique central no. 2;1;13.0;5/03/2018;4000000;agropecuaria
masculino;servicio;fabrica de;manrique central no. 1;1;4.0;15/02/2018;7000000;agropecuaria
masculino;servicio;fabrica de;robledo;1;4.0;11/10/2018;7800000;agropecuaria
masculino;servicio;tienda;belen;1;7.0;31/05/2018;7000000;agropecuaria
masculino;comercio;peluqueria;la milagrosa;3;5.0;12/04/2016;7300000;agropecuaria
masculino;comercio;peluqueria;la milagrosa;3;5.0;1/11/2017;7300000;agropecuaria
femenino;industria;fabrica de arepas;la colina;2;12.0;2017/05/31;4800000;agropecuaria
masculino;servicio;variedades;castilla;1;1.0;2/10/2017;5000000;agropecuaria
masculino;comercio;peluqueria;moravia;3;2.0;22/01/2019;7300000;agropecuaria
femenino;industria;montallantas;las brisas;2;12.0;2/02/2016;18000000;agropecuaria
masculino;comercio;almacen de ropa en;manrique oriental;3;5.0;13/11/2018;6890000;agropecuaria
masculino;servicio;comidas rapidas;santo domingo savio;1;13.0;5/04/2018;3000000;agropecuaria
masculino;servicio;tienda;belen;1;7.0;23/05/2017;6000000;agropecuaria
femenino;comercio;miscelanea;playon de los;3;6.0;30/01/2017;7370000;agropecuaria
masculino;comercio;almacen de ropa en;manrique oriental;3;5.0;21/02/2017;6890000;agropecuaria
masculino;servicio;comidas rapidas;cabecera san antonio;3;8.0;30/08/2017;3000000;agropecuaria
masculino;comercio;almacen de ropa en;barrio caicedo;3;8.0;25/07/2017;6890000;agropecuaria
femenino;comercio;barberia;20 de julio;3;3.0;4/04/2017;7370000;agropecuaria
femenino;comercio;restaurante;moravia;3;2.0;24/05/2017;7300000;agropecuaria
masculino;servicio;variedades;castilla;1;1.0;2/10/2017;5000000;agropecuaria
masculino;servicio;comidas rapidas;cabecera san antonio;3;8.0;20/02/2017;3000000;agropecuaria
masculino;servicio;tienda;popular;1;10.0;3/02/2017;6000000;agropecuaria
masculino;comercio;peluqueria;moravia;3;2.0;31/08/2017;7300000;agropecuaria
masculino;servicio;variedades;manrique central no. 2;1;13.0;17/08/2018;4000000;agropecuaria
femenino;industria;marroquineria;juan pablo ii;2;15.0;18/01/2018;2400000;agropecuaria
masculino;servicio;comidas rapidas;santo domingo savio;1;13.0;24/04/2017;4000000;agropecuaria
femenino;industria;cafe e internet;carpinelo;2;6.0;23/08/2017;3500000;agropecuaria
femenino;comercio;barberia;villatina;3;3.0;4/08/2016;7370000;agropecuaria
femenino;industria;licorera;vrda. san cristobal;2;15.0;10/02/2016;4130000;agropecuaria
femenino;comercio;papeleria;aranjuezcito;3;3.0;4/10/2016;2000000;agropecuaria
masculino;servicio;variedades;manrique central no. 2;1;13.0;16/11/2017;4000000;agropecuaria
masculino;servicio;fabrica de;manrique central no. 1;1;7.0;5/02/2018;7000000;agropecuaria
masculino;servicio;comidas rapidas;santo domingo savio;1;13.0;24/04/2017;4000000;agropecuaria
femenino;comercio;papeleria;la floresta;3;3.0;17/11/2016;2000000;agropecuaria
masculino;servicio;fabrica de;robledo;1;4.0;3/10/2018;7800000;agropecuaria
masculino;servicio;comidas rapidas;santo domingo savio;1;13.0;26/10/2016;4000000;agropecuaria
masculino;comercio;peluqueria;doce de octubre no.1;3;5.0;17/02/2017;6890000;agropecuaria
masculino;comercio;almacen de ropa en;manrique oriental;3;5.0;20/10/2016;6890000;agropecuaria
femenino;industria;joyeria;villa guadalupe;2;12.0;2018/06/15;2800000;agropecuaria
masculino;servicio;fabrica de;robledo;1;4.0;6/02/2018;7800000;agropecuaria
masculino;comercio;almacen de ropa en;manrique oriental;3;5.0;13/11/2018;6890000;agropecuaria
femenino;industria;variedades de helados;girardot;2;60.0;6/05/2019;8200000;agropecuaria
masculino;comercio;almacen de ropa en;manrique oriental;3;5.0;16/05/2017;6890000;agropecuaria
masculino;servicio;fabrica de;robledo;1;4.0;13/02/2018;7800000;agropecuaria
femenino;industria;reciclaje;zona expansion san;2;15.0;24/01/2019;1100000;agropecuaria
masculino;servicio;fabrica de;manrique central no. 1;1;7.0;7/02/2018;7000000;agropecuaria
masculino;comercio;peluqueria;doce de octubre no.1;3;5.0;18/11/2016;7300000;agropecuaria
masculino;servicio;tienda;popular;1;10.0;20/11/2017;6000000;agropecuaria
masculino;servicio;fabrica de;robledo;1;4.0;1/08/2018;7800000;agropecuaria
masculino;comercio;almacen de ropa en;manrique oriental;3;5.0;27/09/2018;6890000;agropecuaria
masculino;servicio;almacen de ropa en;campo valdes no. 1;3;8.0;18/07/2018;3000000;agropecuaria
femenino;comercio;miscelanea;villatina;3;3.0;25/08/2017;7370000;agropecuaria
masculino;servicio;variedades;manrique central no. 2;1;13.0;18/10/2017;4000000;agropecuaria
masculino;comercio;peluqueria;manrique oriental;3;5.0;12/05/2017;6890000;agropecuaria
masculino;servicio;variedades;castilla;1;1.0;5/10/2016;5000000;agropecuaria
femenino;industria;variedades de helados;pablo vi;2;60.0;22/04/2019;6500000;agropecuaria
masculino;comercio;almacen de ropa en;barrio caicedo;3;8.0;16/02/2017;6890000;agropecuaria
masculino;servicio;comidas rapidas;manrique central no. 2;1;13.0;25/04/2017;4000000;agropecuaria
masculino;servicio;comidas rapidas;santa cruz;1;13.0;8/11/2016;4000000;agropecuaria
masculino;servicio;variedades;castilla;1;1.0;17/03/2017;5000000;agropecuaria
femenino;industria;fabrica de alimentos;calasanz;3;6.0;17/01/2017;1000000;agropecuaria
masculino;servicio;comidas rapidas;cabecera san antonio;3;8.0;29/09/2017;3000000;agropecuaria
masculino;servicio;variedades;castilla;1;1.0;6/12/2018;5000000;agropecuaria
femenino;comercio;barberia;20 de julio;3;3.0;26/07/2018;7370000;agropecuaria
femenino;industria;fabrica de alimentos;santander;3;6.0;18/08/2016;6800000;agropecuaria
femenino;industria;variedades de helados;pablo vi;2;60.0;10/07/2017;6500000;agropecuaria
masculino;servicio;fabrica de;robledo;1;4.0;3/10/2018;7800000;agropecuaria
femenino;industria;fabrica de alimentos;picacho;3;6.0;6/09/2016;6800000;agropecuaria
masculino;comercio;peluqueria;doce de octubre no.1;3;5.0;12/09/2017;7300000;agropecuaria
masculino;servicio;fabrica de;robledo;1;4.0;4/04/2018;7800000;agropecuaria
masculino;servicio;variedades;castilla;1;1.0;6/12/2018;5000000;agropecuaria
femenino;industria;fabrica de arepas;san antonio;2;12.0;27/09/2016;5250000;agropecuaria
femenino;comercio;mantenimiento en;guayabal;3;2.0;9/08/2018;7377000;agropecuaria
masculino;servicio;tienda;aranjuez;1;10.0;9/03/2018;6000000;agropecuaria
femenino;industria;panaderia;calasanz;3;6.0;6/12/2017;1000000;agropecuaria
femenino;comercio;restaurante;villa hermosa;3;2.0;25/09/2017;7377000;agropecuaria
masculino;servicio;tienda;belen;1;7.0;9/05/2017;7000000;agropecuaria
femenino;industria;sembrados;prado;2;9.0;10/08/2016;8281000;agropecuaria
femenino;comercio;papeleria;la floresta;3;3.0;21/08/2018;2000000;agropecuaria
masculino;servicio;tienda;aranjuez;1;10.0;17/07/2017;6000000;agropecuaria
masculino;comercio;peluqueria;la milagrosa;3;5.0;25/08/2016;7300000;agropecuaria
femenino;industria;joyeria;villa guadalupe;2;12.0;2018/06/15;3200000;agropecuaria
masculino;servicio;fabrica de;robledo;1;4.0;10/07/2018;7800000;agropecuaria
masculino;servicio;variedades;enciso;1;13.0;9/11/2017;4000000;agropecuaria
femenino;industria;montallantas;el triunfo;2;12.0;2/02/2016;5300000;agropecuaria
masculino;comercio;peluqueria;moravia;3;2.0;5/05/2017;7300000;agropecuaria
masculino;servicio;tienda;belen;1;7.0;7/06/2018;7000000;agropecuaria
femenino;industria;ebanistaria;el chagualo;2;12.0;4/04/2019;4100000;agropecuaria
femenino;comercio;restaurante;el salvador;3;2.0;25/11/2016;7377000;agropecuaria
masculino;servicio;variedades;cabecera san cristobal;1;1.0;30/06/2017;5000000;agropecuaria
femenino;comercio;fabrica de calzado;granizal;3;6.0;14/07/2016;7370000;agropecuaria
masculino;servicio;tienda;aranjuez;1;10.0;20/03/2018;6000000;agropecuaria
femenino;industria;cafe e internet;centro admtivo;2;6.0;1/12/2016;3500000;agropecuaria
femenino;industria;charcuteria;loreto;2;60.0;24/05/2019;8200000;agropecuaria
femenino;comercio;mantenimiento en;el salvador;3;2.0;19/12/2016;7377000;agropecuaria
femenino;comercio;restaurante;villa hermosa;3;2.0;7/09/2017;7300000;agropecuaria
femenino;industria;legumbreria;las palmas;2;16.0;8/07/2016;2500000;agropecuaria
femenino;industria;fabrica de helados;blanquizal;2;9.0;18/03/2016;7812000;agropecuaria
masculino;servicio;comidas rapidas;santo domingo savio;3;8.0;15/01/2019;3000000;agropecuaria
femenino;industria;joyeria;jardin botanico;2;12.0;25/02/2016;4136000;agropecuaria
masculino;servicio;variedades;castilla;1;1.0;12/12/2017;5000000;agropecuaria
femenino;industria;cafe e internet;carpinelo;2;16.0;2/11/2018;3500000;agropecuaria
masculino;servicio;fabrica de;manrique central no. 1;1;4.0;14/02/2018;7000000;agropecuaria
masculino;servicio;variedades;castilla;1;1.0;30/04/2018;5000000;agropecuaria
masculino;servicio;fabrica de;manrique central no. 1;1;7.0;14/11/2018;7000000;agropecuaria
masculino;servicio;variedades;manrique central no. 2;1;13.0;17/08/2018;4000000;agropecuaria
masculino;servicio;tienda;belen;1;7.0;9/05/2017;7000000;agropecuaria
masculino;servicio;variedades;enciso;1;1.0;17/11/2017;5000000;agropecuaria
masculino;comercio;peluqueria;la milagrosa;3;5.0;4/05/2017;7300000;agropecuaria
masculino;comercio;peluqueria;la milagrosa;3;5.0;17/04/2017;7300000;agropecuaria
femenino;industria;drogueria;el pinal;2;12.0;13/06/2016;28000000;agropecuaria
masculino;servicio;tienda;aranjuez;1;10.0;2/08/2018;6000000;agropecuaria
masculino;servicio;fabrica de;san javier no.1;1;7.0;23/02/2017;7000000;agropecuaria
femenino;comercio;miscelanea;playon de los;3;3.0;3/01/2018;7370000;agropecuaria
masculino;servicio;comidas rapidas;cabecera san antonio;3;8.0;7/03/2017;3000000;agropecuaria
femenino;industria;carpinteria;toscana;2;9.0;5/12/2016;5500000;agropecuaria
masculino;servicio;variedades;castilla;1;1.0;12/12/2017;5000000;agropecuaria
masculino;comercio;almacen de ropa en;manrique oriental;3;5.0;19/11/2016;6890000;agropecuaria
femenino;agropecuaria;servicios;maria cano;2;15.0;27/12/2016;4136724;empresarial ed.
masculino;servicio;tienda;popular;1;10.0;29/03/2017;5000000;agropecuaria
masculino;servicio;tienda;belen;1;7.0;9/05/2017;7000000;agropecuaria
masculino;servicio;fabrica de;san javier no.1;1;7.0;5/09/2018;7000000;agropecuaria
masculino;comercio;almacen de ropa en;barrio caicedo;3;8.0;2/06/2017;6890000;agropecuaria
femenino;comercio;restaurante;moravia;3;2.0;8/06/2017;7300000;agropecuaria
femenino;comercio;distribuidora de;andalucia;3;3.0;29/03/2016;2000000;agropecuaria
femenino;comercio;papeleria;aranjuezcito;3;3.0;24/11/2017;2000000;agropecuaria
femenino;comercio;restaurante;villa hermosa;3;2.0;9/08/2017;7377000;agropecuaria
masculino;servicio;fabrica de;manrique central no. 1;1;4.0;23/03/2018;7000000;agropecuaria
femenino;industria;carniceria;san benito;2;12.0;23/06/2016;2300000;agropecuaria
femenino;industria;variedades de helados;pablo vi;2;60.0;17/12/2018;6500000;agropecuaria
masculino;servicio;fabrica de;robledo;1;4.0;24/10/2018;7800000;agropecuaria
masculino;servicio;variedades;castilla;1;1.0;17/07/2018;5000000;agropecuaria
femenino;comercio;mantenimiento en;andalucia;3;2.0;26/08/2016;7377000;agropecuaria
femenino;industria;sembrados;la pradera;2;60.0;20/05/2019;7500000;agropecuaria
femenino;industria;taller de mecanica;picachito;2;60.0;23/12/2016;6500000;agropecuaria
masculino;servicio;fabrica de;san javier no.1;1;7.0;9/05/2018;7000000;agropecuaria
femenino;comercio;restaurante;villa hermosa;3;2.0;22/08/2018;7377000;agropecuaria
femenino;comercio;distribuidora de;pedregal;3;3.0;11/05/2017;2000000;agropecuaria
femenino;comercio;papeleria;pedregal;3;3.0;30/07/2018;2000000;agropecuaria
femenino;industria;lavanderia;santa rosa de lima;2;12.0;19/12/2017;780000;agropecuaria
masculino;servicio;fabrica de;robledo;1;4.0;22/06/2018;7800000;agropecuaria
masculino;servicio;tienda;san javier no.1;1;7.0;16/02/2018;7000000;agropecuaria
masculino;servicio;tienda;belen;1;7.0;24/07/2017;7000000;agropecuaria
masculino;servicio;tienda;cabecera san cristobal;1;1.0;22/02/2017;5000000;agropecuaria
femenino;comercio;restaurante;villa hermosa;3;2.0;9/08/2017;7377000;agropecuaria
femenino;industria;cafe e internet;carpinelo;2;6.0;2/11/2018;3500000;agropecuaria
masculino;servicio;fabrica de;robledo;1;4.0;21/02/2018;7800000;agropecuaria
masculino;servicio;tienda;aranjuez;1;10.0;18/06/2018;6000000;agropecuaria
femenino;industria;fabrica de arepas;san antonio;2;12.0;2017/05/31;4800000;agropecuaria
masculino;comercio;peluqueria;la milagrosa;3;5.0;3/05/2019;7300000;agropecuaria
femenino;comercio;mantenimiento en;guayabal;3;2.0;9/08/2018;7377000;agropecuaria
masculino;comercio;almacen de ropa en;manrique oriental;3;5.0;20/10/2016;6890000;agropecuaria
masculino;servicio;tienda;popular;1;10.0;27/09/2017;5000000;agropecuaria
masculino;comercio;peluqueria;la milagrosa;3;5.0;26/09/2016;7300000;agropecuaria
femenino;industria;productos de belleza;san pablo;2;16.0;27/05/2016;1500000;agropecuaria
masculino;servicio;variedades;enciso;1;1.0;15/11/2017;5000000;agropecuaria
masculino;servicio;variedades;enciso;1;1.0;26/01/2018;5000000;agropecuaria
masculino;comercio;peluqueria;la milagrosa;3;5.0;4/05/2017;7300000;agropecuaria
masculino;comercio;peluqueria;moravia;3;2.0;31/08/2017;7300000;agropecuaria
femenino;industria;recreativo educativo;alfonso lopez;2;16.0;17/03/2016;4500000;agropecuaria
femenino;industria;cafe e internet;centro admtivo;2;6.0;1/12/2016;3500000;agropecuaria
femenino;industria;panaderia;boston;3;6.0;3/06/2016;3500000;agropecuaria
femenino;industria;fabrica de colchones;eduardo santos;2;15.0;1/03/2019;680000;agropecuaria
masculino;comercio;almacen de ropa en;manrique oriental;3;5.0;5/07/2017;6890000;agropecuaria
masculino;comercio;peluqueria;manrique oriental;3;5.0;15/05/2018;6890000;agropecuaria
masculino;servicio;fabrica de;robledo;1;4.0;14/03/2018;7800000;agropecuaria
femenino;industria;joyeria;jesus nazareno;2;12.0;17/02/2016;4600000;agropecuaria
masculino;servicio;fabrica de;manrique central no. 1;1;4.0;22/06/2018;7800000;agropecuaria
masculino;comercio;peluqueria;la milagrosa;3;5.0;4/05/2017;7300000;agropecuaria
masculino;servicio;variedades;manrique central no. 2;1;13.0;18/10/2017;4000000;agropecuaria
femenino;industria;variedades naturista;la avanzada;2;80.0;9/05/2019;16000000;agropecuaria
masculino;servicio;tienda;san javier no.1;1;7.0;20/06/2017;7000000;agropecuaria
masculino;servicio;tienda;buenos aires;1;7.0;12/06/2017;6000000;agropecuaria
femenino;industria;charcuteria;loreto;2;60.0;18/10/2016;8200000;agropecuaria
masculino;servicio;fabrica de;robledo;1;4.0;5/07/2018;7800000;agropecuaria
masculino;servicio;tienda;belen;1;7.0;8/06/2018;7000000;agropecuaria
masculino;servicio;comidas rapidas;santo domingo savio;3;13.0;13/03/2019;3000000;agropecuaria
masculino;servicio;fabrica de;manrique central no. 1;1;4.0;16/04/2018;7800000;agropecuaria
masculino;comercio;peluqueria;moravia;3;2.0;11/07/2017;7300000;agropecuaria
femenino;comercio;barberia;la floresta;3;3.0;8/02/2017;2000000;agropecuaria
masculino;servicio;variedades;manrique central no. 2;1;13.0;16/11/2017;4000000;agropecuaria
femenino;industria;taller de mecanica;picachito;2;60.0;12/05/2016;8000000;agropecuaria
masculino;servicio;tienda;popular;1;10.0;15/03/2018;6000000;agropecuaria
masculino;servicio;tienda;popular;1;10.0;10/09/2018;6000000;agropecuaria
masculino;servicio;tienda;belen;1;7.0;24/07/2017;7000000;agropecuaria
masculino;servicio;fabrica de;robledo;1;4.0;11/10/2018;7800000;agropecuaria
masculino;comercio;peluqueria;moravia;3;2.0;15/06/2017;7300000;agropecuaria
femenino;industria;publicidad y;la america;2;9.0;14/05/2019;4400000;agropecuaria
masculino;comercio;peluqueria;doce de octubre no.1;3;5.0;14/03/2017;6890000;agropecuaria
femenino;industria;cafeteria;juan xxiii la quiebra;2;16.0;27/01/2017;1500000;agropecuaria
masculino;servicio;comidas rapidas;cabecera san antonio;3;8.0;10/11/2017;3000000;agropecuaria
femenino;industria;charcuteria;loreto;2;60.0;20/02/2019;8200000;agropecuaria
femenino;industria;reciclaje;pajarito;2;15.0;22/10/2018;7337000;agropecuaria
femenino;comercio;miscelanea;villatina;3;3.0;19/07/2018;7370000;agropecuaria
masculino;servicio;comidas rapidas;santa cruz;1;13.0;6/04/2018;4000000;agropecuaria
femenino;comercio;restaurante;villa hermosa;3;2.0;31/07/2018;7377000;agropecuaria
masculino;comercio;peluqueria;doce de octubre no.1;3;5.0;12/09/2017;7300000;agropecuaria
femenino;industria;carpinteria;toscana;2;9.0;5/12/2016;8281000;agropecuaria
masculino;servicio;fabrica de;manrique central no. 1;1;4.0;13/07/2017;7800000;agropecuaria
masculino;servicio;tienda;cabecera san cristobal;1;10.0;12/07/2017;5000000;agropecuaria
masculino;servicio;comidas rapidas;santa cruz;1;13.0;29/11/2017;4000000;agropecuaria
femenino;comercio;papeleria;aranjuezcito;3;3.0;15/06/2016;2000000;agropecuaria
femenino;comercio;fabrica de calzado;florencia;3;6.0;1/04/2019;6800000;agropecuaria
masculino;servicio;tienda;aranjuez;1;10.0;2/11/2017;6000000;agropecuaria
femenino;comercio;papeleria;la floresta;3;3.0;19/10/2016;2000000;agropecuaria
masculino;servicio;fabrica de;robledo;1;4.0;7/11/2017;7800000;agropecuaria
masculino;servicio;tienda;cabecera san cristobal;1;1.0;11/10/2016;5000000;agropecuaria
masculino;servicio;tienda;buenos aires;1;7.0;16/05/2018;6000000;agropecuaria
masculino;servicio;comidas rapidas;santo domingo savio;3;13.0;19/10/2017;3000000;agropecuaria
masculino;servicio;tienda;popular;1;10.0;27/09/2017;5000000;agropecuaria
masculino;servicio;comidas rapidas;cabecera san antonio;3;8.0;28/03/2017;3000000;agropecuaria
masculino;servicio;tienda;buenos aires;1;7.0;30/10/2018;6000000;agropecuaria
femenino;comercio;fabrica de calzado;granizal;3;6.0;14/07/2017;7370000;agropecuaria
masculino;servicio;comidas rapidas;santo domingo savio;3;13.0;8/08/2017;3000000;agropecuaria
femenino;industria;fabrica de helados;lopez de mesa;2;9.0;15/01/2018;7812000;agropecuaria
femenino;comercio;fabrica de calzado;granizal;3;6.0;14/07/2017;7370000;agropecuaria
femenino;comercio;restaurante;el salvador;3;2.0;21/09/2017;7377000;agropecuaria
masculino;servicio;comidas rapidas;santa cruz;1;13.0;8/11/2016;4000000;agropecuaria
masculino;servicio;variedades;enciso;1;1.0;15/11/2017;5000000;agropecuaria
masculino;servicio;tienda;belen;1;7.0;21/03/2017;6000000;agropecuaria
femenino;industria;cafe e internet;centro admtivo;2;6.0;1/12/2016;3500000;agropecuaria
masculino;servicio;fabrica de;robledo;1;4.0;6/06/2017;7800000;agropecuaria
femenino;industria;bares;cordoba;2;80.0;13/10/2016;6894000;agropecuaria
femenino;comercio;barberia;20 de julio;3;3.0;22/02/2019;7370000;agropecuaria
masculino;servicio;variedades;castilla;1;1.0;20/06/2018;5000000;agropecuaria
femenino;comercio;miscelanea;villatina;3;3.0;19/07/2018;7370000;agropecuaria
masculino;servicio;tienda;popular;1;10.0;27/09/2017;5000000;agropecuaria
masculino;comercio;almacen de ropa en;manrique oriental;3;5.0;3/04/2017;6890000;agropecuaria
masculino;servicio;variedades;cabecera san cristobal;1;1.0;18/07/2017;5000000;agropecuaria
femenino;industria;productos de belleza;la francia;2;16.0;15/02/2016;1500000;agropecuaria
masculino;servicio;fabrica de;manrique central no. 1;1;4.0;9/07/2018;7000000;agropecuaria
femenino;industria;variedades naturista;sucre;2;80.0;2/06/2016;19000000;agropecuaria
masculino;servicio;variedades;castilla;1;1.0;6/06/2018;5000000;agropecuaria
masculino;servicio;variedades;castilla;1;1.0;22/03/2017;5000000;agropecuaria
masculino;servicio;fabrica de;robledo;1;4.0;10/07/2018;7800000;agropecuaria
femenino;industria;publicidad y;blanquizal;2;9.0;19/04/2016;7812000;agropecuaria
masculino;comercio;peluqueria;la milagrosa;3;5.0;5/12/2017;7300000;agropecuaria
masculino;servicio;variedades;castilla;1;1.0;17/03/2017;5000000;agropecuaria
masculino;servicio;fabrica de;robledo;1;4.0;6/03/2018;7800000;agropecuaria
masculino;servicio;comidas rapidas;santo domingo savio;1;13.0;24/04/2017;4000000;agropecuaria
masculino;comercio;almacen de ropa en;manrique oriental;3;5.0;13/11/2018;6890000;agropecuaria
masculino;comercio;peluqueria;la milagrosa;3;5.0;1/11/2017;7300000;agropecuaria
masculino;servicio;fabrica de;manrique central no. 1;1;7.0;16/07/2018;7000000;agropecuaria
femenino;industria;ebanistaria;nuevos conquistadores;2;12.0;30/05/2019;73000000;agropecuaria
femenino;industria;fabrica de helados;lopez de mesa;2;9.0;28/03/2016;5500000;agropecuaria
masculino;servicio;tienda;san javier no.1;1;7.0;16/02/2018;7000000;agropecuaria
masculino;servicio;variedades;castilla;1;1.0;12/12/2017;5000000;agropecuaria
masculino;servicio;tienda;belen;1;7.0;21/03/2017;6000000;agropecuaria
masculino;servicio;variedades;castilla;1;1.0;20/06/2018;5000000;agropecuaria
masculino;comercio;peluqueria;moravia;3;2.0;27/07/2016;7300000;agropecuaria
femenino;industria;organización y;campo valdes no. 2;2;80.0;31/08/2016;8280000;agropecuaria
masculino;servicio;fabrica de;manrique central no. 1;1;4.0;4/05/2018;7000000;agropecuaria
masculino;servicio;comidas rapidas;cabecera san antonio;3;8.0;20/11/2018;3000000;agropecuaria
masculino;servicio;fabrica de;manrique central no. 1;1;4.0;27/06/2018;7000000;agropecuaria
femenino;comercio;distribuidora de;pedregal;3;3.0;8/11/2018;2000000;agropecuaria
masculino;servicio;fabrica de;manrique central no. 1;1;4.0;25/07/2018;7800000;agropecuaria
masculino;servicio;variedades;cabecera san cristobal;1;1.0;31/01/2018;5000000;agropecuaria
masculino;servicio;tienda;cabecera san cristobal;1;1.0;17/04/2018;5000000;agropecuaria
masculino;comercio;peluqueria;doce de octubre no.1;3;5.0;13/09/2016;7300000;agropecuaria
masculino;servicio;fabrica de;robledo;1;4.0;24/09/2018;7800000;agropecuaria
masculino;servicio;comidas rapidas;cabecera san antonio;3;8.0;3/08/2017;3000000;agropecuaria
femenino;industria;cerrajeria;la esperanza;2;80.0;5/02/2019;6900000;agropecuaria
femenino;comercio;barberia;20 de julio;3;3.0;4/04/2017;2000000;agropecuaria
femenino;comercio;mantenimiento en;guayabal;3;2.0;1/03/2017;7377000;agropecuaria
masculino;servicio;tienda;popular;1;10.0;25/01/2018;6000000;agropecuaria
femenino;comercio;mantenimiento en;guayabal;3;2.0;1/02/2017;7377000;agropecuaria
femenino;industria;cafeteria;llanaditas;2;16.0;6/05/2016;4500000;agropecuaria
femenino;comercio;restaurante;el salvador;3;2.0;4/12/2018;7377000;agropecuaria
femenino;agropecuaria;floristeria;la palma;2;90.0;2018/07/12;62000000;microempresarial
masculino;servicio;variedades;enciso;1;1.0;6/09/2017;5000000;agropecuaria
masculino;comercio;peluqueria;manrique oriental;3;5.0;15/05/2018;6890000;agropecuaria
femenino;comercio;fabrica de calzado;granizal;3;6.0;14/07/2017;7370000;agropecuaria
femenino;comercio;restaurante;el salvador;3;2.0;25/11/2016;7377000;agropecuaria
masculino;comercio;almacen de ropa en;manrique oriental;3;5.0;5/07/2017;6890000;agropecuaria
femenino;comercio;restaurante;villa hermosa;3;2.0;31/01/2017;7377000;agropecuaria
masculino;servicio;comidas rapidas;santo domingo savio;3;8.0;23/11/2017;3000000;agropecuaria
masculino;servicio;fabrica de;robledo;1;4.0;3/10/2018;7800000;agropecuaria
masculino;servicio;variedades;castilla;1;1.0;30/04/2018;5000000;agropecuaria
masculino;comercio;peluqueria;doce de octubre no.1;3;5.0;21/04/2017;7300000;agropecuaria
masculino;servicio;variedades;cabecera san cristobal;1;1.0;18/07/2017;5000000;agropecuaria
masculino;servicio;tienda;buenos aires;1;7.0;12/06/2017;6000000;agropecuaria
masculino;servicio;fabrica de;robledo;1;4.0;14/03/2018;7800000;agropecuaria
femenino;comercio;mantenimiento en;guayabal;3;2.0;9/10/2017;7377000;agropecuaria
femenino;industria;taller de mecanica;picachito;2;60.0;12/05/2016;8000000;agropecuaria
femenino;industria;gimnasio;el diamante;2;15.0;21/02/2019;783000;agropecuaria
masculino;servicio;comidas rapidas;santo domingo savio;1;13.0;24/04/2017;4000000;agropecuaria
masculino;servicio;almacen de ropa en;campo valdes no. 1;3;8.0;6/02/2017;3000000;agropecuaria
masculino;servicio;fabrica de;robledo;1;4.0;11/10/2018;7800000;agropecuaria
masculino;servicio;variedades;manrique central no. 2;1;13.0;17/08/2018;4000000;agropecuaria
masculino;servicio;variedades;enciso;1;1.0;8/03/2018;4000000;agropecuaria
masculino;servicio;comidas rapidas;santo domingo savio;3;13.0;27/07/2017;3000000;agropecuaria
femenino;comercio;distribuidora de;andalucia;3;3.0;12/09/2016;2000000;agropecuaria
femenino;comercio;restaurante;villa hermosa;3;2.0;31/01/2017;7377000;agropecuaria
femenino;industria;recreativo educativo;altavista;2;16.0;13/07/2016;4500000;agropecuaria
femenino;industria;fabrica de helados;blanquizal;2;9.0;23/11/2018;7812000;agropecuaria
masculino;servicio;variedades;castilla;1;1.0;4/08/2017;5000000;agropecuaria
masculino;comercio;almacen de ropa en;barrio caicedo;3;8.0;2/06/2017;6890000;agropecuaria
masculino;servicio;variedades;cabecera san cristobal;1;1.0;27/07/2018;5000000;agropecuaria
masculino;servicio;tienda;cabecera san cristobal;1;1.0;11/10/2016;5000000;agropecuaria
masculino;comercio;almacen de ropa en;barrio caicedo;3;8.0;9/11/2018;6890000;agropecuaria
femenino;industria;reciclaje;campo amor;2;15.0;24/01/2019;781000;agropecuaria
masculino;servicio;tienda;aranjuez;1;10.0;21/06/2018;6000000;agropecuaria
femenino;industria;charcuteria;loreto;2;60.0;24/05/2019;8200000;agropecuaria
femenino;industria;legumbreria;trinidad;2;16.0;7/03/2019;2500000;agropecuaria
masculino;servicio;tienda;buenos aires;1;7.0;13/12/2016;6000000;agropecuaria
femenino;industria;criadero de animales;villa niza;2;60.0;28/09/2016;8000000;agropecuaria
masculino;servicio;fabrica de;manrique central no. 1;1;4.0;7/12/2016;7800000;agropecuaria
masculino;servicio;tienda;popular;1;10.0;20/04/2018;6000000;agropecuaria
masculino;servicio;tienda;cabecera san cristobal;1;1.0;31/05/2017;5000000;agropecuaria
femenino;industria;recreativo educativo;alfonso lopez;2;16.0;4/02/2019;4500000;agropecuaria
masculino;servicio;variedades;enciso;1;1.0;24/04/2018;5000000;agropecuaria
femenino;comercio;barberia;la floresta;3;3.0;8/02/2017;2000000;agropecuaria
masculino;comercio;peluqueria;la milagrosa;3;5.0;26/09/2016;7300000;agropecuaria
femenino;industria;productos de belleza;la francia;2;16.0;22/11/2017;1500000;agropecuaria
masculino;servicio;comidas rapidas;cabecera san antonio;3;8.0;16/11/2016;3000000;agropecuaria
masculino;servicio;fabrica de;manrique central no. 1;1;4.0;27/06/2018;7800000;agropecuaria
masculino;servicio;almacen de ropa en;campo valdes no. 1;3;8.0;21/04/2016;6890000;agropecuaria
masculino;servicio;fabrica de;robledo;1;4.0;3/10/2018;7800000;agropecuaria
masculino;servicio;tienda;buenos aires;1;10.0;1/06/2018;6000000;agropecuaria
masculino;servicio;fabrica de;robledo;1;4.0;3/10/2018;7800000;agropecuaria
femenino;industria;legumbreria;las palmas;2;16.0;10/08/2017;2500000;agropecuaria
masculino;servicio;almacen de ropa en;campo valdes no. 1;3;8.0;17/08/2017;3000000;agropecuaria
masculino;servicio;tienda;popular;1;10.0;11/10/2017;6000000;agropecuaria
femenino;industria;fabrica de calzado;florencia;3;6.0;20/09/2016;6800000;agropecuaria
femenino;comercio;fabrica de calzado;granizal;3;6.0;22/01/2018;7370000;agropecuaria
femenino;comercio;miscelanea;playon de los;3;3.0;16/11/2018;7370000;agropecuaria
femenino;comercio;distribuidora de;pedregal;3;3.0;25/01/2017;2000000;agropecuaria
masculino;servicio;almacen de ropa en;campo valdes no. 1;3;8.0;18/04/2018;6890000;agropecuaria
masculino;servicio;fabrica de;san javier no.1;1;7.0;29/10/2018;7000000;agropecuaria
femenino;comercio;barberia;la floresta;3;3.0;13/12/2018;2000000;agropecuaria
masculino;comercio;almacen de ropa en;manrique oriental;3;5.0;9/02/2017;6890000;agropecuaria
femenino;industria;fabrica de helados;lopez de mesa;2;9.0;11/05/2016;5500000;agropecuaria
masculino;comercio;almacen de ropa en;barrio caicedo;3;8.0;2/06/2017;6890000;agropecuaria
femenino;agropecuaria;alquiler de peliculas;oriente;2;14.0;2018/04/27;7377710;credioportuno
femenino;comercio;miscelanea;villatina;3;3.0;4/08/2016;7370000;agropecuaria
masculino;servicio;tienda;popular;1;10.0;11/08/2017;5000000;agropecuaria
masculino;servicio;tienda;popular;1;10.0;11/08/2017;5000000;agropecuaria
masculino;servicio;almacen de ropa en;campo valdes no. 1;3;8.0;7/02/2017;6890000;agropecuaria
masculino;servicio;fabrica de;robledo;1;4.0;23/05/2018;7800000;agropecuaria
masculino;servicio;comidas rapidas;santa cruz;1;13.0;8/11/2016;4000000;agropecuaria
masculino;servicio;variedades;castilla;1;1.0;2/10/2017;5000000;agropecuaria
masculino;servicio;comidas rapidas;santo domingo savio;1;13.0;24/04/2017;4000000;agropecuaria
masculino;comercio;almacen de ropa en;manrique oriental;3;5.0;5/06/2017;6890000;agropecuaria
masculino;servicio;tienda;san javier no.1;1;7.0;20/06/2017;7000000;agropecuaria
masculino;servicio;variedades;enciso;1;13.0;28/11/2018;4000000;agropecuaria
masculino;servicio;variedades;enciso;1;1.0;26/01/2018;5000000;agropecuaria
masculino;comercio;almacen de ropa en;manrique oriental;3;5.0;16/05/2017;6890000;agropecuaria
masculino;servicio;tienda;aranjuez;1;10.0;18/01/2019;6000000;agropecuaria
femenino;industria;panaderia;santa elena central;3;6.0;24/11/2016;1000000;agropecuaria
masculino;servicio;comidas rapidas;santa cruz;1;13.0;15/06/2018;4000000;agropecuaria
masculino;servicio;fabrica de;robledo;1;4.0;6/02/2018;7800000;agropecuaria
masculino;servicio;comidas rapidas;santa cruz;1;13.0;23/10/2017;4000000;agropecuaria
masculino;servicio;comidas rapidas;cabecera san antonio;3;8.0;29/09/2017;3000000;agropecuaria
femenino;industria;criadero de animales;villa del socorro;2;16.0;8/03/2016;8000000;agropecuaria
femenino;industria;cafeteria;juan xxiii la quiebra;2;16.0;30/11/2017;4500000;agropecuaria
masculino;servicio;variedades;cabecera san cristobal;1;1.0;30/06/2017;5000000;agropecuaria
masculino;servicio;fabrica de;robledo;1;4.0;1/08/2018;7800000;agropecuaria
femenino;comercio;restaurante;villa hermosa;3;2.0;22/08/2018;7377000;agropecuaria
femenino;agropecuaria;viveros;fuente clara;2;90.0;28/07/2016;4900000;empresarial ed.
masculino;servicio;fabrica de;robledo;1;4.0;24/10/2017;7800000;agropecuaria
masculino;servicio;variedades;enciso;1;13.0;27/02/2018;4000000;agropecuaria
femenino;comercio;papeleria;la floresta;3;3.0;8/04/2019;2000000;agropecuaria
masculino;servicio;comidas rapidas;campo valdes no. 1;3;8.0;28/10/2016;3000000;agropecuaria
masculino;servicio;tienda;aranjuez;1;10.0;2/08/2018;6000000;agropecuaria
femenino;comercio;barberia;la floresta;3;3.0;8/02/2017;2000000;agropecuaria
masculino;servicio;variedades;manrique central no. 2;1;13.0;22/11/2016;4000000;agropecuaria
femenino;agropecuaria;marqueteria;metropolitano;2;90.0;2016/09/26;1400000;empresarial ed.
masculino;servicio;tienda;popular;1;10.0;8/05/2017;6000000;agropecuaria
femenino;comercio;mantenimiento en;guayabal;3;2.0;13/04/2018;7377000;agropecuaria
masculino;servicio;fabrica de;manrique central no. 1;1;4.0;29/08/2018;7800000;agropecuaria
masculino;servicio;almacen de ropa en;campo valdes no. 1;3;8.0;6/02/2017;3000000;agropecuaria
femenino;comercio;miscelanea;playon de los;3;3.0;28/04/2017;7370000;agropecuaria
femenino;industria;deposito de;santa monica;2;15.0;29/12/2016;5700000;agropecuaria
femenino;comercio;distribuidora de;pedregal;3;3.0;23/08/2016;2000000;agropecuaria
masculino;servicio;fabrica de;san javier no.1;1;7.0;26/07/2017;7000000;agropecuaria
masculino;servicio;fabrica de;manrique central no. 1;1;4.0;15/02/2018;7000000;agropecuaria
femenino;industria;panaderia;santa elena central;3;6.0;30/11/2016;1000000;agropecuaria
femenino;industria;cafeteria;llanaditas;2;16.0;6/05/2016;4500000;agropecuaria
femenino;industria;fabrica de repuestos;el vergel;2;15.0;17/09/2018;13000000;agropecuaria
masculino;comercio;peluqueria;moravia;3;2.0;29/05/2019;7300000;agropecuaria
femenino;comercio;miscelanea;playon de los;3;3.0;19/11/2018;7370000;agropecuaria
femenino;industria;charcuteria;loreto;2;60.0;18/10/2016;8200000;agropecuaria
masculino;servicio;tienda;san javier no.1;1;7.0;16/02/2018;7000000;agropecuaria
masculino;servicio;comidas rapidas;cabecera san antonio;3;8.0;27/11/2017;3000000;agropecuaria
masculino;servicio;tienda;belen;1;7.0;8/06/2018;7000000;agropecuaria
masculino;servicio;fabrica de;san javier no.1;1;7.0;9/04/2018;7000000;agropecuaria
femenino;comercio;distribuidora de;pedregal;3;3.0;29/09/2016;2000000;agropecuaria
femenino;industria;sembrados;prado;2;9.0;20/12/2018;8281000;agropecuaria
masculino;servicio;tienda;popular;1;10.0;31/10/2017;6000000;agropecuaria
femenino;comercio;miscelanea;playon de los;3;6.0;31/05/2016;7370000;agropecuaria
masculino;servicio;fabrica de;san javier no.1;1;7.0;17/05/2018;7000000;agropecuaria
masculino;servicio;comidas rapidas;santa cruz;1;13.0;23/07/2018;4000000;agropecuaria
femenino;industria;recreativo educativo;altavista;2;16.0;10/10/2016;4500000;agropecuaria
femenino;comercio;barberia;villatina;3;3.0;14/12/2017;7370000;agropecuaria
masculino;servicio;tienda;cabecera san cristobal;1;10.0;31/05/2017;5000000;agropecuaria
masculino;servicio;fabrica de;robledo;1;4.0;24/10/2018;7800000;agropecuaria
femenino;industria;carpinteria;san diego;2;9.0;30/01/2019;5500000;agropecuaria
masculino;servicio;tienda;belen;1;7.0;31/10/2018;7000000;agropecuaria
masculino;comercio;peluqueria;moravia;3;5.0;27/07/2016;7300000;agropecuaria
masculino;servicio;comidas rapidas;santo domingo savio;3;13.0;19/10/2017;3000000;agropecuaria
masculino;servicio;fabrica de;robledo;1;4.0;13/02/2018;7800000;agropecuaria
masculino;servicio;fabrica de;manrique central no. 1;1;4.0;13/07/2017;7800000;agropecuaria
masculino;servicio;variedades;castilla;1;1.0;24/08/2017;5000000;agropecuaria
masculino;servicio;variedades;enciso;1;1.0;4/07/2017;5000000;agropecuaria
masculino;servicio;variedades;cabecera san cristobal;1;1.0;20/02/2018;5000000;agropecuaria
femenino;industria;bares;tricentenario;2;80.0;4/04/2016;30000000;agropecuaria
masculino;servicio;variedades;enciso;1;1.0;18/05/2018;5000000;agropecuaria
femenino;industria;cafe e internet;centro admtivo;2;6.0;23/06/2017;3500000;agropecuaria
masculino;servicio;tienda;popular;1;10.0;3/02/2017;6000000;agropecuaria
masculino;servicio;variedades;enciso;1;1.0;17/11/2017;5000000;agropecuaria
masculino;servicio;fabrica de;san javier no.1;1;7.0;27/04/2018;7000000;agropecuaria
masculino;servicio;tienda;buenos aires;1;10.0;9/02/2018;6000000;agropecuaria
femenino;industria;sembrados;la pradera;2;9.0;20/12/2018;7500000;agropecuaria
masculino;servicio;fabrica de;robledo;1;4.0;24/10/2018;7800000;agropecuaria
femenino;comercio;papeleria;aranjuezcito;3;3.0;24/02/2016;2000000;agropecuaria
masculino;comercio;peluqueria;doce de octubre no.1;3;5.0;31/07/2017;6890000;agropecuaria
masculino;servicio;variedades;enciso;1;1.0;18/05/2018;5000000;agropecuaria
masculino;servicio;comidas rapidas;cabecera san antonio;3;8.0;16/11/2016;3000000;agropecuaria
masculino;comercio;peluqueria;doce de octubre no.1;3;5.0;29/08/2017;7300000;agropecuaria
masculino;servicio;fabrica de;san javier no.1;1;7.0;12/04/2018;7000000;agropecuaria
masculino;servicio;tienda;aranjuez;1;10.0;20/09/2018;6000000;agropecuaria
masculino;servicio;fabrica de;robledo;1;4.0;6/03/2018;7800000;agropecuaria
femenino;comercio;papeleria;aranjuezcito;3;3.0;4/10/2016;2000000;agropecuaria
femenino;industria;taller de mecanica;boyaca;2;60.0;27/02/2019;8000000;agropecuaria
femenino;industria;charcuteria;loreto;2;60.0;30/11/2018;8200000;agropecuaria
femenino;industria;taller de mecanica;boyaca;2;60.0;19/06/2019;8000000;agropecuaria
femenino;industria;criadero de animales;villa niza;2;60.0;11/12/2017;8000000;agropecuaria
masculino;servicio;fabrica de;san javier no.1;1;7.0;12/04/2018;7000000;agropecuaria
masculino;servicio;fabrica de;manrique central no. 1;1;4.0;16/04/2018;7800000;agropecuaria
femenino;industria;taller de mecanica;boyaca;2;60.0;19/06/2019;8000000;agropecuaria
masculino;servicio;variedades;castilla;1;1.0;2/10/2017;5000000;agropecuaria
masculino;comercio;peluqueria;la milagrosa;3;5.0;12/04/2016;7300000;agropecuaria
femenino;industria;ferreteria;kennedy;2;60.0;22/08/2017;7500000;agropecuaria
masculino;servicio;fabrica de;robledo;1;4.0;24/09/2018;7800000;agropecuaria
masculino;servicio;fabrica de;san javier no.1;1;7.0;29/05/2018;7000000;agropecuaria
masculino;servicio;comidas rapidas;campo valdes no. 1;3;8.0;14/02/2017;3000000;agropecuaria
masculino;servicio;tienda;popular;1;10.0;26/09/2017;5000000;agropecuaria
femenino;comercio;miscelanea;playon de los;3;6.0;31/05/2016;7370000;agropecuaria
masculino;servicio;tienda;belen;1;7.0;26/04/2018;7000000;agropecuaria
masculino;servicio;comidas rapidas;santa cruz;1;13.0;28/11/2017;4000000;agropecuaria
femenino;industria;variedades naturista;la avanzada;2;80.0;4/02/2016;1300000;agropecuaria
femenino;comercio;barberia;20 de julio;3;3.0;11/02/2019;2000000;agropecuaria
masculino;servicio;fabrica de;robledo;1;4.0;4/04/2018;7800000;agropecuaria
masculino;servicio;variedades;castilla;1;1.0;8/11/2017;5000000;agropecuaria
femenino;industria;granero;palmitas;2;80.0;16/06/2016;1200000;agropecuaria
masculino;servicio;tienda;san javier no.1;1;7.0;20/06/2017;7000000;agropecuaria
masculino;servicio;tienda;aranjuez;1;10.0;9/03/2018;6000000;agropecuaria
femenino;comercio;restaurante;villa hermosa;3;2.0;14/11/2017;7377000;agropecuaria
masculino;servicio;tienda;cabecera san cristobal;1;1.0;11/10/2016;5000000;agropecuaria
masculino;servicio;tienda;aranjuez;1;10.0;28/02/2018;6000000;agropecuaria
femenino;industria;fabrica de alimentos;picacho;3;6.0;14/12/2016;6800000;agropecuaria
femenino;industria;publicidad y;el socorro;2;9.0;7/12/2018;7812000;agropecuaria
femenino;industria;fabrica de productos;la sierra;2;80.0;11/01/2017;1800000;agropecuaria
femenino;industria;ferreteria;kennedy;2;60.0;10/06/2016;7500000;agropecuaria
masculino;servicio;tienda;belen;1;7.0;19/04/2018;7000000;agropecuaria
femenino;industria;gimnasio;el diamante;2;15.0;21/02/2019;783000;agropecuaria
masculino;servicio;fabrica de;san javier no.1;1;7.0;29/05/2018;7000000;agropecuaria
masculino;comercio;almacen de ropa en;manrique oriental;3;5.0;1/11/2016;6890000;agropecuaria
masculino;servicio;almacen de ropa en;campo valdes no. 1;3;8.0;29/01/2018;3000000;agropecuaria
femenino;industria;fabrica de calzado;florencia;3;6.0;20/09/2016;6800000;agropecuaria
femenino;industria;cafe e internet;centro admtivo;2;6.0;26/01/2017;3500000;agropecuaria
masculino;servicio;tienda;aranjuez;1;10.0;18/01/2019;6000000;agropecuaria
masculino;servicio;comidas rapidas;cabecera san antonio;3;8.0;3/03/2017;3000000;agropecuaria
masculino;servicio;variedades;enciso;1;1.0;15/11/2017;5000000;agropecuaria
femenino;industria;montallantas;las brisas;2;12.0;21/03/2019;18000000;agropecuaria
masculino;servicio;tienda;popular;1;10.0;19/09/2017;5000000;agropecuaria
masculino;servicio;comidas rapidas;cabecera san antonio;3;8.0;3/03/2017;3000000;agropecuaria
femenino;industria;criadero de animales;villa niza;2;60.0;27/08/2018;8000000;agropecuaria
femenino;industria;fabrica de muebles;versalles no. 1;2;12.0;23/05/2019;68900000;agropecuaria
masculino;servicio;fabrica de;san javier no.1;1;7.0;7/05/2018;7000000;agropecuaria
masculino;servicio;fabrica de;robledo;1;4.0;18/10/2018;7800000;agropecuaria
femenino;comercio;distribuidora de;andalucia;3;2.0;2/03/2017;7377000;agropecuaria
masculino;servicio;variedades;enciso;1;13.0;1/06/2017;4000000;agropecuaria
masculino;servicio;fabrica de;robledo;1;4.0;11/10/2018;7800000;agropecuaria
femenino;industria;servicios;ocho de marzo;2;15.0;2018/10/24;19530000;empresarial ed.
femenino;industria;carpinteria;toscana;2;9.0;15/04/2016;8281000;agropecuaria
masculino;servicio;tienda;popular;1;10.0;11/08/2017;5000000;agropecuaria
masculino;servicio;almacen de ropa en;campo valdes no. 1;3;8.0;21/04/2016;6890000;agropecuaria
masculino;servicio;variedades;enciso;1;13.0;26/04/2017;4000000;agropecuaria
masculino;servicio;variedades;enciso;1;1.0;6/09/2017;5000000;agropecuaria
femenino;industria;venta de calzado;san jose de la cima no.;2;80.0;25/04/2016;7200000;agropecuaria
femenino;industria;criadero de animales;boyaca;2;60.0;24/03/2017;8000000;agropecuaria
femenino;comercio;barberia;la floresta;3;3.0;8/02/2017;2000000;agropecuaria
masculino;servicio;fabrica de;manrique central no. 1;1;4.0;27/06/2018;7800000;agropecuaria
femenino;comercio;papeleria;la floresta;3;3.0;8/04/2019;2000000;agropecuaria
femenino;industria;reciclaje;zona expansion san;2;15.0;24/01/2019;1100000;agropecuaria
femenino;industria;publicidad y;la america;2;9.0;7/05/2019;4400000;agropecuaria
masculino;servicio;fabrica de;robledo;1;4.0;11/10/2018;7800000;agropecuaria
masculino;comercio;peluqueria;la milagrosa;3;5.0;28/11/2016;7300000;agropecuaria
masculino;servicio;variedades;cabecera san cristobal;1;1.0;18/07/2017;5000000;agropecuaria
femenino;comercio;barberia;20 de julio;3;3.0;5/12/2018;2000000;agropecuaria
masculino;servicio;tienda;popular;1;10.0;13/07/2018;6000000;agropecuaria
femenino;industria;taller de mecanica;picachito;2;60.0;27/10/2016;6500000;agropecuaria
masculino;servicio;comidas rapidas;santa cruz;1;13.0;19/01/2018;4000000;agropecuaria
masculino;servicio;fabrica de;san javier no.1;1;7.0;17/05/2018;7000000;agropecuaria
femenino;industria;cafeteria;juan xxiii la quiebra;2;16.0;20/03/2019;1500000;agropecuaria
masculino;servicio;tienda;buenos aires;1;10.0;9/02/2018;6000000;agropecuaria
masculino;servicio;fabrica de;san javier no.1;1;7.0;9/04/2018;7000000;agropecuaria
femenino;industria;montallantas;las brisas;2;15.0;21/03/2019;18000000;agropecuaria
masculino;servicio;variedades;enciso;1;13.0;26/04/2017;4000000;agropecuaria
femenino;comercio;barberia;20 de julio;3;3.0;18/03/2019;7370000;agropecuaria
masculino;servicio;tienda;buenos aires;1;10.0;1/06/2018;6000000;agropecuaria
masculino;servicio;fabrica de;robledo;1;4.0;10/07/2018;7800000;agropecuaria
masculino;servicio;fabrica de;robledo;1;4.0;11/10/2018;7800000;agropecuaria
masculino;servicio;fabrica de;robledo;1;4.0;11/10/2018;7800000;agropecuaria
masculino;servicio;tienda;popular;1;10.0;31/10/2017;6000000;agropecuaria
femenino;comercio;mantenimiento en;andalucia;3;2.0;3/10/2017;7377000;agropecuaria
masculino;comercio;almacen de ropa en;barrio caicedo;3;8.0;19/01/2017;6890000;agropecuaria
masculino;servicio;tienda;popular;1;10.0;25/01/2018;6000000;agropecuaria
masculino;servicio;tienda;cabecera san cristobal;1;1.0;17/04/2018;5000000;agropecuaria
masculino;servicio;fabrica de;manrique central no. 1;1;4.0;15/02/2018;7000000;agropecuaria
masculino;servicio;variedades;enciso;1;1.0;18/05/2018;5000000;agropecuaria
masculino;servicio;tienda;san javier no.1;1;7.0;16/02/2018;7000000;agropecuaria
masculino;servicio;variedades;manrique central no. 2;1;13.0;22/11/2016;4000000;agropecuaria
femenino;comercio;restaurante;villa hermosa;3;2.0;7/10/2016;7377000;agropecuaria
masculino;servicio;comidas rapidas;cabecera san antonio;3;8.0;3/08/2017;3000000;agropecuaria
masculino;servicio;tienda;buenos aires;1;10.0;28/05/2018;6000000;agropecuaria
masculino;servicio;almacen de ropa en;campo valdes no. 1;3;8.0;7/02/2017;6890000;agropecuaria
masculino;servicio;fabrica de;robledo;1;4.0;13/02/2018;7800000;agropecuaria
masculino;servicio;fabrica de;robledo;1;4.0;21/02/2018;7800000;agropecuaria
femenino;industria;criadero de animales;boyaca;2;60.0;10/03/2017;8000000;agropecuaria
masculino;servicio;tienda;buenos aires;1;7.0;16/05/2018;6000000;agropecuaria
masculino;comercio;almacen de ropa en;barrio caicedo;3;8.0;6/03/2017;6890000;agropecuaria
femenino;industria;cerrajeria;san javier no.2;2;80.0;21/12/2018;5200000;agropecuaria
masculino;servicio;comidas rapidas;santa cruz;1;13.0;23/10/2017;4000000;agropecuaria
femenino;industria;ferreteria;kennedy;2;60.0;19/07/2016;7500000;agropecuaria
masculino;servicio;tienda;belen;1;7.0;26/04/2018;7000000;agropecuaria
masculino;servicio;variedades;cabecera san cristobal;1;1.0;7/04/2017;5000000;agropecuaria
femenino;industria;ferreteria;santa lucia;2;60.0;2/05/2019;7500000;agropecuaria
femenino;comercio;fabrica de calzado;granizal;3;6.0;21/07/2017;7370000;agropecuaria
masculino;servicio;comidas rapidas;manrique central no. 2;1;13.0;3/11/2016;4000000;agropecuaria
femenino;industria;cafe e internet;centro admtivo;2;6.0;23/06/2017;3500000;agropecuaria
femenino;agropecuaria;hoteles moteles;sin barrio;2;50.0;2018/07/25;730000;juridica y cap.semilla
masculino;servicio;comidas rapidas;cabecera san antonio;3;8.0;3/03/2017;3000000;agropecuaria
masculino;servicio;tienda;popular;1;10.0;11/08/2017;5000000;agropecuaria
femenino;agropecuaria;lavadero de;la isla;2;15.0;22/07/2016;28200000;empresarial ed.
femenino;comercio;mantenimiento en;guayabal;3;2.0;13/04/2018;7377000;agropecuaria
femenino;comercio;distribuidora de;pedregal;3;3.0;8/11/2018;2000000;agropecuaria
masculino;comercio;almacen de ropa en;barrio caicedo;3;8.0;23/03/2017;6890000;agropecuaria
masculino;servicio;fabrica de;manrique central no. 1;1;4.0;13/07/2017;7800000;agropecuaria
masculino;servicio;tienda;belen;1;7.0;31/10/2018;7000000;agropecuaria
masculino;servicio;tienda;popular;1;10.0;19/09/2017;5000000;agropecuaria
masculino;servicio;fabrica de;robledo;1;4.0;3/10/2018;7800000;agropecuaria
masculino;servicio;tienda;belen;1;7.0;23/05/2017;6000000;agropecuaria
femenino;comercio;barberia;la floresta;3;3.0;13/12/2018;2000000;agropecuaria
masculino;servicio;tienda;cabecera san cristobal;1;1.0;22/02/2017;5000000;agropecuaria
masculino;servicio;fabrica de;robledo;1;4.0;25/04/2018;7800000;agropecuaria
femenino;comercio;miscelanea;playon de los;3;3.0;19/11/2018;7370000;agropecuaria
masculino;comercio;peluqueria;doce de octubre no.1;3;5.0;29/08/2017;7300000;agropecuaria
femenino;industria;variedades de helados;girardot;2;60.0;24/02/2017;8200000;agropecuaria
femenino;comercio;distribuidora de;pedregal;3;3.0;13/03/2017;2000000;agropecuaria
femenino;industria;licorera;vrda. san cristobal;2;15.0;10/02/2016;300000;agropecuaria
masculino;comercio;almacen de ropa en;manrique oriental;3;5.0;16/05/2017;6890000;agropecuaria
femenino;industria;granero;palmitas;2;80.0;29/01/2019;7200000;agropecuaria
femenino;industria;cafeteria;juan xxiii la quiebra;2;16.0;27/01/2017;1500000;agropecuaria
masculino;servicio;fabrica de;robledo;1;4.0;10/07/2018;7800000;agropecuaria
masculino;servicio;tienda;popular;1;10.0;25/01/2018;6000000;agropecuaria
masculino;servicio;comidas rapidas;santo domingo savio;3;8.0;10/11/2016;3000000;agropecuaria
masculino;servicio;variedades;cabecera san cristobal;1;1.0;22/02/2018;5000000;agropecuaria
femenino;industria;organización y;campo valdes no. 2;2;80.0;10/03/2016;14000000;agropecuaria
femenino;industria;fabrica de productos;miranda;2;80.0;1/08/2016;4300000;agropecuaria
masculino;servicio;variedades;cabecera san cristobal;1;1.0;20/02/2018;5000000;agropecuaria
femenino;industria;carpinteria;13 de noviembre;2;9.0;29/08/2016;8281000;agropecuaria
femenino;comercio;mantenimiento en;guayabal;3;2.0;26/04/2016;7377000;agropecuaria
femenino;industria;cafeteria;llanaditas;2;16.0;6/05/2016;4500000;agropecuaria
masculino;servicio;variedades;enciso;1;1.0;24/04/2018;5000000;agropecuaria
masculino;comercio;peluqueria;la milagrosa;3;5.0;28/11/2016;7300000;agropecuaria
femenino;comercio;fabrica de calzado;granizal;3;6.0;3/09/2018;7370000;agropecuaria
masculino;servicio;comidas rapidas;santa cruz;1;13.0;28/11/2017;4000000;agropecuaria
femenino;industria;legumbreria;villa del socorro;2;16.0;9/09/2016;2500000;agropecuaria
masculino;servicio;tienda;buenos aires;1;7.0;3/07/2018;6000000;agropecuaria
masculino;servicio;comidas rapidas;cabecera san antonio;3;8.0;10/11/2017;3000000;agropecuaria
masculino;servicio;tienda;popular;1;10.0;19/09/2017;5000000;agropecuaria
masculino;servicio;comidas rapidas;santo domingo savio;3;8.0;21/03/2018;3000000;agropecuaria
masculino;servicio;tienda;aranjuez;1;10.0;20/03/2018;6000000;agropecuaria
femenino;comercio;miscelanea;playon de los;3;6.0;31/05/2016;7370000;agropecuaria
masculino;comercio;peluqueria;doce de octubre no.1;3;5.0;5/08/2016;6890000;agropecuaria
femenino;industria;ferreteria;santa lucia;2;60.0;2/05/2019;7500000;agropecuaria
masculino;servicio;comidas rapidas;santo domingo savio;3;13.0;19/10/2017;3000000;agropecuaria
masculino;comercio;almacen de ropa en;manrique oriental;3;5.0;21/02/2017;6890000;agropecuaria
femenino;comercio;barberia;20 de julio;3;3.0;5/12/2018;2000000;agropecuaria
femenino;industria;panaderia;boston;3;6.0;3/06/2016;3500000;agropecuaria
femenino;industria;cafe e internet;boston;2;6.0;21/01/2019;3500000;agropecuaria
femenino;industria;variedades de helados;pablo vi;2;60.0;15/02/2019;6500000;agropecuaria
masculino;comercio;almacen de ropa en;barrio caicedo;3;8.0;29/11/2016;6890000;agropecuaria
masculino;servicio;tienda;aranjuez;1;10.0;2/08/2018;6000000;agropecuaria
femenino;industria;marroquineria;el pesebre;2;15.0;17/05/2019;2250000;agropecuaria
masculino;servicio;almacen de ropa en;campo valdes no. 1;3;8.0;4/09/2017;3000000;agropecuaria
femenino;comercio;restaurante;el salvador;3;2.0;9/06/2017;7377000;agropecuaria
masculino;servicio;comidas rapidas;cabecera san antonio;3;8.0;3/08/2017;3000000;agropecuaria
femenino;industria;productos de belleza;san pablo;2;16.0;8/05/2019;1500000;agropecuaria
masculino;servicio;fabrica de;robledo;1;4.0;6/06/2017;7800000;agropecuaria
masculino;servicio;fabrica de;robledo;1;4.0;10/07/2018;7800000;agropecuaria
masculino;servicio;comidas rapidas;santo domingo savio;1;13.0;14/08/2018;4000000;agropecuaria
masculino;servicio;comidas rapidas;santo domingo savio;3;8.0;10/11/2016;3000000;agropecuaria
masculino;servicio;tienda;popular;1;10.0;11/10/2017;6000000;agropecuaria
masculino;servicio;fabrica de;manrique central no. 1;1;4.0;7/12/2016;7800000;agropecuaria
femenino;industria;criadero de animales;villa niza;2;60.0;19/09/2016;8000000;agropecuaria
masculino;servicio;tienda;aranjuez;1;10.0;2/11/2017;6000000;agropecuaria
masculino;servicio;comidas rapidas;santo domingo savio;1;13.0;24/05/2018;3000000;agropecuaria
femenino;comercio;mantenimiento en;guayabal;3;2.0;22/12/2016;7377000;agropecuaria
masculino;servicio;comidas rapidas;santo domingo savio;1;13.0;12/07/2016;3000000;agropecuaria
masculino;servicio;tienda;belen;1;7.0;22/03/2018;7000000;agropecuaria
femenino;comercio;fabrica de calzado;florencia;3;6.0;1/04/2019;6800000;agropecuaria
femenino;comercio;restaurante;moravia;3;2.0;24/05/2017;7300000;agropecuaria
femenino;agropecuaria;mensajeria;barrio cristobal;2;90.0;11/03/2016;50000000;microempresarial
masculino;servicio;fabrica de;manrique central no. 1;1;4.0;7/12/2016;7800000;agropecuaria
femenino;industria;fabrica de muebles;versalles no. 1;2;12.0;28/04/2016;7377170;agropecuaria
masculino;servicio;variedades;enciso;1;13.0;6/10/2017;4000000;agropecuaria
masculino;servicio;variedades;enciso;1;1.0;20/09/2017;5000000;agropecuaria
masculino;servicio;fabrica de;robledo;1;4.0;25/04/2018;7800000;agropecuaria
masculino;servicio;almacen de ropa en;campo valdes no. 1;3;8.0;18/04/2018;6890000;agropecuaria
masculino;servicio;fabrica de;manrique central no. 1;1;4.0;29/08/2018;7800000;agropecuaria
masculino;servicio;fabrica de;robledo;1;4.0;11/05/2018;7800000;agropecuaria
masculino;servicio;fabrica de;manrique central no. 1;1;4.0;16/04/2018;7800000;agropecuaria
masculino;servicio;tienda;popular;1;10.0;11/08/2017;5000000;agropecuaria
femenino;industria;productos de belleza;la francia;2;16.0;25/07/2016;1500000;agropecuaria
femenino;comercio;miscelanea;playon de los;3;3.0;10/04/2019;7370000;agropecuaria
masculino;servicio;variedades;enciso;1;1.0;4/07/2017;5000000;agropecuaria
masculino;servicio;fabrica de;robledo;1;4.0;18/10/2018;7800000;agropecuaria
masculino;servicio;tienda;popular;1;10.0;15/03/2018;6000000;agropecuaria
femenino;industria;cafe e internet;carpinelo;2;16.0;7/06/2016;3500000;agropecuaria
femenino;comercio;papeleria;aranjuezcito;3;3.0;15/06/2016;2000000;agropecuaria
femenino;comercio;papeleria;la floresta;3;3.0;8/04/2019;2000000;agropecuaria
masculino;servicio;tienda;buenos aires;1;10.0;12/07/2018;6000000;agropecuaria
masculino;servicio;variedades;enciso;1;13.0;6/10/2017;4000000;agropecuaria
masculino;servicio;tienda;san javier no.1;1;7.0;5/09/2018;7000000;agropecuaria
masculino;servicio;comidas rapidas;cabecera san antonio;3;8.0;27/06/2017;3000000;agropecuaria
femenino;industria;lavanderia;santa rosa de lima;2;12.0;19/12/2017;780000;agropecuaria
masculino;servicio;comidas rapidas;cabecera san antonio;3;8.0;16/01/2018;3000000;agropecuaria
masculino;servicio;tienda;popular;1;10.0;26/09/2017;5000000;agropecuaria
masculino;comercio;almacen de ropa en;barrio caicedo;3;5.0;26/11/2018;6890000;agropecuaria
masculino;servicio;almacen de ropa en;campo valdes no. 1;3;8.0;25/07/2017;6890000;agropecuaria
masculino;servicio;tienda;belen;1;7.0;13/09/2017;7000000;agropecuaria
masculino;servicio;variedades;manrique central no. 2;1;13.0;16/11/2017;4000000;agropecuaria
masculino;servicio;comidas rapidas;santo domingo savio;3;13.0;19/10/2017;3000000;agropecuaria
femenino;industria;cafeteria;juan xxiii la quiebra;2;16.0;27/01/2017;1500000;agropecuaria
masculino;servicio;comidas rapidas;manrique central no. 2;1;13.0;6/11/2018;4000000;agropecuaria
masculino;comercio;peluqueria;la milagrosa;3;5.0;26/09/2016;7300000;agropecuaria
masculino;comercio;almacen de ropa en;barrio caicedo;3;8.0;23/03/2017;6890000;agropecuaria
masculino;servicio;tienda;cabecera san cristobal;1;10.0;7/03/2018;5000000;agropecuaria
femenino;industria;granero;belalcazar;2;9.0;15/08/2018;1200000;agropecuaria
masculino;servicio;variedades;castilla;1;1.0;11/04/2018;5000000;agropecuaria
femenino;comercio;restaurante;villa hermosa;3;2.0;4/10/2017;7377000;agropecuaria
femenino;comercio;barberia;20 de julio;3;3.0;8/09/2017;2000000;agropecuaria
masculino;comercio;almacen de ropa en;manrique oriental;3;5.0;24/10/2016;6890000;agropecuaria
masculino;servicio;variedades;castilla;1;1.0;6/12/2018;5000000;agropecuaria
femenino;agropecuaria;billares;san josé de la montaña;2;50.0;2018/03/6;238298;juridica y cap.semilla
femenino;industria;marroquineria;bello horizonte;2;15.0;2017/02/23;6443500;agropecuaria
masculino;servicio;tienda;aranjuez;1;10.0;15/03/2018;6000000;agropecuaria
masculino;servicio;fabrica de;san javier no.1;1;7.0;9/04/2018;7000000;agropecuaria
masculino;servicio;variedades;manrique central no. 2;1;13.0;3/05/2018;4000000;agropecuaria
femenino;comercio;mantenimiento en;el salvador;3;2.0;16/03/2017;7377000;agropecuaria
masculino;servicio;fabrica de;san javier no.1;1;7.0;29/05/2018;7000000;agropecuaria
masculino;servicio;fabrica de;san javier no.1;1;7.0;29/10/2018;7000000;agropecuaria
masculino;servicio;tienda;buenos aires;1;7.0;13/12/2016;6000000;agropecuaria
femenino;industria;taller de mecanica;boyaca;2;60.0;27/02/2019;8000000;agropecuaria
femenino;comercio;mantenimiento en;guayabal;3;2.0;9/08/2018;7377000;agropecuaria
femenino;comercio;restaurante;villa hermosa;3;2.0;31/01/2017;7377000;agropecuaria
masculino;servicio;fabrica de;manrique central no. 1;1;7.0;14/11/2018;7000000;agropecuaria
femenino;comercio;mantenimiento en;el salvador;3;2.0;26/04/2016;7377000;agropecuaria
masculino;servicio;almacen de ropa en;campo valdes no. 1;3;8.0;17/08/2017;3000000;agropecuaria
masculino;servicio;fabrica de;manrique central no. 1;1;4.0;7/12/2016;7800000;agropecuaria
masculino;comercio;almacen de ropa en;barrio caicedo;3;8.0;6/03/2017;6890000;agropecuaria
masculino;servicio;variedades;enciso;1;13.0;1/06/2017;4000000;agropecuaria
femenino;industria;organización y;la esperanza;2;80.0;7/03/2016;14000000;agropecuaria
masculino;servicio;comidas rapidas;santa cruz;1;13.0;21/11/2017;4000000;agropecuaria
masculino;servicio;tienda;belen;1;7.0;2/03/2018;7000000;agropecuaria
masculino;servicio;variedades;enciso;1;13.0;6/10/2017;4000000;agropecuaria
femenino;industria;panaderia;boston;3;6.0;15/11/2016;3500000;agropecuaria
femenino;agropecuaria;fabrica de juegos;barrio colon;2;70.0;12/01/2018;8300000;microempresarial
masculino;servicio;fabrica de;robledo;1;4.0;6/03/2018;7800000;agropecuaria
masculino;servicio;fabrica de;robledo;1;4.0;24/10/2017;7800000;agropecuaria
masculino;servicio;fabrica de;san javier no.1;1;7.0;17/05/2018;7000000;agropecuaria
masculino;servicio;tienda;aranjuez;1;10.0;12/02/2018;6000000;agropecuaria
masculino;servicio;fabrica de;robledo;1;4.0;22/05/2018;7800000;agropecuaria
femenino;industria;cafeteria;llanaditas;2;16.0;31/01/2019;4500000;agropecuaria
masculino;comercio;peluqueria;la milagrosa;3;5.0;26/09/2016;7300000;agropecuaria
femenino;industria;bares;tricentenario;2;80.0;28/06/2019;30000000;agropecuaria
masculino;servicio;almacen de ropa en;campo valdes no. 1;3;8.0;18/04/2018;6890000;agropecuaria
femenino;industria;criadero de animales;boyaca;2;60.0;24/03/2017;8000000;agropecuaria
masculino;servicio;comidas rapidas;cabecera san antonio;3;8.0;29/09/2017;3000000;agropecuaria
femenino;comercio;miscelanea;playon de los;3;3.0;2/12/2016;7370000;agropecuaria
masculino;servicio;comidas rapidas;cabecera san antonio;3;8.0;20/11/2018;3000000;agropecuaria
masculino;comercio;peluqueria;manrique oriental;3;5.0;17/02/2017;6890000;agropecuaria
masculino;servicio;variedades;castilla;1;1.0;2/10/2017;5000000;agropecuaria
masculino;servicio;comidas rapidas;santo domingo savio;1;13.0;26/10/2016;4000000;agropecuaria
femenino;industria;recreativo educativo;las palmas;2;16.0;30/09/2016;2500000;agropecuaria
masculino;servicio;comidas rapidas;santo domingo savio;3;13.0;8/08/2017;3000000;agropecuaria
femenino;comercio;restaurante;villa hermosa;3;2.0;15/09/2017;7300000;agropecuaria
masculino;servicio;tienda;belen;1;7.0;3/04/2018;7000000;agropecuaria
femenino;comercio;restaurante;el salvador;3;2.0;25/11/2016;7377000;agropecuaria
femenino;industria;fabrica de colchones;san pedro;2;15.0;2018/06/7;27000000;agropecuaria
masculino;servicio;tienda;cabecera san cristobal;1;1.0;11/10/2016;5000000;agropecuaria
femenino;industria;criadero de animales;villa niza;2;60.0;28/09/2016;8000000;agropecuaria
masculino;servicio;comidas rapidas;cabecera san antonio;3;8.0;27/06/2017;3000000;agropecuaria
masculino;servicio;tienda;belen;1;7.0;7/06/2018;7000000;agropecuaria
masculino;servicio;variedades;enciso;1;1.0;17/11/2017;4000000;agropecuaria
femenino;industria;cerrajeria;tricentenario;2;80.0;24/08/2016;30000000;agropecuaria
masculino;servicio;tienda;belen;1;7.0;26/04/2018;7000000;agropecuaria
masculino;servicio;fabrica de;manrique central no. 1;1;4.0;13/07/2017;7800000;agropecuaria
femenino;industria;ebanistaria;bombona no. 1;2;12.0;10/12/2018;3300000;agropecuaria
masculino;comercio;almacen de ropa en;barrio caicedo;3;8.0;16/02/2017;6890000;agropecuaria
femenino;industria;fabrica de helados;lopez de mesa;2;9.0;28/03/2016;5500000;agropecuaria
femenino;industria;sembrados;prado;2;9.0;8/04/2016;8281000;agropecuaria
masculino;servicio;tienda;belen;1;7.0;3/04/2018;7000000;agropecuaria
femenino;industria;taller de mecanica;picachito;2;60.0;27/03/2019;8000000;agropecuaria
masculino;servicio;fabrica de;san javier no.1;1;7.0;29/05/2018;7000000;agropecuaria
masculino;servicio;fabrica de;manrique central no. 1;1;4.0;16/04/2018;7800000;agropecuaria
femenino;industria;criadero de animales;villa niza;2;60.0;11/12/2017;8000000;agropecuaria
masculino;servicio;fabrica de;san javier no.1;1;7.0;23/02/2017;7000000;agropecuaria
femenino;industria;drogueria;el pinal;2;12.0;13/06/2016;28000000;agropecuaria
masculino;servicio;tienda;popular;1;10.0;13/07/2018;6000000;agropecuaria
masculino;servicio;variedades;enciso;1;1.0;26/01/2018;5000000;agropecuaria
masculino;servicio;fabrica de;robledo;1;4.0;1/08/2018;7800000;agropecuaria
femenino;industria;fabrica de muebles;versalles no. 1;2;12.0;31/10/2016;68900000;agropecuaria
masculino;servicio;tienda;buenos aires;1;7.0;8/02/2018;6000000;agropecuaria
masculino;servicio;tienda;aranjuez;1;10.0;20/09/2018;6000000;agropecuaria
femenino;comercio;papeleria;la floresta;3;3.0;16/06/2017;2000000;agropecuaria
femenino;comercio;distribuidora de;pedregal;3;3.0;7/12/2017;2000000;agropecuaria
femenino;agropecuaria;lenceria para el;monteclaro;2;11.0;2017/04/3;5100000;credioportuno
masculino;servicio;tienda;popular;1;10.0;20/04/2018;6000000;agropecuaria
masculino;servicio;tienda;aranjuez;1;10.0;17/07/2017;6000000;agropecuaria
femenino;industria;carniceria;el triunfo;2;12.0;14/01/2016;600000;agropecuaria
femenino;industria;variedades naturista;sucre;2;80.0;2/06/2016;19000000;agropecuaria
masculino;servicio;tienda;popular;1;10.0;26/09/2017;5000000;agropecuaria
masculino;servicio;fabrica de;robledo;1;4.0;14/09/2018;7800000;agropecuaria
masculino;servicio;fabrica de;robledo;1;4.0;14/09/2018;7800000;agropecuaria
masculino;servicio;tienda;belen;1;7.0;3/04/2018;7000000;agropecuaria
masculino;servicio;variedades;cabecera san cristobal;1;1.0;21/05/2018;5000000;agropecuaria
masculino;servicio;fabrica de;robledo;1;4.0;5/07/2018;7800000;agropecuaria
masculino;comercio;peluqueria;doce de octubre no.1;3;5.0;21/11/2018;7300000;agropecuaria
masculino;servicio;variedades;enciso;1;1.0;15/11/2017;5000000;agropecuaria
femenino;comercio;papeleria;la floresta;3;3.0;17/11/2016;2000000;agropecuaria
femenino;comercio;mantenimiento en;el salvador;3;2.0;26/04/2016;7377000;agropecuaria
masculino;servicio;fabrica de;san javier no.1;1;7.0;9/05/2018;7000000;agropecuaria
masculino;comercio;peluqueria;moravia;3;2.0;29/05/2019;7300000;agropecuaria
femenino;industria;panaderia;calasanz;3;6.0;8/08/2018;1000000;agropecuaria
masculino;servicio;fabrica de;robledo;1;4.0;5/06/2018;7800000;agropecuaria
masculino;servicio;fabrica de;robledo;1;4.0;21/02/2018;7800000;agropecuaria
femenino;industria;cafeteria;llanaditas;2;16.0;7/09/2016;4500000;agropecuaria
masculino;servicio;tienda;aranjuez;1;10.0;18/06/2018;6000000;agropecuaria
femenino;industria;fabrica de productos;miranda;2;80.0;20/06/2016;10000000;agropecuaria
masculino;servicio;variedades;enciso;1;13.0;1/06/2017;4000000;agropecuaria
masculino;servicio;variedades;enciso;1;13.0;1/06/2017;4000000;agropecuaria
masculino;servicio;comidas rapidas;santo domingo savio;3;8.0;21/03/2018;3000000;agropecuaria
masculino;servicio;tienda;belen;1;7.0;3/04/2018;7000000;agropecuaria
femenino;comercio;papeleria;aranjuezcito;3;3.0;4/10/2016;2000000;agropecuaria
masculino;comercio;almacen de ropa en;manrique oriental;3;5.0;24/10/2016;6890000;agropecuaria
masculino;servicio;comidas rapidas;santa cruz;1;13.0;19/01/2018;4000000;agropecuaria
femenino;industria;cafe e internet;centro admtivo;2;6.0;1/12/2016;3500000;agropecuaria
masculino;servicio;comidas rapidas;santo domingo savio;1;13.0;19/08/2016;4000000;agropecuaria
masculino;servicio;variedades;cabecera san cristobal;1;1.0;10/08/2018;5000000;agropecuaria
masculino;servicio;comidas rapidas;santa cruz;1;13.0;18/09/2017;4000000;agropecuaria
masculino;comercio;almacen de ropa en;manrique oriental;3;5.0;9/02/2017;6890000;agropecuaria
masculino;servicio;fabrica de;manrique central no. 1;1;7.0;16/07/2018;7000000;agropecuaria
masculino;comercio;peluqueria;la milagrosa;3;5.0;12/04/2016;7300000;agropecuaria
femenino;industria;recreativo educativo;altavista;2;16.0;19/02/2018;4500000;agropecuaria
femenino;comercio;barberia;20 de julio;3;3.0;22/02/2019;7370000;agropecuaria
masculino;servicio;tienda;belen;1;7.0;2/05/2018;7000000;agropecuaria
masculino;servicio;fabrica de;robledo;1;4.0;25/10/2018;7800000;agropecuaria
masculino;servicio;variedades;manrique central no. 2;1;13.0;16/11/2017;4000000;agropecuaria
masculino;servicio;fabrica de;manrique central no. 1;1;4.0;27/06/2018;7800000;agropecuaria
masculino;servicio;fabrica de;san javier no.1;1;7.0;29/10/2018;7000000;agropecuaria
femenino;comercio;fabrica de calzado;florencia;3;6.0;28/02/2019;6800000;agropecuaria
femenino;industria;fotografia;belalcazar;2;9.0;14/09/2016;1200000;agropecuaria
femenino;industria;legumbreria;las palmas;2;16.0;3/10/2016;2500000;agropecuaria
masculino;servicio;fabrica de;san javier no.1;1;7.0;12/04/2018;7000000;agropecuaria
femenino;comercio;miscelanea;villatina;3;3.0;28/09/2017;7370000;agropecuaria
masculino;servicio;comidas rapidas;cabecera san antonio;3;8.0;30/03/2017;3000000;agropecuaria
masculino;servicio;tienda;aranjuez;1;10.0;27/03/2017;6000000;agropecuaria
femenino;comercio;papeleria;aranjuezcito;3;3.0;24/11/2017;2000000;agropecuaria
masculino;servicio;fabrica de;manrique central no. 1;1;4.0;4/05/2018;7000000;agropecuaria
masculino;servicio;fabrica de;manrique central no. 1;1;7.0;5/02/2018;7000000;agropecuaria
masculino;servicio;tienda;popular;1;10.0;26/09/2017;5000000;agropecuaria
masculino;servicio;tienda;popular;1;10.0;10/09/2018;6000000;agropecuaria
masculino;servicio;fabrica de;san javier no.1;1;7.0;12/04/2018;7000000;agropecuaria
masculino;servicio;fabrica de;robledo;1;4.0;18/10/2018;7800000;agropecuaria
femenino;industria;taller de electronica;la loma;2;80.0;28/06/2016;6400000;agropecuaria
femenino;industria;lavanderia;palermo;2;12.0;1/02/2016;4200000;agropecuaria
masculino;servicio;comidas rapidas;cabecera san antonio;3;8.0;10/11/2017;3000000;agropecuaria
femenino;industria;taller de mecanica;picachito;2;60.0;20/02/2016;6500000;agropecuaria
femenino;industria;productos de belleza;juan xxiii la quiebra;2;16.0;22/11/2017;1500000;agropecuaria
masculino;servicio;fabrica de;robledo;1;4.0;11/10/2018;7800000;agropecuaria
masculino;servicio;tienda;buenos aires;1;10.0;9/02/2018;6000000;agropecuaria
masculino;servicio;comidas rapidas;cabecera san antonio;3;8.0;7/04/2016;3000000;agropecuaria
femenino;industria;licorera;vrda. san cristobal;2;15.0;14/03/2019;300000;agropecuaria
femenino;industria;ferreteria;santa lucia;2;60.0;30/08/2016;7500000;agropecuaria
femenino;industria;cafe e internet;carpinelo;2;16.0;7/06/2016;3500000;agropecuaria
masculino;comercio;almacen de ropa en;manrique oriental;3;5.0;27/09/2018;6890000;agropecuaria
masculino;servicio;fabrica de;robledo;1;4.0;4/04/2018;7800000;agropecuaria
masculino;servicio;fabrica de;manrique central no. 1;1;4.0;27/06/2018;7800000;agropecuaria
masculino;servicio;variedades;cabecera san cristobal;1;1.0;18/07/2017;5000000;agropecuaria
femenino;industria;variedades de helados;pablo vi;2;60.0;22/04/2019;6500000;agropecuaria
femenino;industria;fabrica de alimentos;picacho;3;6.0;6/09/2016;6800000;agropecuaria
masculino;servicio;tienda;aranjuez;1;10.0;3/05/2017;6000000;agropecuaria
masculino;servicio;comidas rapidas;manrique central no. 2;1;13.0;25/04/2017;4000000;agropecuaria
masculino;servicio;variedades;castilla;1;1.0;26/02/2018;5000000;agropecuaria
femenino;industria;panaderia;santa elena central;3;6.0;24/11/2016;1000000;agropecuaria
femenino;comercio;papeleria;pedregal;3;3.0;30/07/2018;2000000;agropecuaria
femenino;industria;fabrica de colchones;eduardo santos;2;15.0;2018/06/7;680000;agropecuaria
masculino;servicio;tienda;popular;1;10.0;11/08/2017;5000000;agropecuaria
masculino;servicio;tienda;aranjuez;1;10.0;3/05/2017;6000000;agropecuaria
femenino;comercio;miscelanea;playon de los;3;3.0;2/12/2016;7370000;agropecuaria
femenino;industria;sembrados;prado;2;9.0;10/08/2016;8281000;agropecuaria
masculino;servicio;variedades;manrique central no. 2;1;13.0;3/05/2018;4000000;agropecuaria
femenino;industria;taller de mecanica;olaya herrera;2;60.0;11/12/2018;6500000;agropecuaria
femenino;industria;cafe e internet;centro admtivo;2;6.0;8/09/2016;3500000;agropecuaria
masculino;servicio;tienda;aranjuez;1;10.0;8/05/2018;6000000;agropecuaria
masculino;comercio;peluqueria;moravia;3;2.0;27/07/2016;7300000;agropecuaria
masculino;servicio;tienda;san javier no.1;1;7.0;20/06/2017;7000000;agropecuaria
masculino;servicio;tienda;belen;1;7.0;24/07/2017;7000000;agropecuaria
masculino;servicio;fabrica de;manrique central no. 1;1;7.0;14/11/2018;7000000;agropecuaria
masculino;servicio;fabrica de;manrique central no. 1;1;4.0;15/02/2018;7000000;agropecuaria
masculino;servicio;almacen de ropa en;campo valdes no. 1;3;8.0;29/06/2017;3000000;agropecuaria
femenino;industria;fabrica de alimentos;calasanz;3;6.0;11/04/2016;1000000;agropecuaria
masculino;servicio;fabrica de;san javier no.1;1;7.0;12/04/2018;7000000;agropecuaria
masculino;servicio;fabrica de;robledo;1;4.0;18/10/2018;7800000;agropecuaria
masculino;servicio;fabrica de;manrique central no. 1;1;4.0;22/06/2018;7800000;agropecuaria
masculino;servicio;fabrica de;san javier no.1;1;7.0;9/04/2018;7000000;agropecuaria
masculino;comercio;peluqueria;la milagrosa;3;5.0;12/04/2016;7300000;agropecuaria
femenino;industria;lavanderia;santa rosa de lima;2;12.0;19/12/2017;780000;agropecuaria
masculino;servicio;variedades;enciso;1;13.0;9/11/2017;4000000;agropecuaria
femenino;comercio;restaurante;villa hermosa;3;2.0;25/09/2017;7377000;agropecuaria
masculino;servicio;variedades;castilla;1;1.0;8/11/2017;5000000;agropecuaria
femenino;industria;cafeteria;alfonso lopez;2;16.0;25/10/2016;4500000;agropecuaria
masculino;servicio;fabrica de;robledo;1;4.0;14/09/2018;7800000;agropecuaria
femenino;comercio;miscelanea;playon de los;3;3.0;3/01/2018;7370000;agropecuaria
femenino;comercio;miscelanea;playon de los;3;3.0;3/01/2018;7370000;agropecuaria
masculino;comercio;peluqueria;doce de octubre no.1;3;5.0;24/07/2018;7300000;agropecuaria
masculino;servicio;tienda;buenos aires;1;7.0;30/10/2018;6000000;agropecuaria
masculino;servicio;fabrica de;robledo;1;4.0;24/09/2018;7800000;agropecuaria
femenino;industria;carpinteria;toscana;2;9.0;27/06/2019;5500000;agropecuaria
masculino;comercio;peluqueria;moravia;3;2.0;22/01/2019;7300000;agropecuaria
femenino;industria;fabrica de alimentos;santander;3;6.0;18/08/2016;6800000;agropecuaria
femenino;comercio;restaurante;el salvador;3;2.0;9/06/2017;7377000;agropecuaria
masculino;comercio;almacen de ropa en;manrique oriental;3;5.0;27/09/2018;6890000;agropecuaria
masculino;servicio;fabrica de;robledo;1;4.0;26/10/2018;7800000;agropecuaria
masculino;servicio;variedades;castilla;1;1.0;24/08/2017;5000000;agropecuaria
masculino;servicio;fabrica de;manrique central no. 1;1;4.0;7/12/2016;7800000;agropecuaria
masculino;servicio;tienda;buenos aires;1;7.0;12/06/2017;6000000;agropecuaria
masculino;servicio;tienda;aranjuez;1;10.0;20/03/2018;6000000;agropecuaria
masculino;servicio;tienda;buenos aires;1;10.0;10/05/2018;6000000;agropecuaria
masculino;comercio;peluqueria;moravia;3;2.0;13/08/2018;7300000;agropecuaria
masculino;servicio;fabrica de;manrique central no. 1;1;4.0;25/07/2018;7800000;agropecuaria
masculino;comercio;almacen de ropa en;manrique oriental;3;5.0;1/11/2016;6890000;agropecuaria
femenino;comercio;restaurante;el salvador;3;2.0;25/11/2016;7377000;agropecuaria
masculino;servicio;fabrica de;manrique central no. 1;1;4.0;16/04/2018;7800000;agropecuaria
masculino;servicio;fabrica de;manrique central no. 1;1;7.0;6/07/2018;7000000;agropecuaria
masculino;servicio;fabrica de;manrique central no. 1;1;4.0;22/06/2018;7800000;agropecuaria
masculino;servicio;tienda;buenos aires;1;7.0;1/03/2018;6000000;agropecuaria
femenino;industria;ferreteria;santa lucia;2;60.0;30/08/2016;7500000;agropecuaria
masculino;servicio;variedades;enciso;1;13.0;16/03/2018;4000000;agropecuaria
femenino;industria;reciclaje;campo amor;2;15.0;10/06/2019;780;agropecuaria
masculino;servicio;variedades;cabecera san cristobal;1;1.0;10/08/2018;5000000;agropecuaria
masculino;servicio;tienda;popular;1;10.0;11/10/2017;6000000;agropecuaria
masculino;servicio;variedades;castilla;1;1.0;5/10/2016;5000000;agropecuaria
femenino;industria;cafe e internet;centro admtivo;2;6.0;8/09/2016;3500000;agropecuaria
masculino;servicio;tienda;cabecera san cristobal;1;1.0;17/04/2018;5000000;agropecuaria
masculino;servicio;fabrica de;robledo;1;4.0;14/03/2018;7800000;agropecuaria
masculino;servicio;tienda;buenos aires;1;10.0;12/07/2018;6000000;agropecuaria
masculino;servicio;almacen de ropa en;campo valdes no. 1;3;8.0;14/06/2016;3000000;agropecuaria
masculino;servicio;tienda;popular;1;10.0;3/02/2017;6000000;agropecuaria
masculino;servicio;fabrica de;robledo;1;4.0;10/07/2018;7800000;agropecuaria
masculino;servicio;tienda;belen;1;7.0;3/04/2018;7000000;agropecuaria
femenino;industria;variedades de helados;pablo vi;2;60.0;10/07/2017;6500000;agropecuaria
masculino;servicio;tienda;popular;1;10.0;23/04/2018;6000000;agropecuaria
masculino;comercio;peluqueria;moravia;3;2.0;11/07/2017;7300000;agropecuaria
masculino;servicio;fabrica de;robledo;1;4.0;26/10/2018;7800000;agropecuaria
masculino;servicio;fabrica de;robledo;1;4.0;6/03/2018;7800000;agropecuaria
masculino;servicio;variedades;castilla;1;1.0;28/08/2017;5000000;agropecuaria
femenino;comercio;miscelanea;playon de los;3;3.0;16/11/2018;7370000;agropecuaria
femenino;comercio;restaurante;villa hermosa;3;2.0;15/09/2017;7377000;agropecuaria
femenino;industria;publicidad y;el socorro;2;9.0;7/12/2018;7812000;agropecuaria
masculino;servicio;fabrica de;robledo;1;4.0;14/03/2018;7800000;agropecuaria
masculino;servicio;tienda;popular;1;10.0;29/03/2017;5000000;agropecuaria
femenino;industria;variedades naturista;la avanzada;2;80.0;2/08/2016;1300000;agropecuaria
masculino;servicio;fabrica de;robledo;1;4.0;13/02/2018;7800000;agropecuaria
femenino;industria;fabrica de alimentos;picacho;3;6.0;14/12/2016;6800000;agropecuaria
masculino;servicio;variedades;cabecera san cristobal;1;1.0;21/05/2018;5000000;agropecuaria
masculino;servicio;variedades;castilla;1;1.0;6/12/2018;5000000;agropecuaria
masculino;servicio;fabrica de;manrique central no. 1;1;4.0;4/05/2018;7000000;agropecuaria
masculino;servicio;tienda;belen;1;7.0;7/06/2018;7000000;agropecuaria
masculino;servicio;tienda;belen;1;7.0;26/04/2018;7000000;agropecuaria
masculino;servicio;tienda;belen;1;7.0;26/04/2018;7000000;agropecuaria
masculino;servicio;tienda;belen;1;7.0;24/07/2017;7000000;agropecuaria
femenino;comercio;restaurante;villa hermosa;3;2.0;7/09/2017;7300000;agropecuaria
masculino;servicio;fabrica de;robledo;1;4.0;6/06/2017;7800000;agropecuaria
masculino;servicio;variedades;enciso;1;1.0;8/03/2018;4000000;agropecuaria
femenino;comercio;papeleria;aranjuezcito;3;3.0;24/02/2016;2000000;agropecuaria
masculino;servicio;variedades;castilla;1;1.0;22/03/2017;5000000;agropecuaria
masculino;servicio;tienda;aranjuez;1;10.0;9/03/2018;6000000;agropecuaria
femenino;comercio;papeleria;aranjuezcito;3;3.0;5/10/2017;2000000;agropecuaria
masculino;servicio;tienda;cabecera san cristobal;1;10.0;7/03/2018;5000000;agropecuaria
femenino;comercio;restaurante;el salvador;3;2.0;27/02/2017;7377000;agropecuaria
masculino;servicio;tienda;buenos aires;1;7.0;30/10/2018;6000000;agropecuaria
masculino;servicio;tienda;popular;1;10.0;23/04/2018;6000000;agropecuaria
femenino;comercio;papeleria;aranjuezcito;3;3.0;4/10/2016;2000000;agropecuaria
masculino;servicio;comidas rapidas;cabecera san antonio;3;8.0;27/06/2017;3000000;agropecuaria
masculino;servicio;tienda;aranjuez;1;10.0;8/05/2018;6000000;agropecuaria
masculino;servicio;fabrica de;san javier no.1;1;7.0;23/02/2017;7000000;agropecuaria
masculino;servicio;tienda;aranjuez;1;10.0;18/06/2018;6000000;agropecuaria
femenino;comercio;mantenimiento en;guayabal;3;2.0;5/03/2019;7377000;agropecuaria
masculino;servicio;tienda;aranjuez;1;10.0;2/11/2017;6000000;agropecuaria
femenino;comercio;mantenimiento en;andalucia;3;2.0;3/10/2017;7377000;agropecuaria
masculino;servicio;tienda;buenos aires;1;7.0;30/10/2018;6000000;agropecuaria
masculino;servicio;variedades;enciso;1;1.0;6/09/2017;5000000;agropecuaria
femenino;industria;joyeria;jardin botanico;2;12.0;21/06/2019;4136000;agropecuaria
masculino;comercio;peluqueria;moravia;3;2.0;5/05/2017;7300000;agropecuaria
masculino;servicio;fabrica de;robledo;1;4.0;10/07/2018;7800000;agropecuaria
masculino;servicio;variedades;manrique central no. 2;1;13.0;22/11/2016;4000000;agropecuaria
masculino;servicio;fabrica de;san javier no.1;1;7.0;30/01/2018;7000000;agropecuaria
masculino;servicio;fabrica de;san javier no.1;1;7.0;17/05/2018;7000000;agropecuaria
masculino;servicio;fabrica de;robledo;1;4.0;6/02/2018;7800000;agropecuaria
masculino;servicio;tienda;aranjuez;1;10.0;18/01/2019;6000000;agropecuaria
masculino;servicio;tienda;buenos aires;1;7.0;16/05/2018;6000000;agropecuaria
femenino;comercio;barberia;villatina;3;3.0;12/10/2016;7370000;agropecuaria
masculino;comercio;almacen de ropa en;barrio caicedo;3;8.0;23/03/2017;6890000;agropecuaria
masculino;servicio;tienda;belen;1;7.0;24/07/2017;7000000;agropecuaria
femenino;industria;publicidad y;el socorro;2;9.0;11/07/2016;7812000;agropecuaria
masculino;servicio;fabrica de;san javier no.1;1;7.0;30/01/2018;7000000;agropecuaria
masculino;comercio;peluqueria;la milagrosa;3;5.0;24/08/2018;7300000;agropecuaria
masculino;comercio;peluqueria;doce de octubre no.1;3;5.0;18/11/2016;7300000;agropecuaria
femenino;industria;panaderia;boston;3;6.0;13/06/2018;3500000;agropecuaria
femenino;agropecuaria;lavadero de;la isla;2;15.0;22/07/2016;28267614;empresarial ed.
masculino;servicio;tienda;buenos aires;1;7.0;13/12/2016;6000000;agropecuaria
femenino;industria;ferreteria;kennedy;2;60.0;22/08/2017;7500000;agropecuaria
masculino;servicio;fabrica de;robledo;1;4.0;6/03/2018;7800000;agropecuaria
masculino;servicio;fabrica de;robledo;1;4.0;3/10/2018;7800000;agropecuaria
masculino;servicio;tienda;belen;1;7.0;8/06/2018;7000000;agropecuaria
femenino;comercio;distribuidora de;andalucia;3;2.0;2/03/2017;7377000;agropecuaria
masculino;servicio;tienda;aranjuez;1;10.0;30/10/2017;6000000;agropecuaria
masculino;servicio;variedades;castilla;1;1.0;26/02/2018;5000000;agropecuaria
masculino;servicio;fabrica de;san javier no.1;1;7.0;23/02/2017;7000000;agropecuaria
femenino;industria;fabrica de colchones;san pedro;2;15.0;2018/06/7;680000;agropecuaria
masculino;servicio;tienda;popular;1;10.0;8/05/2017;6000000;agropecuaria
masculino;servicio;fabrica de;san javier no.1;1;7.0;5/09/2018;7000000;agropecuaria
femenino;industria;cafeteria;juan xxiii la quiebra;2;16.0;15/09/2016;1500000;agropecuaria
masculino;servicio;tienda;buenos aires;1;7.0;18/04/2017;6000000;agropecuaria
femenino;industria;reciclaje;versalles no. 2;2;15.0;2018/01/24;7360000;agropecuaria
masculino;servicio;fabrica de;robledo;1;4.0;14/09/2018;7800000;agropecuaria
masculino;servicio;tienda;belen;1;7.0;3/04/2018;7000000;agropecuaria
masculino;servicio;fabrica de;robledo;1;4.0;25/05/2018;7800000;agropecuaria
femenino;industria;taller de electronica;la loma;2;80.0;23/01/2019;2200000;agropecuaria
femenino;industria;reciclaje;campo amor;2;15.0;10/06/2019;780;agropecuaria
femenino;industria;fabrica de alimentos;santander;3;6.0;4/01/2019;1000000;agropecuaria
masculino;servicio;fabrica de;robledo;1;4.0;26/10/2018;7800000;agropecuaria
femenino;industria;variedades de helados;pablo vi;2;60.0;15/02/2019;6500000;agropecuaria
femenino;industria;productos de belleza;san pablo;2;16.0;7/06/2017;1500000;agropecuaria
masculino;servicio;fabrica de;robledo;1;4.0;14/03/2018;7800000;agropecuaria
masculino;comercio;peluqueria;moravia;3;2.0;31/08/2017;7300000;agropecuaria
masculino;servicio;fabrica de;robledo;1;4.0;21/02/2018;7800000;agropecuaria
masculino;servicio;fabrica de;robledo;1;4.0;25/10/2018;7800000;agropecuaria
masculino;servicio;variedades;cabecera san cristobal;1;1.0;20/02/2018;5000000;agropecuaria
femenino;comercio;barberia;la floresta;3;3.0;18/04/2016;2000000;agropecuaria
masculino;servicio;comidas rapidas;cabecera san antonio;3;8.0;30/08/2017;3000000;agropecuaria
femenino;comercio;restaurante;villa hermosa;3;2.0;4/10/2017;7377000;agropecuaria
femenino;agropecuaria;mensajeria;suburbano altavista;2;90.0;12/12/2018;4980000;microempresarial
masculino;comercio;almacen de ropa en;barrio caicedo;3;8.0;5/04/2017;6890000;agropecuaria
femenino;agropecuaria;mensajeria;gerona;2;90.0;22/03/2019;237976;microempresarial
femenino;industria;cafe e internet;centro admtivo;2;6.0;26/01/2017;3500000;agropecuaria
masculino;servicio;fabrica de;san javier no.1;1;7.0;13/03/2018;7000000;agropecuaria
masculino;servicio;fabrica de;robledo;1;4.0;3/10/2018;7800000;agropecuaria
femenino;comercio;mantenimiento en;el salvador;3;2.0;16/03/2017;7377000;agropecuaria
masculino;servicio;variedades;cabecera san cristobal;1;1.0;26/02/2018;5000000;agropecuaria
masculino;servicio;tienda;popular;1;10.0;26/09/2017;5000000;agropecuaria
masculino;servicio;tienda;popular;1;10.0;19/09/2017;5000000;agropecuaria
femenino;comercio;restaurante;villa hermosa;3;2.0;7/09/2017;7300000;agropecuaria
femenino;industria;servicios;ocho de marzo;2;15.0;16/10/2018;8250000;empresarial ed.
femenino;industria;cafe e internet;centro admtivo;2;6.0;23/06/2017;3500000;agropecuaria
femenino;industria;charcuteria;santa lucia;2;60.0;23/02/2016;7500000;agropecuaria
femenino;industria;montallantas;el triunfo;2;12.0;2/02/2016;5300000;agropecuaria
masculino;servicio;comidas rapidas;cabecera san antonio;3;8.0;27/06/2017;3000000;agropecuaria
masculino;servicio;fabrica de;robledo;1;4.0;7/11/2017;7800000;agropecuaria
masculino;servicio;fabrica de;manrique central no. 1;1;4.0;14/02/2018;7000000;agropecuaria
femenino;comercio;distribuidora de;pedregal;3;3.0;28/02/2017;2000000;agropecuaria
masculino;servicio;tienda;aranjuez;1;10.0;21/06/2018;6000000;agropecuaria
femenino;comercio;mantenimiento en;andalucia;3;2.0;22/08/2016;7377000;agropecuaria
masculino;servicio;tienda;popular;1;10.0;23/04/2018;6000000;agropecuaria
femenino;industria;recreativo educativo;las palmas;2;16.0;21/12/2016;2500000;agropecuaria
masculino;servicio;almacen de ropa en;campo valdes no. 1;3;8.0;14/06/2016;3000000;agropecuaria
masculino;servicio;comidas rapidas;campo valdes no. 1;3;8.0;28/10/2016;3000000;agropecuaria
masculino;servicio;variedades;castilla;1;1.0;8/11/2017;5000000;agropecuaria
masculino;comercio;almacen de ropa en;manrique oriental;3;5.0;21/02/2017;6890000;agropecuaria
femenino;industria;organización y;la esperanza;2;80.0;7/03/2016;14000000;agropecuaria
femenino;industria;marroquineria;bel¿n;2;15.0;20/12/2017;6350000;agropecuaria
masculino;servicio;fabrica de;robledo;1;4.0;23/05/2018;7800000;agropecuaria
femenino;industria;panaderia;santa elena central;3;6.0;15/03/2019;1000000;agropecuaria
masculino;comercio;almacen de ropa en;manrique oriental;3;5.0;21/02/2017;6890000;agropecuaria
masculino;servicio;fabrica de;san javier no.1;1;7.0;12/04/2018;7000000;agropecuaria
masculino;servicio;comidas rapidas;santa cruz;1;13.0;19/01/2018;4000000;agropecuaria
masculino;servicio;tienda;belen;1;7.0;22/03/2018;7000000;agropecuaria
masculino;servicio;variedades;manrique central no. 2;1;13.0;17/08/2018;4000000;agropecuaria
masculino;servicio;variedades;cabecera san cristobal;1;1.0;10/08/2018;5000000;agropecuaria
masculino;servicio;comidas rapidas;santo domingo savio;3;13.0;8/08/2017;3000000;agropecuaria
masculino;servicio;fabrica de;robledo;1;4.0;24/10/2018;7800000;agropecuaria
masculino;comercio;peluqueria;moravia;3;2.0;4/11/2016;7300000;agropecuaria
femenino;comercio;papeleria;la floresta;3;3.0;18/04/2016;2000000;agropecuaria
masculino;servicio;variedades;castilla;1;1.0;6/12/2018;5000000;agropecuaria
masculino;servicio;variedades;castilla;1;1.0;26/02/2018;5000000;agropecuaria
masculino;servicio;variedades;castilla;1;1.0;11/04/2018;5000000;agropecuaria
masculino;servicio;comidas rapidas;cabecera san antonio;3;8.0;28/03/2017;3000000;agropecuaria
femenino;industria;recreativo educativo;las palmas;2;16.0;21/12/2016;2500000;agropecuaria
femenino;industria;organización y;campo valdes no. 2;2;80.0;31/08/2016;8280000;agropecuaria
masculino;servicio;fabrica de;robledo;1;4.0;11/10/2018;7800000;agropecuaria
masculino;servicio;fabrica de;robledo;1;4.0;11/10/2018;7800000;agropecuaria
masculino;servicio;tienda;aranjuez;1;10.0;18/06/2018;6000000;agropecuaria
masculino;servicio;fabrica de;robledo;1;4.0;1/08/2018;7800000;agropecuaria
masculino;servicio;tienda;buenos aires;1;10.0;28/05/2018;6000000;agropecuaria
masculino;servicio;tienda;buenos aires;1;10.0;9/02/2018;6000000;agropecuaria
masculino;servicio;comidas rapidas;campo valdes no. 1;3;8.0;22/09/2016;3000000;agropecuaria
masculino;servicio;comidas rapidas;santa cruz;1;13.0;23/07/2018;4000000;agropecuaria
femenino;comercio;distribuidora de;pedregal;3;3.0;13/03/2017;2000000;agropecuaria
masculino;comercio;peluqueria;manrique oriental;3;5.0;1/08/2017;6890000;agropecuaria
masculino;comercio;peluqueria;moravia;3;2.0;5/05/2017;7300000;agropecuaria
masculino;servicio;tienda;belen;1;7.0;9/05/2017;7000000;agropecuaria
femenino;industria;recreativo educativo;altavista;2;16.0;19/02/2018;4500000;agropecuaria
femenino;comercio;fabrica de calzado;florencia;3;6.0;28/02/2019;6800000;agropecuaria
femenino;industria;joyeria;villa guadalupe;2;12.0;2018/06/15;3200000;agropecuaria
masculino;servicio;tienda;aranjuez;1;10.0;21/06/2018;6000000;agropecuaria
masculino;servicio;fabrica de;manrique central no. 1;1;7.0;16/07/2018;7000000;agropecuaria
masculino;comercio;almacen de ropa en;barrio caicedo;3;8.0;5/04/2017;6890000;agropecuaria
femenino;industria;taller de electronica;la loma;2;80.0;15/03/2016;2200000;agropecuaria
femenino;industria;legumbreria;las palmas;2;16.0;8/07/2016;2500000;agropecuaria
femenino;industria;variedades naturista;el chagualo;2;80.0;28/12/2018;16000000;agropecuaria
masculino;comercio;almacen de ropa en;manrique oriental;3;5.0;27/09/2018;6890000;agropecuaria
masculino;servicio;fabrica de;robledo;1;4.0;24/09/2018;7800000;agropecuaria
femenino;industria;taller de mecanica;picachito;2;60.0;27/03/2019;8000000;agropecuaria
masculino;comercio;almacen de ropa en;barrio caicedo;3;8.0;2/06/2017;6890000;agropecuaria
masculino;comercio;almacen de ropa en;barrio caicedo;3;8.0;6/10/2016;6890000;agropecuaria
masculino;servicio;tienda;popular;1;10.0;10/09/2018;6000000;agropecuaria
masculino;servicio;fabrica de;robledo;1;4.0;1/08/2018;7800000;agropecuaria
femenino;comercio;mantenimiento en;guayabal;3;2.0;13/04/2018;7377000;agropecuaria
femenino;comercio;fabrica de calzado;granizal;3;6.0;3/09/2018;7370000;agropecuaria
femenino;industria;recreativo educativo;altavista;2;16.0;10/10/2016;4500000;agropecuaria
masculino;servicio;tienda;belen;1;7.0;31/05/2018;7000000;agropecuaria
femenino;industria;panaderia;boston;3;6.0;3/06/2016;3500000;agropecuaria
masculino;servicio;tienda;belen;1;7.0;2/03/2018;7000000;agropecuaria
masculino;comercio;peluqueria;la milagrosa;3;5.0;29/04/2019;7300000;agropecuaria
masculino;servicio;fabrica de;manrique central no. 1;1;4.0;23/03/2018;7000000;agropecuaria
femenino;industria;productos de belleza;la francia;2;16.0;16/09/2016;1500000;agropecuaria
femenino;comercio;distribuidora de;andalucia;3;3.0;12/09/2016;2000000;agropecuaria
masculino;comercio;peluqueria;moravia;3;2.0;29/05/2019;7300000;agropecuaria
masculino;servicio;fabrica de;manrique central no. 1;1;7.0;14/11/2018;7000000;agropecuaria
masculino;servicio;comidas rapidas;cabecera san antonio;3;8.0;29/09/2017;3000000;agropecuaria
masculino;servicio;fabrica de;manrique central no. 1;1;7.0;16/07/2018;7000000;agropecuaria
femenino;comercio;papeleria;aranjuezcito;3;3.0;15/06/2016;2000000;agropecuaria
masculino;servicio;comidas rapidas;santo domingo savio;3;13.0;13/03/2019;3000000;agropecuaria
femenino;comercio;fabrica de calzado;granizal;3;6.0;22/01/2018;7370000;agropecuaria
masculino;comercio;peluqueria;la milagrosa;3;5.0;26/09/2016;7300000;agropecuaria
masculino;servicio;comidas rapidas;santo domingo savio;3;13.0;8/08/2017;3000000;agropecuaria
masculino;servicio;tienda;popular;1;10.0;20/11/2017;6000000;agropecuaria
masculino;servicio;comidas rapidas;santo domingo savio;3;8.0;10/11/2016;3000000;agropecuaria
femenino;agropecuaria;venta de lacteos;la frontera;2;90.0;13/04/2016;829000;empresarial ed.
masculino;servicio;tienda;cabecera san cristobal;1;1.0;4/07/2018;5000000;agropecuaria
femenino;industria;marroquineria;bello horizonte;2;15.0;20/12/2017;6443500;agropecuaria
femenino;comercio;distribuidora de;andalucia;3;2.0;2/03/2017;7377000;agropecuaria
femenino;comercio;barberia;villatina;3;3.0;12/10/2016;7370000;agropecuaria
masculino;servicio;fabrica de;san javier no.1;1;7.0;9/05/2018;7000000;agropecuaria
masculino;comercio;peluqueria;la milagrosa;3;5.0;28/11/2016;7300000;agropecuaria
masculino;servicio;variedades;castilla;1;1.0;12/06/2018;5000000;agropecuaria
masculino;comercio;almacen de ropa en;barrio caicedo;3;8.0;6/10/2016;6890000;agropecuaria
femenino;industria;fabrica de alimentos;santander;3;6.0;4/12/2017;1000000;agropecuaria
femenino;industria;variedades de helados;girardot;2;60.0;6/05/2019;6500000;agropecuaria
femenino;industria;cafe e internet;boston;3;6.0;7/06/2019;3500000;agropecuaria
masculino;servicio;variedades;enciso;1;1.0;4/07/2017;5000000;agropecuaria
masculino;servicio;tienda;belen;1;7.0;31/10/2018;7000000;agropecuaria
femenino;comercio;miscelanea;playon de los;3;3.0;16/11/2018;7370000;agropecuaria
masculino;servicio;fabrica de;manrique central no. 1;1;4.0;29/08/2018;7800000;agropecuaria
masculino;servicio;fabrica de;robledo;1;4.0;14/09/2018;7800000;agropecuaria
masculino;comercio;peluqueria;moravia;3;2.0;16/12/2016;7300000;agropecuaria
femenino;comercio;papeleria;aranjuezcito;3;3.0;24/02/2016;2000000;agropecuaria
masculino;comercio;almacen de ropa en;barrio caicedo;3;8.0;23/03/2017;6890000;agropecuaria
masculino;servicio;fabrica de;manrique central no. 1;1;7.0;16/07/2018;7000000;agropecuaria
femenino;industria;granero;palmitas;2;9.0;20/04/2016;1200000;agropecuaria
femenino;comercio;restaurante;el salvador;3;2.0;9/06/2017;7377000;agropecuaria
masculino;servicio;variedades;manrique central no. 2;1;13.0;6/08/2018;4000000;agropecuaria
masculino;servicio;variedades;manrique central no. 2;1;13.0;13/10/2017;4000000;agropecuaria
masculino;servicio;tienda;aranjuez;1;10.0;12/02/2018;6000000;agropecuaria
masculino;servicio;fabrica de;manrique central no. 1;1;7.0;16/07/2018;7000000;agropecuaria
masculino;comercio;peluqueria;la milagrosa;3;5.0;25/08/2016;7300000;agropecuaria
femenino;industria;panaderia;calasanz;3;6.0;9/08/2016;1000000;agropecuaria
masculino;servicio;fabrica de;manrique central no. 1;1;4.0;25/07/2018;7800000;agropecuaria
femenino;industria;cafe e internet;centro admtivo;2;6.0;26/01/2017;3500000;agropecuaria
masculino;comercio;peluqueria;moravia;3;2.0;5/05/2017;7300000;agropecuaria
masculino;servicio;variedades;manrique central no. 2;1;13.0;6/08/2018;4000000;agropecuaria
masculino;comercio;peluqueria;moravia;3;2.0;13/08/2018;7300000;agropecuaria
femenino;industria;fabrica de helados;san diego;2;9.0;27/06/2016;5500000;agropecuaria
masculino;servicio;fabrica de;robledo;1;4.0;1/08/2018;7800000;agropecuaria
femenino;comercio;mantenimiento en;guayabal;3;2.0;26/04/2016;7377000;agropecuaria
masculino;comercio;peluqueria;manrique oriental;3;5.0;12/05/2017;6890000;agropecuaria
masculino;servicio;fabrica de;robledo;1;4.0;11/10/2018;7800000;agropecuaria
masculino;servicio;variedades;castilla;1;1.0;24/08/2017;5000000;agropecuaria
masculino;servicio;fabrica de;san javier no.1;1;7.0;30/01/2018;7000000;agropecuaria
masculino;servicio;fabrica de;robledo;1;4.0;25/05/2018;7800000;agropecuaria
masculino;servicio;tienda;belen;1;7.0;19/04/2018;7000000;agropecuaria
masculino;servicio;variedades;enciso;1;1.0;19/04/2017;5000000;agropecuaria
masculino;comercio;peluqueria;la milagrosa;3;5.0;3/05/2019;7300000;agropecuaria
femenino;industria;publicidad y;la america;2;9.0;11/06/2019;4400000;agropecuaria
femenino;industria;legumbreria;villa del socorro;2;16.0;3/08/2016;2500000;agropecuaria
femenino;industria;fabrica de muebles;bombona no. 1;2;12.0;6/03/2019;8281160;agropecuaria
femenino;comercio;restaurante;villa hermosa;3;2.0;9/08/2017;7377000;agropecuaria
masculino;servicio;fabrica de;robledo;1;4.0;21/02/2018;7800000;agropecuaria
femenino;agropecuaria;viveros;la frontera;2;90.0;28/07/2016;7376000;empresarial ed.
masculino;servicio;fabrica de;robledo;1;4.0;25/10/2018;7800000;agropecuaria
masculino;servicio;almacen de ropa en;campo valdes no. 1;3;8.0;7/02/2017;6890000;agropecuaria
masculino;servicio;fabrica de;manrique central no. 1;1;4.0;29/08/2018;7800000;agropecuaria
masculino;servicio;variedades;cabecera san cristobal;1;1.0;17/04/2018;5000000;agropecuaria
femenino;comercio;barberia;villatina;3;3.0;14/10/2016;7370000;agropecuaria
masculino;servicio;fabrica de;robledo;1;4.0;25/10/2018;7800000;agropecuaria
femenino;industria;panaderia;santa elena central;3;6.0;26/07/2016;1000000;agropecuaria
femenino;industria;bares;tejelo;2;80.0;12/08/2016;800000;agropecuaria
masculino;comercio;almacen de ropa en;barrio caicedo;3;8.0;16/02/2017;6890000;agropecuaria
femenino;industria;charcuteria;loreto;2;60.0;24/05/2019;8200000;agropecuaria
femenino;industria;cafeteria;alfonso lopez;2;16.0;20/01/2017;4500000;agropecuaria
masculino;servicio;comidas rapidas;santo domingo savio;1;13.0;25/10/2017;4000000;agropecuaria
masculino;servicio;variedades;enciso;1;13.0;6/10/2017;4000000;agropecuaria
femenino;industria;fabrica de helados;lopez de mesa;2;9.0;11/05/2016;5500000;agropecuaria
femenino;industria;cafe e internet;boston;3;6.0;7/06/2019;3500000;agropecuaria
femenino;industria;recreativo educativo;alfonso lopez;2;16.0;4/02/2019;4500000;agropecuaria
femenino;industria;cafeteria;llanaditas;2;16.0;7/09/2016;4500000;agropecuaria
femenino;industria;recreativo educativo;altavista;2;16.0;6/01/2017;2500000;agropecuaria
femenino;industria;bares;cordoba;2;80.0;18/05/2017;6894000;agropecuaria
masculino;servicio;variedades;castilla;1;1.0;8/11/2017;5000000;agropecuaria
femenino;comercio;peluqueria;moravia;3;2.0;11/07/2017;7300000;agropecuaria
masculino;servicio;comidas rapidas;manrique central no. 2;1;13.0;6/11/2018;4000000;agropecuaria
femenino;comercio;barberia;20 de julio;3;3.0;24/04/2019;2000000;agropecuaria
femenino;industria;venta de calzado;tejelo;2;80.0;21/10/2016;800000;agropecuaria
femenino;industria;cafe e internet;carpinelo;2;16.0;13/12/2017;1500000;agropecuaria
femenino;industria;publicidad y;la america;2;9.0;7/05/2019;4400000;agropecuaria
masculino;servicio;variedades;cabecera san cristobal;1;1.0;31/01/2018;5000000;agropecuaria
femenino;agropecuaria;venta de repuestos;santa fe;2;50.0;2016/06/15;7810000;juridica y cap.semilla
femenino;industria;fabrica de muebles;el compromiso;2;12.0;30/04/2019;68900000;agropecuaria
masculino;servicio;variedades;enciso;1;13.0;26/04/2017;4000000;agropecuaria
masculino;servicio;comidas rapidas;santa cruz;1;13.0;23/11/2016;4000000;agropecuaria
masculino;servicio;tienda;aranjuez;1;10.0;20/09/2018;6000000;agropecuaria
masculino;servicio;fabrica de;robledo;1;4.0;7/11/2017;7800000;agropecuaria
femenino;industria;sembrados;la pradera;2;9.0;13/05/2019;7500000;agropecuaria
masculino;servicio;variedades;manrique central no. 2;1;13.0;6/08/2018;4000000;agropecuaria
masculino;servicio;fabrica de;san javier no.1;1;7.0;9/05/2018;7000000;agropecuaria
masculino;servicio;fabrica de;manrique central no. 1;1;4.0;7/12/2016;7800000;agropecuaria
masculino;servicio;variedades;castilla;1;1.0;20/06/2018;5000000;agropecuaria
masculino;servicio;variedades;cabecera san cristobal;1;1.0;22/02/2018;5000000;agropecuaria
masculino;servicio;tienda;popular;1;10.0;29/03/2017;5000000;agropecuaria
masculino;servicio;tienda;belen;1;7.0;23/05/2017;6000000;agropecuaria
femenino;comercio;restaurante;el salvador;3;2.0;25/11/2016;7377000;agropecuaria
masculino;servicio;almacen de ropa en;campo valdes no. 1;3;8.0;7/02/2017;6890000;agropecuaria
masculino;servicio;almacen de ropa en;campo valdes no. 1;3;8.0;25/07/2017;6890000;agropecuaria
femenino;comercio;barberia;la floresta;3;3.0;18/04/2016;2000000;agropecuaria
femenino;industria;fotografia;la candelaria;2;9.0;14/09/2016;4400000;agropecuaria
masculino;servicio;fabrica de;robledo;1;4.0;24/10/2018;7800000;agropecuaria
femenino;industria;fotografia;belalcazar;2;9.0;15/08/2018;1200000;agropecuaria
femenino;industria;cafe e internet;centro admtivo;2;6.0;28/03/2019;3500000;agropecuaria
femenino;industria;productos de belleza;san pablo;2;16.0;7/06/2017;1500000;agropecuaria
masculino;comercio;almacen de ropa en;barrio caicedo;3;8.0;6/03/2017;6890000;agropecuaria
femenino;industria;charcuteria;loreto;2;60.0;30/11/2018;8200000;agropecuaria
masculino;servicio;almacen de ropa en;campo valdes no. 1;3;8.0;18/07/2018;3000000;agropecuaria
masculino;servicio;variedades;cabecera san cristobal;1;1.0;31/01/2018;5000000;agropecuaria
masculino;servicio;fabrica de;manrique central no. 1;1;4.0;7/12/2016;7800000;agropecuaria
masculino;comercio;almacen de ropa en;manrique oriental;3;5.0;20/10/2016;6890000;agropecuaria
femenino;comercio;papeleria;aranjuezcito;3;3.0;27/10/2017;2000000;agropecuaria
masculino;servicio;variedades;enciso;1;13.0;16/03/2018;4000000;agropecuaria
femenino;industria;cafeteria;alfonso lopez;2;16.0;25/10/2016;4500000;agropecuaria
femenino;agropecuaria;venta de repuestos;el raizal;2;50.0;2017/08/10;828000;juridica y cap.semilla
masculino;servicio;fabrica de;robledo;1;4.0;7/11/2017;7800000;agropecuaria
masculino;servicio;fabrica de;robledo;1;4.0;3/10/2018;7800000;agropecuaria
masculino;servicio;comidas rapidas;santo domingo savio;3;8.0;23/11/2017;3000000;agropecuaria
femenino;industria;panaderia;boston;3;6.0;15/11/2016;3500000;agropecuaria
femenino;comercio;mantenimiento en;guayabal;3;2.0;9/08/2018;7377000;agropecuaria
masculino;servicio;tienda;belen;1;7.0;2/05/2018;7000000;agropecuaria
masculino;servicio;tienda;belen;1;7.0;13/09/2017;7000000;agropecuaria
masculino;servicio;fabrica de;robledo;1;4.0;6/03/2018;7800000;agropecuaria
masculino;servicio;variedades;enciso;1;1.0;28/06/2017;4000000;agropecuaria
femenino;industria;panaderia;calasanz;3;6.0;8/08/2018;1000000;agropecuaria
masculino;servicio;comidas rapidas;manrique central no. 2;1;13.0;6/11/2018;4000000;agropecuaria
femenino;industria;drogueria;el compromiso;2;12.0;26/12/2016;700000;agropecuaria
masculino;servicio;tienda;aranjuez;1;10.0;28/02/2018;6000000;agropecuaria
femenino;comercio;mantenimiento en;andalucia;3;2.0;22/08/2016;7377000;agropecuaria
femenino;comercio;restaurante;villa hermosa;3;2.0;13/02/2017;7377000;agropecuaria
masculino;servicio;variedades;castilla;1;1.0;28/08/2017;5000000;agropecuaria
masculino;servicio;fabrica de;manrique central no. 1;1;4.0;22/06/2018;7800000;agropecuaria
masculino;servicio;fabrica de;robledo;1;4.0;13/02/2018;7800000;agropecuaria
femenino;comercio;distribuidora de;pedregal;3;3.0;7/12/2017;2000000;agropecuaria
masculino;servicio;fabrica de;san javier no.1;1;7.0;22/09/2017;7000000;agropecuaria
masculino;servicio;tienda;belen;1;7.0;31/05/2018;7000000;agropecuaria
femenino;industria;deposito de;alejandro echavarria;2;15.0;14/06/2019;7812420;agropecuaria
femenino;industria;fotografia;la candelaria;2;9.0;14/09/2016;4400000;agropecuaria
masculino;comercio;peluqueria;la milagrosa;3;5.0;15/08/2017;7300000;agropecuaria
masculino;servicio;tienda;buenos aires;1;10.0;1/06/2018;6000000;agropecuaria
masculino;servicio;comidas rapidas;cabecera san antonio;3;8.0;16/11/2016;3000000;agropecuaria
masculino;servicio;comidas rapidas;santo domingo savio;1;13.0;12/07/2016;3000000;agropecuaria
masculino;comercio;almacen de ropa en;barrio caicedo;3;8.0;8/03/2017;6890000;agropecuaria
masculino;servicio;fabrica de;robledo;1;4.0;23/05/2018;7800000;agropecuaria
masculino;servicio;tienda;popular;1;10.0;12/03/2018;6000000;agropecuaria
femenino;industria;marroquineria;el pesebre;2;15.0;17/05/2019;2250000;agropecuaria
masculino;servicio;fabrica de;robledo;1;4.0;10/07/2018;7800000;agropecuaria
masculino;servicio;fabrica de;manrique central no. 1;1;4.0;14/02/2018;7000000;agropecuaria
masculino;servicio;tienda;belen;1;7.0;3/04/2018;7000000;agropecuaria
masculino;servicio;variedades;castilla;1;1.0;22/03/2017;5000000;agropecuaria
masculino;servicio;fabrica de;robledo;1;4.0;3/10/2018;7800000;agropecuaria
masculino;servicio;comidas rapidas;santo domingo savio;1;13.0;24/04/2017;4000000;agropecuaria
masculino;servicio;variedades;castilla;1;1.0;30/04/2018;5000000;agropecuaria
femenino;industria;charcuteria;loreto;2;60.0;20/02/2019;8200000;agropecuaria
femenino;industria;ferreteria;santa lucia;2;60.0;30/08/2016;7500000;agropecuaria
masculino;servicio;fabrica de;san javier no.1;1;7.0;27/04/2018;7000000;agropecuaria
masculino;servicio;comidas rapidas;campo valdes no. 1;3;8.0;22/09/2016;3000000;agropecuaria
masculino;servicio;tienda;belen;1;7.0;7/06/2018;7000000;agropecuaria
masculino;servicio;comidas rapidas;santa cruz;1;13.0;15/06/2018;4000000;agropecuaria
masculino;servicio;variedades;cabecera san cristobal;1;1.0;20/02/2018;5000000;agropecuaria
masculino;servicio;comidas rapidas;santa cruz;1;13.0;8/11/2016;4000000;agropecuaria
femenino;comercio;miscelanea;playon de los;3;3.0;16/11/2018;7370000;agropecuaria
femenino;industria;legumbreria;villa del socorro;2;16.0;9/09/2016;2500000;agropecuaria
masculino;servicio;tienda;aranjuez;1;10.0;20/03/2018;6000000;agropecuaria
femenino;comercio;papeleria;la floresta;3;3.0;8/04/2019;2000000;agropecuaria
masculino;servicio;fabrica de;manrique central no. 1;1;7.0;1/02/2018;7000000;agropecuaria
masculino;servicio;fabrica de;robledo;1;4.0;3/10/2018;7800000;agropecuaria
femenino;industria;fabrica de alimentos;picacho;3;6.0;23/09/2016;6800000;agropecuaria
masculino;servicio;tienda;belen;1;7.0;24/07/2017;7000000;agropecuaria
femenino;industria;fabrica de productos;sucre;2;80.0;19/06/2018;10000000;agropecuaria
masculino;servicio;tienda;aranjuez;1;10.0;30/10/2017;6000000;agropecuaria
femenino;industria;cafe e internet;boston;3;6.0;21/01/2019;3500000;agropecuaria
femenino;comercio;distribuidora de;andalucia;3;3.0;12/09/2016;2000000;agropecuaria
masculino;servicio;fabrica de;robledo;1;4.0;21/02/2018;7800000;agropecuaria
femenino;comercio;fabrica de calzado;florencia;3;6.0;28/02/2019;6800000;agropecuaria
femenino;industria;fabrica de alimentos;santander;3;6.0;4/12/2017;1000000;agropecuaria
masculino;servicio;variedades;enciso;1;13.0;6/10/2017;4000000;agropecuaria
femenino;industria;taller de electronica;la libertad;2;80.0;12/09/2018;20000000;agropecuaria
masculino;servicio;comidas rapidas;campo valdes no. 1;3;8.0;14/02/2017;3000000;agropecuaria
femenino;comercio;mantenimiento en;guayabal;3;2.0;9/10/2017;7377000;agropecuaria
femenino;industria;criadero de animales;villa niza;2;60.0;25/04/2019;8000000;agropecuaria
masculino;comercio;peluqueria;la milagrosa;3;5.0;24/08/2018;7300000;agropecuaria
masculino;servicio;comidas rapidas;santa cruz;1;13.0;23/11/2016;4000000;agropecuaria
masculino;servicio;variedades;cabecera san cristobal;1;1.0;7/04/2017;5000000;agropecuaria
masculino;servicio;variedades;cabecera san cristobal;1;1.0;21/05/2018;5000000;agropecuaria
masculino;servicio;fabrica de;robledo;1;4.0;11/10/2018;7800000;agropecuaria
femenino;comercio;barberia;villatina;3;3.0;14/10/2016;7370000;agropecuaria
femenino;comercio;distribuidora de;pedregal;3;3.0;11/05/2017;2000000;agropecuaria
masculino;servicio;fabrica de;robledo;1;4.0;1/08/2018;7800000;agropecuaria
masculino;servicio;fabrica de;robledo;1;4.0;13/02/2018;7800000;agropecuaria
femenino;comercio;papeleria;aranjuezcito;3;3.0;27/10/2017;2000000;agropecuaria
femenino;comercio;distribuidora de;pedregal;3;3.0;25/01/2017;2000000;agropecuaria
masculino;comercio;almacen de ropa en;barrio caicedo;3;8.0;5/09/2016;6890000;agropecuaria
masculino;servicio;tienda;belen;1;7.0;24/07/2017;7000000;agropecuaria
femenino;industria;cafe e internet;centro admtivo;2;6.0;1/12/2016;3500000;agropecuaria
masculino;servicio;tienda;popular;1;10.0;7/03/2018;5000000;agropecuaria
masculino;servicio;fabrica de;manrique central no. 1;1;7.0;1/02/2018;7000000;agropecuaria
masculino;servicio;fabrica de;manrique central no. 1;1;4.0;25/07/2018;7800000;agropecuaria
masculino;servicio;fabrica de;manrique central no. 1;1;4.0;14/02/2018;7000000;agropecuaria
masculino;servicio;comidas rapidas;campo valdes no. 1;3;8.0;22/09/2016;3000000;agropecuaria
femenino;industria;licorera;vrda. san cristobal;2;15.0;14/03/2019;7350000;agropecuaria
masculino;servicio;variedades;manrique central no. 2;1;13.0;27/02/2018;4000000;agropecuaria
femenino;industria;charcuteria;santa lucia;2;60.0;23/02/2016;7500000;agropecuaria
masculino;servicio;tienda;cabecera san cristobal;1;1.0;22/02/2017;5000000;agropecuaria
masculino;servicio;comidas rapidas;santa cruz;1;13.0;15/11/2018;4000000;agropecuaria
masculino;servicio;fabrica de;manrique central no. 1;1;7.0;1/02/2018;7000000;agropecuaria
femenino;industria;cafe e internet;carpinelo;2;6.0;9/01/2019;3500000;agropecuaria
masculino;servicio;tienda;aranjuez;1;10.0;28/02/2018;6000000;agropecuaria
femenino;comercio;mantenimiento en;el salvador;3;2.0;26/04/2016;7377000;agropecuaria
masculino;servicio;fabrica de;robledo;1;4.0;4/04/2018;7800000;agropecuaria
masculino;servicio;tienda;buenos aires;1;10.0;13/06/2017;6000000;agropecuaria
masculino;servicio;fabrica de;robledo;1;4.0;5/06/2018;7800000;agropecuaria
masculino;comercio;peluqueria;la milagrosa;3;5.0;29/04/2019;7300000;agropecuaria
masculino;servicio;tienda;san javier no.1;1;7.0;20/06/2017;7000000;agropecuaria
masculino;servicio;variedades;castilla;1;1.0;12/12/2017;5000000;agropecuaria
masculino;servicio;fabrica de;robledo;1;4.0;13/02/2018;7800000;agropecuaria
masculino;servicio;fabrica de;robledo;1;4.0;6/02/2018;7800000;agropecuaria
masculino;servicio;fabrica de;robledo;1;4.0;6/03/2018;7800000;agropecuaria
masculino;servicio;comidas rapidas;santo domingo savio;3;13.0;8/08/2017;3000000;agropecuaria
masculino;servicio;tienda;buenos aires;1;10.0;13/06/2017;6000000;agropecuaria
femenino;comercio;miscelanea;villatina;3;3.0;19/07/2018;7370000;agropecuaria
masculino;servicio;variedades;manrique central no. 2;1;13.0;13/10/2017;4000000;agropecuaria
masculino;servicio;tienda;san javier no.1;1;7.0;20/06/2017;7000000;agropecuaria
masculino;servicio;fabrica de;manrique central no. 1;1;4.0;29/08/2018;7800000;agropecuaria
femenino;comercio;restaurante;villa hermosa;3;2.0;22/08/2018;7377000;agropecuaria
masculino;servicio;fabrica de;robledo;1;4.0;25/10/2018;7800000;agropecuaria
femenino;comercio;mantenimiento en;el salvador;3;2.0;18/12/2017;7377000;agropecuaria
masculino;comercio;peluqueria;la milagrosa;3;5.0;15/08/2017;7300000;agropecuaria
femenino;industria;charcuteria;francisco antonio zea;2;60.0;10/02/2017;8200000;agropecuaria
masculino;servicio;fabrica de;san javier no.1;1;7.0;26/07/2017;7000000;agropecuaria
femenino;industria;fabrica de alimentos;picacho;3;6.0;14/12/2016;6800000;agropecuaria
femenino;industria;taller de mecanica;olaya herrera;2;60.0;16/05/2019;6500000;agropecuaria
femenino;industria;productos de belleza;juan xxiii la quiebra;2;16.0;20/03/2019;1500000;agropecuaria
masculino;servicio;tienda;aranjuez;1;10.0;15/03/2018;6000000;agropecuaria
femenino;comercio;papeleria;aranjuezcito;3;3.0;24/11/2017;2000000;agropecuaria
femenino;industria;legumbreria;villa del socorro;2;16.0;3/08/2016;2500000;agropecuaria
masculino;servicio;comidas rapidas;santo domingo savio;3;8.0;23/11/2017;3000000;agropecuaria
masculino;servicio;variedades;cabecera san cristobal;1;1.0;12/10/2017;5000000;agropecuaria
femenino;comercio;papeleria;aranjuezcito;3;3.0;4/10/2016;2000000;agropecuaria
masculino;servicio;variedades;cabecera san cristobal;1;1.0;21/05/2018;5000000;agropecuaria
masculino;servicio;fabrica de;san javier no.1;1;7.0;5/09/2018;7000000;agropecuaria
femenino;industria;recreativo educativo;altavista;2;16.0;6/01/2017;2500000;agropecuaria
masculino;servicio;fabrica de;robledo;1;4.0;25/04/2018;7800000;agropecuaria
masculino;comercio;peluqueria;la milagrosa;3;5.0;5/12/2017;7300000;agropecuaria
femenino;industria;reciclaje;versalles no. 2;2;15.0;21/12/2017;2100000;agropecuaria
masculino;servicio;comidas rapidas;santa cruz;1;13.0;23/07/2018;4000000;agropecuaria
femenino;industria;ebanistaria;nuevos conquistadores;2;12.0;18/12/2018;73000000;agropecuaria
masculino;comercio;almacen de ropa en;barrio caicedo;3;8.0;29/11/2016;6890000;agropecuaria
masculino;servicio;variedades;castilla;1;1.0;5/09/2017;5000000;agropecuaria
femenino;industria;cerrajeria;la esperanza;2;80.0;3/12/2018;6900000;agropecuaria
femenino;industria;variedades de helados;pablo vi;2;60.0;11/08/2016;6500000;agropecuaria
masculino;servicio;tienda;popular;1;10.0;3/02/2017;6000000;agropecuaria
femenino;industria;fabrica de arepas;aures no. 2;2;12.0;19/05/2016;73770000;agropecuaria
masculino;servicio;tienda;cabecera san cristobal;1;1.0;22/02/2017;5000000;agropecuaria
femenino;comercio;distribuidora de;andalucia;3;3.0;12/09/2016;2000000;agropecuaria
masculino;servicio;fabrica de;robledo;1;4.0;3/10/2018;7800000;agropecuaria
femenino;industria;venta de calzado;tejelo;2;80.0;21/10/2016;800000;agropecuaria
femenino;comercio;fabrica de calzado;florencia;3;6.0;28/02/2019;6800000;agropecuaria
masculino;servicio;tienda;aranjuez;1;10.0;15/03/2018;6000000;agropecuaria
femenino;industria;servicios;el rodeo;2;15.0;2016/04/25;1850000;empresarial ed.
masculino;servicio;tienda;popular;1;10.0;20/04/2018;6000000;agropecuaria
femenino;industria;venta de calzado;tejelo;2;80.0;21/10/2016;800000;agropecuaria
masculino;servicio;tienda;popular;1;10.0;20/04/2018;6000000;agropecuaria
femenino;comercio;papeleria;aranjuezcito;3;3.0;22/12/2017;2000000;agropecuaria
masculino;servicio;fabrica de;robledo;1;4.0;24/09/2018;7800000;agropecuaria
masculino;comercio;peluqueria;la milagrosa;3;5.0;3/05/2019;7300000;agropecuaria
masculino;servicio;variedades;castilla;1;1.0;11/04/2018;5000000;agropecuaria
masculino;servicio;tienda;popular;1;10.0;26/09/2017;5000000;agropecuaria
masculino;servicio;fabrica de;robledo;1;4.0;3/10/2018;7800000;agropecuaria
masculino;servicio;comidas rapidas;santo domingo savio;1;13.0;26/10/2016;4000000;agropecuaria
femenino;comercio;barberia;20 de julio;3;3.0;5/12/2018;2000000;agropecuaria
masculino;servicio;tienda;belen;1;7.0;2/05/2018;7000000;agropecuaria
femenino;industria;cafe e internet;boston;2;6.0;21/01/2019;3500000;agropecuaria
masculino;servicio;fabrica de;robledo;1;4.0;24/01/2018;7800000;agropecuaria
femenino;industria;bares;tejelo;2;80.0;12/08/2016;800000;agropecuaria
femenino;industria;carpinteria;toscana;2;9.0;29/12/2017;5500000;agropecuaria
masculino;servicio;variedades;cabecera san cristobal;1;1.0;31/01/2018;5000000;agropecuaria
masculino;servicio;fabrica de;robledo;1;4.0;23/05/2018;7800000;agropecuaria
masculino;servicio;comidas rapidas;manrique central no. 2;1;13.0;22/05/2019;4000000;agropecuaria
femenino;agropecuaria;billares;doce de octubre no.2;2;50.0;2018/03/6;6894550;juridica y cap.semilla
masculino;servicio;fabrica de;manrique central no. 1;1;4.0;23/03/2018;7000000;agropecuaria
masculino;servicio;fabrica de;robledo;1;4.0;24/10/2018;7800000;agropecuaria
femenino;industria;marroquineria;el pesebre;2;15.0;17/05/2019;2250000;agropecuaria
masculino;servicio;fabrica de;robledo;1;4.0;23/05/2018;7800000;agropecuaria
masculino;comercio;almacen de ropa en;barrio caicedo;3;8.0;19/01/2017;6890000;agropecuaria
masculino;servicio;tienda;buenos aires;1;7.0;30/10/2018;6000000;agropecuaria
masculino;servicio;fabrica de;robledo;1;4.0;25/04/2018;7800000;agropecuaria
femenino;comercio;distribuidora de;pedregal;3;3.0;7/12/2017;2000000;agropecuaria
masculino;servicio;comidas rapidas;santa cruz;1;13.0;19/01/2018;4000000;agropecuaria
masculino;servicio;tienda;popular;1;10.0;15/03/2018;6000000;agropecuaria
masculino;comercio;peluqueria;la milagrosa;3;5.0;17/04/2017;7300000;agropecuaria
masculino;comercio;almacen de ropa en;barrio caicedo;3;5.0;26/11/2018;6890000;agropecuaria
masculino;servicio;fabrica de;robledo;1;4.0;25/04/2018;7800000;agropecuaria
masculino;servicio;fabrica de;robledo;1;4.0;24/10/2017;7800000;agropecuaria
masculino;servicio;comidas rapidas;santa cruz;1;13.0;8/11/2016;4000000;agropecuaria
masculino;comercio;peluqueria;doce de octubre no.1;3;5.0;5/08/2016;6890000;agropecuaria
masculino;servicio;tienda;san javier no.1;1;7.0;16/02/2018;7000000;agropecuaria
masculino;servicio;variedades;castilla;1;1.0;22/03/2017;5000000;agropecuaria
femenino;comercio;restaurante;villa hermosa;3;2.0;31/07/2018;7377000;agropecuaria
femenino;industria;variedades de helados;olaya herrera;2;60.0;12/06/2019;6500000;agropecuaria
masculino;servicio;fabrica de;robledo;1;4.0;6/03/2018;7800000;agropecuaria
masculino;comercio;almacen de ropa en;barrio caicedo;3;8.0;2/06/2017;6890000;agropecuaria
femenino;comercio;distribuidora de;pedregal;3;3.0;29/09/2016;2000000;agropecuaria
masculino;servicio;variedades;enciso;1;1.0;6/09/2017;5000000;agropecuaria
masculino;servicio;fabrica de;manrique central no. 1;1;4.0;14/02/2018;7000000;agropecuaria
masculino;servicio;fabrica de;manrique central no. 1;1;4.0;14/02/2018;7000000;agropecuaria
masculino;servicio;tienda;belen;1;7.0;26/04/2018;7000000;agropecuaria
masculino;comercio;peluqueria;moravia;3;2.0;16/12/2016;7300000;agropecuaria
masculino;servicio;variedades;castilla;1;1.0;5/09/2017;5000000;agropecuaria
femenino;industria;venta de calzado;san jose de la cima no.;2;80.0;10/05/2019;7200000;agropecuaria
masculino;servicio;tienda;buenos aires;1;10.0;9/02/2018;6000000;agropecuaria
masculino;servicio;tienda;buenos aires;1;10.0;10/05/2018;6000000;agropecuaria
femenino;industria;fabrica de colchones;pajarito;2;15.0;22/10/2018;7337000;agropecuaria
masculino;comercio;peluqueria;la milagrosa;3;5.0;25/08/2016;7300000;agropecuaria
femenino;industria;cafeteria;llanaditas;2;16.0;10/05/2016;4500000;agropecuaria
masculino;servicio;variedades;enciso;1;1.0;6/09/2017;5000000;agropecuaria
masculino;servicio;fabrica de;robledo;1;4.0;4/04/2018;7800000;agropecuaria
masculino;servicio;comidas rapidas;campo valdes no. 1;3;8.0;22/09/2016;3000000;agropecuaria
femenino;industria;charcuteria;loreto;2;60.0;22/04/2016;8200000;agropecuaria
femenino;industria;fabrica de repuestos;sevilla;2;15.0;10/10/2017;6850000;agropecuaria
femenino;industria;cafe e internet;boston;2;6.0;11/09/2017;3500000;agropecuaria
masculino;servicio;comidas rapidas;cabecera san antonio;3;8.0;29/09/2017;3000000;agropecuaria
femenino;comercio;barberia;20 de julio;3;3.0;11/02/2019;2000000;agropecuaria
masculino;servicio;fabrica de;robledo;1;4.0;26/10/2018;7800000;agropecuaria
femenino;industria;criadero de animales;villa niza;2;60.0;11/12/2017;8000000;agropecuaria
femenino;industria;fabrica de colchones;eduardo santos;2;15.0;2018/04/3;7347000;agropecuaria
femenino;comercio;mantenimiento en;el salvador;3;2.0;19/12/2016;7377000;agropecuaria
femenino;industria;gimnasio;el diamante;2;15.0;21/02/2019;8122200;agropecuaria
masculino;servicio;fabrica de;robledo;1;4.0;25/04/2018;7800000;agropecuaria
masculino;servicio;fabrica de;manrique central no. 1;1;4.0;15/02/2018;7000000;agropecuaria
masculino;servicio;variedades;castilla;1;1.0;17/07/2018;5000000;agropecuaria
femenino;industria;carpinteria;toscana;2;9.0;5/12/2016;8281000;agropecuaria
masculino;servicio;fabrica de;robledo;1;4.0;24/10/2017;7800000;agropecuaria
masculino;servicio;fabrica de;manrique central no. 1;1;7.0;1/02/2018;7000000;agropecuaria
masculino;servicio;variedades;enciso;1;13.0;28/11/2018;4000000;agropecuaria
masculino;servicio;variedades;enciso;1;13.0;28/11/2018;4000000;agropecuaria
masculino;servicio;comidas rapidas;cabecera san antonio;3;8.0;7/03/2017;3000000;agropecuaria
masculino;servicio;tienda;buenos aires;1;7.0;8/02/2018;6000000;agropecuaria
masculino;servicio;almacen de ropa en;campo valdes no. 1;3;8.0;29/06/2017;3000000;agropecuaria
masculino;servicio;comidas rapidas;santo domingo savio;3;8.0;21/03/2018;3000000;agropecuaria
masculino;servicio;fabrica de;robledo;1;4.0;3/10/2018;7800000;agropecuaria
masculino;servicio;tienda;belen;1;7.0;7/06/2018;7000000;agropecuaria
femenino;industria;fabrica de repuestos;las violetas;2;15.0;2018/02/20;6600000;agropecuaria
masculino;servicio;fabrica de;manrique central no. 1;1;7.0;1/02/2018;7000000;agropecuaria
masculino;servicio;tienda;belen;1;7.0;19/04/2018;7000000;agropecuaria
masculino;servicio;fabrica de;robledo;1;4.0;18/10/2018;7800000;agropecuaria
masculino;servicio;tienda;belen;1;7.0;10/04/2018;6000000;agropecuaria
masculino;servicio;tienda;popular;1;10.0;30/05/2018;6000000;agropecuaria
masculino;servicio;comidas rapidas;cabecera san antonio;3;8.0;10/11/2017;3000000;agropecuaria
masculino;servicio;comidas rapidas;manrique central no. 2;1;13.0;7/11/2018;4000000;agropecuaria
masculino;comercio;peluqueria;moravia;3;2.0;16/12/2016;7300000;agropecuaria
femenino;industria;cerrajeria;la esperanza;2;80.0;5/02/2019;6900000;agropecuaria
masculino;servicio;comidas rapidas;cabecera san antonio;3;8.0;30/03/2017;3000000;agropecuaria
femenino;industria;legumbreria;trinidad;2;16.0;16/08/2018;2500000;agropecuaria
masculino;servicio;fabrica de;robledo;1;4.0;14/09/2018;7800000;agropecuaria
masculino;servicio;tienda;belen;1;7.0;2/05/2018;7000000;agropecuaria
masculino;servicio;tienda;buenos aires;1;10.0;28/05/2018;6000000;agropecuaria
masculino;comercio;peluqueria;moravia;3;2.0;11/07/2017;7300000;agropecuaria
masculino;servicio;tienda;belen;1;7.0;22/03/2018;7000000;agropecuaria
femenino;industria;criadero de animales;boyaca;2;60.0;19/06/2019;8000000;agropecuaria
masculino;servicio;fabrica de;robledo;1;4.0;22/05/2018;7800000;agropecuaria
femenino;industria;panaderia;calasanz;3;6.0;30/12/2016;1000000;agropecuaria
masculino;servicio;variedades;castilla;1;1.0;12/12/2017;5000000;agropecuaria
femenino;comercio;restaurante;villa hermosa;3;2.0;30/05/2017;7377000;agropecuaria
femenino;comercio;papeleria;aranjuezcito;3;3.0;27/10/2017;2000000;agropecuaria
masculino;servicio;tienda;buenos aires;1;7.0;18/04/2017;6000000;agropecuaria
masculino;servicio;tienda;cabecera san cristobal;1;10.0;12/07/2017;5000000;agropecuaria
masculino;servicio;tienda;popular;1;10.0;30/05/2018;6000000;agropecuaria
femenino;industria;ferreteria;kennedy;2;60.0;10/06/2016;7500000;agropecuaria
masculino;servicio;comidas rapidas;santa cruz;1;13.0;28/11/2017;4000000;agropecuaria
masculino;servicio;variedades;cabecera san cristobal;1;1.0;12/10/2017;5000000;agropecuaria
femenino;industria;recreativo educativo;altavista;2;16.0;19/02/2018;4500000;agropecuaria
masculino;servicio;tienda;popular;1;10.0;11/10/2017;6000000;agropecuaria
masculino;comercio;peluqueria;moravia;3;2.0;22/01/2019;7300000;agropecuaria
masculino;servicio;comidas rapidas;santa cruz;1;13.0;23/11/2016;4000000;agropecuaria
femenino;comercio;miscelanea;villatina;3;3.0;28/04/2017;7370000;agropecuaria
masculino;servicio;comidas rapidas;santa cruz;1;13.0;29/11/2017;4000000;agropecuaria
masculino;servicio;fabrica de;robledo;1;4.0;5/06/2018;7800000;agropecuaria
masculino;servicio;tienda;buenos aires;1;10.0;1/06/2018;6000000;agropecuaria
femenino;industria;granero;belalcazar;2;9.0;18/02/2016;1200000;agropecuaria
femenino;comercio;barberia;villatina;3;3.0;22/02/2019;7370000;agropecuaria
femenino;industria;fabrica de alimentos;santander;3;6.0;25/01/2019;1000000;agropecuaria
masculino;servicio;tienda;popular;1;10.0;31/10/2017;6000000;agropecuaria
femenino;industria;fabrica de helados;san diego;2;9.0;27/06/2016;5500000;agropecuaria
masculino;servicio;fabrica de;manrique central no. 1;1;4.0;16/04/2018;7800000;agropecuaria
masculino;servicio;fabrica de;robledo;1;4.0;24/09/2018;7800000;agropecuaria
masculino;servicio;fabrica de;robledo;1;4.0;3/10/2018;7800000;agropecuaria
femenino;industria;carpinteria;toscana;2;9.0;15/04/2016;8281000;agropecuaria
masculino;servicio;tienda;buenos aires;1;7.0;21/03/2017;6000000;agropecuaria
femenino;comercio;papeleria;la floresta;3;3.0;19/10/2016;2000000;agropecuaria
masculino;servicio;fabrica de;robledo;1;4.0;25/04/2018;7800000;agropecuaria
femenino;industria;venta de calzado;tejelo;2;80.0;21/10/2016;800000;agropecuaria
masculino;servicio;tienda;buenos aires;1;7.0;13/12/2016;6000000;agropecuaria
femenino;industria;licorera;la cruz;2;15.0;26/03/2019;12000000;agropecuaria
masculino;servicio;tienda;buenos aires;1;7.0;13/12/2016;6000000;agropecuaria
femenino;comercio;restaurante;villa hermosa;3;2.0;31/07/2018;7377000;agropecuaria
femenino;comercio;restaurante;el salvador;3;2.0;4/12/2018;7377000;agropecuaria
femenino;comercio;miscelanea;playon de los;3;3.0;5/06/2019;7370000;agropecuaria
femenino;comercio;mantenimiento en;andalucia;3;2.0;20/04/2017;7377000;agropecuaria
masculino;servicio;almacen de ropa en;campo valdes no. 1;3;8.0;17/08/2017;3000000;agropecuaria
masculino;servicio;tienda;buenos aires;1;7.0;1/03/2018;6000000;agropecuaria
masculino;servicio;fabrica de;san javier no.1;1;7.0;17/05/2018;7000000;agropecuaria
masculino;servicio;variedades;enciso;1;1.0;17/11/2017;5000000;agropecuaria
masculino;servicio;tienda;aranjuez;1;10.0;12/02/2018;6000000;agropecuaria
masculino;servicio;fabrica de;manrique central no. 1;1;7.0;6/07/2018;7000000;agropecuaria
masculino;servicio;comidas rapidas;santa cruz;1;13.0;18/09/2017;4000000;agropecuaria
femenino;comercio;barberia;la floresta;3;3.0;8/02/2017;2000000;agropecuaria
masculino;servicio;comidas rapidas;cabecera san antonio;3;8.0;30/08/2017;3000000;agropecuaria
femenino;comercio;restaurante;villa hermosa;3;2.0;7/10/2016;7377000;agropecuaria
masculino;servicio;tienda;buenos aires;1;7.0;12/06/2017;6000000;agropecuaria
masculino;comercio;peluqueria;la milagrosa;3;5.0;24/08/2018;7300000;agropecuaria
masculino;servicio;variedades;castilla;1;1.0;22/03/2017;5000000;agropecuaria
femenino;industria;carpinteria;13 de noviembre;2;9.0;6/02/2019;8281000;agropecuaria
femenino;agropecuaria;fabrica de ceramica;las granjas;2;90.0;10/01/2017;6160000;microempresarial
femenino;industria;ebanistaria;cristo rey;2;12.0;6/04/2016;782000;agropecuaria
masculino;servicio;fabrica de;robledo;1;4.0;24/10/2018;7800000;agropecuaria
masculino;servicio;fabrica de;robledo;1;4.0;11/10/2018;7800000;agropecuaria
masculino;servicio;tienda;buenos aires;1;10.0;9/02/2018;6000000;agropecuaria
femenino;industria;fabrica de helados;lopez de mesa;2;9.0;15/01/2018;7812000;agropecuaria
masculino;servicio;variedades;manrique central no. 2;1;13.0;3/05/2018;4000000;agropecuaria
masculino;servicio;fabrica de;robledo;1;4.0;23/05/2018;7800000;agropecuaria
masculino;servicio;variedades;cabecera san cristobal;1;1.0;7/04/2017;5000000;agropecuaria
femenino;comercio;papeleria;pedregal;3;3.0;30/07/2018;2000000;agropecuaria
masculino;servicio;fabrica de;robledo;1;4.0;26/10/2018;7800000;agropecuaria
masculino;servicio;variedades;enciso;1;1.0;18/05/2018;5000000;agropecuaria
masculino;servicio;variedades;castilla;1;1.0;4/08/2017;5000000;agropecuaria
masculino;servicio;fabrica de;robledo;1;4.0;1/08/2018;7800000;agropecuaria
masculino;servicio;comidas rapidas;manrique central no. 2;1;13.0;28/07/2017;4000000;agropecuaria
masculino;servicio;fabrica de;robledo;1;4.0;13/02/2018;7800000;agropecuaria
femenino;industria;fabrica de productos;miranda;2;80.0;1/08/2016;4300000;agropecuaria
masculino;servicio;fabrica de;robledo;1;4.0;3/10/2018;7800000;agropecuaria
femenino;industria;fabrica de alimentos;picacho;3;6.0;15/05/2017;6800000;agropecuaria
masculino;servicio;comidas rapidas;manrique central no. 2;1;13.0;22/05/2019;4000000;agropecuaria
masculino;servicio;variedades;enciso;1;13.0;26/04/2017;4000000;agropecuaria
masculino;servicio;variedades;manrique central no. 2;1;13.0;18/10/2017;4000000;agropecuaria
masculino;servicio;variedades;cabecera san cristobal;1;1.0;18/07/2017;5000000;agropecuaria
femenino;comercio;miscelanea;villatina;3;3.0;4/08/2016;7370000;agropecuaria
femenino;industria;bares;tricentenario;2;80.0;4/04/2016;30000000;agropecuaria
femenino;comercio;barberia;20 de julio;3;3.0;26/07/2018;7370000;agropecuaria
masculino;servicio;fabrica de;manrique central no. 1;1;4.0;14/02/2018;7000000;agropecuaria
femenino;industria;cafe e internet;centro admtivo;2;6.0;26/01/2017;3500000;agropecuaria
femenino;comercio;miscelanea;villatina;3;3.0;28/09/2017;7370000;agropecuaria
femenino;comercio;papeleria;la floresta;3;3.0;8/04/2019;2000000;agropecuaria
masculino;servicio;comidas rapidas;santo domingo savio;3;8.0;21/03/2018;3000000;agropecuaria
masculino;servicio;tienda;belen;1;7.0;23/05/2017;6000000;agropecuaria
masculino;servicio;variedades;castilla;1;1.0;5/10/2016;5000000;agropecuaria
femenino;industria;charcuteria;francisco antonio zea;2;60.0;31/05/2019;8200000;agropecuaria
masculino;servicio;almacen de ropa en;campo valdes no. 1;3;8.0;4/09/2017;3000000;agropecuaria
masculino;servicio;fabrica de;robledo;1;4.0;6/02/2018;7800000;agropecuaria
masculino;servicio;fabrica de;robledo;1;4.0;25/04/2018;7800000;agropecuaria
masculino;servicio;tienda;cabecera san cristobal;1;10.0;12/07/2017;5000000;agropecuaria
masculino;servicio;fabrica de;robledo;1;4.0;22/05/2018;7800000;agropecuaria
masculino;servicio;variedades;castilla;1;1.0;4/08/2017;5000000;agropecuaria
femenino;comercio;mantenimiento en;guayabal;3;2.0;22/12/2016;7377000;agropecuaria
femenino;industria;fabrica de alimentos;picacho;3;6.0;15/03/2017;6800000;agropecuaria
masculino;servicio;fabrica de;manrique central no. 1;1;4.0;16/04/2018;7800000;agropecuaria
femenino;industria;lavanderia;san german;2;12.0;28/01/2019;7600000;agropecuaria
masculino;servicio;fabrica de;robledo;1;4.0;11/10/2018;7800000;agropecuaria
femenino;industria;cerrajeria;la esperanza;2;80.0;5/02/2019;6900000;agropecuaria
masculino;servicio;variedades;manrique central no. 2;1;13.0;17/08/2018;4000000;agropecuaria
masculino;servicio;tienda;buenos aires;1;7.0;16/05/2018;6000000;agropecuaria
femenino;comercio;restaurante;villa hermosa;3;2.0;15/09/2017;7377000;agropecuaria
femenino;industria;cafe e internet;carpinelo;2;6.0;9/01/2019;3500000;agropecuaria
masculino;servicio;fabrica de;robledo;1;4.0;25/10/2018;7800000;agropecuaria
masculino;servicio;fabrica de;robledo;1;4.0;6/02/2018;7800000;agropecuaria
femenino;industria;taller de mecanica;olaya herrera;2;60.0;27/10/2016;6500000;agropecuaria
masculino;comercio;almacen de ropa en;manrique oriental;3;5.0;13/11/2018;6890000;agropecuaria
masculino;comercio;almacen de ropa en;manrique oriental;3;5.0;13/11/2018;6890000;agropecuaria
femenino;agropecuaria;fumigacion;san isidro;2;50.0;2018/11/1;1250000;credioportuno
femenino;comercio;restaurante;villa hermosa;3;2.0;13/02/2017;7377000;agropecuaria
femenino;industria;fabrica de calzado;florencia;3;6.0;17/01/2018;6800000;agropecuaria
femenino;industria;lavanderia;palermo;2;12.0;29/11/2018;17000000;agropecuaria
masculino;servicio;tienda;aranjuez;1;10.0;28/02/2018;6000000;agropecuaria
masculino;servicio;tienda;aranjuez;1;10.0;12/02/2018;6000000;agropecuaria
masculino;servicio;tienda;buenos aires;1;10.0;9/02/2018;6000000;agropecuaria
masculino;servicio;fabrica de;manrique central no. 1;1;4.0;23/03/2018;7000000;agropecuaria
masculino;servicio;variedades;enciso;1;1.0;19/04/2017;5000000;agropecuaria
masculino;servicio;comidas rapidas;santo domingo savio;1;13.0;25/10/2017;4000000;agropecuaria
femenino;industria;taller de mecanica;olaya herrera;2;60.0;12/06/2019;6500000;agropecuaria
masculino;comercio;peluqueria;doce de octubre no.1;3;5.0;18/11/2016;7300000;agropecuaria
masculino;servicio;comidas rapidas;santo domingo savio;3;8.0;23/11/2017;3000000;agropecuaria
masculino;servicio;tienda;aranjuez;1;10.0;28/02/2018;6000000;agropecuaria
femenino;comercio;mantenimiento en;guayabal;3;2.0;5/03/2019;7377000;agropecuaria
masculino;servicio;fabrica de;robledo;1;4.0;11/05/2018;7800000;agropecuaria
masculino;comercio;almacen de ropa en;manrique oriental;3;5.0;24/10/2016;6890000;agropecuaria
masculino;servicio;fabrica de;san javier no.1;1;7.0;27/04/2018;7000000;agropecuaria
masculino;servicio;variedades;castilla;1;1.0;26/02/2018;5000000;agropecuaria
masculino;servicio;tienda;aranjuez;1;10.0;2/11/2017;6000000;agropecuaria
femenino;agropecuaria;fumigacion;travesias;2;50.0;19/01/2016;73777000;credioportuno
masculino;servicio;tienda;aranjuez;1;10.0;28/02/2018;6000000;agropecuaria
masculino;comercio;peluqueria;manrique oriental;3;5.0;12/05/2017;6890000;agropecuaria
femenino;comercio;miscelanea;playon de los;3;3.0;10/04/2019;7370000;agropecuaria
femenino;industria;sembrados;la pradera;2;60.0;1/03/2016;7500000;agropecuaria
masculino;servicio;variedades;cabecera san cristobal;1;1.0;18/07/2017;5000000;agropecuaria
masculino;servicio;fabrica de;san javier no.1;1;7.0;22/09/2017;7000000;agropecuaria
masculino;servicio;fabrica de;robledo;1;4.0;5/07/2018;7800000;agropecuaria
masculino;servicio;tienda;belen;1;7.0;24/07/2017;7000000;agropecuaria
masculino;servicio;tienda;aranjuez;1;10.0;18/06/2018;6000000;agropecuaria
femenino;industria;variedades naturista;la avanzada;2;80.0;4/02/2016;19000000;agropecuaria
masculino;servicio;tienda;aranjuez;1;10.0;20/09/2018;6000000;agropecuaria
masculino;servicio;comidas rapidas;santo domingo savio;3;13.0;13/03/2019;3000000;agropecuaria
masculino;servicio;tienda;popular;1;10.0;20/11/2017;6000000;agropecuaria
masculino;servicio;comidas rapidas;campo valdes no. 1;3;8.0;14/02/2017;3000000;agropecuaria
masculino;servicio;fabrica de;robledo;1;4.0;26/10/2018;7800000;agropecuaria
masculino;comercio;peluqueria;moravia;3;2.0;31/08/2017;7300000;agropecuaria
femenino;agropecuaria;productos de mar;brasilia;2;70.0;22/01/2016;6440000;juridica y cap.semilla
masculino;servicio;comidas rapidas;santo domingo savio;1;13.0;19/08/2016;4000000;agropecuaria
masculino;servicio;fabrica de;robledo;1;4.0;24/10/2017;7800000;agropecuaria
masculino;servicio;variedades;manrique central no. 2;1;13.0;22/11/2016;4000000;agropecuaria
masculino;comercio;almacen de ropa en;barrio caicedo;3;8.0;5/09/2016;6890000;agropecuaria
masculino;servicio;comidas rapidas;santa cruz;1;13.0;6/07/2017;4000000;agropecuaria
masculino;servicio;fabrica de;san javier no.1;1;7.0;26/07/2017;7000000;agropecuaria
femenino;comercio;mantenimiento en;guayabal;3;2.0;7/07/2017;7377000;agropecuaria
femenino;agropecuaria;fabrica de velas;villa turbay;2;14.0;2018/03/2;257230;credioportuno
masculino;servicio;almacen de ropa en;campo valdes no. 1;3;8.0;1/11/2018;3000000;agropecuaria
masculino;servicio;comidas rapidas;santo domingo savio;3;8.0;21/03/2018;3000000;agropecuaria
femenino;industria;venta de calzado;tejelo;2;80.0;10/05/2019;800000;agropecuaria
femenino;comercio;fabrica de calzado;florencia;3;6.0;28/02/2019;6800000;agropecuaria
femenino;comercio;mantenimiento en;guayabal;3;2.0;13/04/2018;7377000;agropecuaria
masculino;servicio;tienda;popular;1;10.0;10/09/2018;6000000;agropecuaria
masculino;servicio;tienda;buenos aires;1;10.0;10/05/2018;6000000;agropecuaria
masculino;servicio;fabrica de;manrique central no. 1;1;4.0;23/03/2018;7000000;agropecuaria
femenino;industria;joyeria;jardin botanico;2;12.0;21/06/2019;4136000;agropecuaria
masculino;servicio;fabrica de;robledo;1;4.0;6/02/2018;7800000;agropecuaria
masculino;comercio;peluqueria;la milagrosa;3;5.0;5/12/2017;7300000;agropecuaria
masculino;servicio;tienda;aranjuez;1;10.0;21/06/2018;6000000;agropecuaria
masculino;servicio;fabrica de;robledo;1;4.0;7/11/2017;7800000;agropecuaria
masculino;servicio;comidas rapidas;campo valdes no. 1;3;8.0;22/09/2016;3000000;agropecuaria
masculino;servicio;variedades;manrique central no. 2;1;13.0;18/10/2017;4000000;agropecuaria
masculino;servicio;tienda;belen;1;7.0;7/06/2018;7000000;agropecuaria
femenino;comercio;fabrica de calzado;florencia;3;6.0;1/04/2019;6800000;agropecuaria
femenino;industria;carpinteria;toscana;2;9.0;27/06/2019;5500000;agropecuaria
femenino;comercio;papeleria;la floresta;3;3.0;19/10/2016;2000000;agropecuaria
femenino;industria;organización y;la libertad;2;80.0;6/07/2016;8280000;agropecuaria
masculino;servicio;fabrica de;robledo;1;4.0;11/05/2018;7800000;agropecuaria
femenino;industria;fabrica de calzado;florencia;3;6.0;17/01/2018;6800000;agropecuaria
masculino;servicio;tienda;buenos aires;1;10.0;1/06/2018;6000000;agropecuaria
masculino;servicio;fabrica de;san javier no.1;1;7.0;26/07/2017;7000000;agropecuaria
masculino;servicio;comidas rapidas;santo domingo savio;1;13.0;5/04/2018;3000000;agropecuaria
femenino;industria;fabrica de calzado;picacho;3;6.0;18/02/2019;6800000;agropecuaria
masculino;servicio;tienda;belen;1;7.0;13/09/2017;7000000;agropecuaria
masculino;servicio;variedades;manrique central no. 2;1;13.0;27/02/2018;4000000;agropecuaria
masculino;servicio;comidas rapidas;campo valdes no. 1;3;8.0;3/08/2017;3000000;agropecuaria
femenino;industria;variedades de helados;girardot;2;60.0;6/04/2017;8200000;agropecuaria
femenino;industria;panaderia;santa elena central;3;6.0;24/11/2016;1000000;agropecuaria
femenino;industria;legumbreria;las palmas;2;16.0;3/10/2016;2500000;agropecuaria
masculino;comercio;peluqueria;la milagrosa;3;5.0;17/04/2017;7300000;agropecuaria
masculino;servicio;fabrica de;manrique central no. 1;1;4.0;4/05/2018;7000000;agropecuaria
masculino;comercio;almacen de ropa en;barrio caicedo;3;8.0;6/03/2017;6890000;agropecuaria
femenino;industria;carpinteria;san diego;2;9.0;30/01/2019;5500000;agropecuaria
masculino;servicio;fabrica de;manrique central no. 1;1;4.0;27/06/2018;7000000;agropecuaria
femenino;industria;fabrica de arepas;la colina;2;12.0;6/12/2016;4800000;agropecuaria
masculino;servicio;tienda;popular;1;10.0;7/03/2018;5000000;agropecuaria
femenino;industria;granero;palmitas;2;80.0;16/06/2016;1200000;agropecuaria
femenino;comercio;miscelanea;granizal;3;6.0;30/01/2017;7370000;agropecuaria
femenino;agropecuaria;marqueteria;naranjal;2;90.0;2016/09/26;7700000;empresarial ed.
masculino;servicio;variedades;manrique central no. 2;1;13.0;18/10/2017;4000000;agropecuaria
masculino;servicio;variedades;castilla;1;1.0;12/06/2018;5000000;agropecuaria
femenino;industria;ebanistaria;nuevos conquistadores;2;12.0;10/12/2018;3300000;agropecuaria
femenino;industria;fabrica de helados;san diego;2;9.0;27/06/2016;5500000;agropecuaria
femenino;industria;fabrica de helados;san diego;2;9.0;20/05/2016;5500000;agropecuaria
masculino;comercio;almacen de ropa en;barrio caicedo;3;8.0;29/11/2016;6890000;agropecuaria
femenino;industria;organización y;campo valdes no. 2;2;80.0;3/04/2019;8280000;agropecuaria
masculino;servicio;fabrica de;san javier no.1;1;7.0;7/05/2018;7000000;agropecuaria
femenino;industria;fabrica de calzado;florencia;3;6.0;14/09/2017;6800000;agropecuaria
femenino;industria;granero;belalcazar;2;9.0;15/08/2018;1200000;agropecuaria
femenino;industria;legumbreria;trinidad;2;16.0;17/10/2017;2500000;agropecuaria
femenino;comercio;papeleria;aranjuezcito;3;3.0;27/10/2017;2000000;agropecuaria
masculino;servicio;fabrica de;robledo;1;4.0;18/10/2018;7800000;agropecuaria
masculino;servicio;fabrica de;robledo;1;4.0;6/03/2018;7800000;agropecuaria
masculino;servicio;variedades;manrique central no. 2;1;13.0;6/08/2018;4000000;agropecuaria
masculino;servicio;tienda;aranjuez;1;10.0;2/11/2017;6000000;agropecuaria
femenino;comercio;mantenimiento en;guayabal;3;2.0;1/03/2017;7377000;agropecuaria
masculino;servicio;fabrica de;robledo;1;4.0;25/10/2018;7800000;agropecuaria
femenino;industria;sembrados;prado;2;9.0;13/06/2019;8281000;agropecuaria
masculino;servicio;fabrica de;robledo;1;4.0;6/03/2018;7800000;agropecuaria
masculino;servicio;tienda;belen;1;7.0;16/02/2018;7000000;agropecuaria
femenino;industria;fabrica de productos;miranda;2;80.0;1/08/2016;4300000;agropecuaria
masculino;servicio;tienda;aranjuez;1;10.0;21/06/2018;6000000;agropecuaria
masculino;servicio;tienda;belen;1;7.0;21/03/2017;6000000;agropecuaria
femenino;comercio;papeleria;aranjuezcito;3;3.0;27/10/2017;2000000;agropecuaria
masculino;servicio;variedades;cabecera san cristobal;1;1.0;27/07/2018;5000000;agropecuaria
femenino;industria;cerrajeria;san javier no.2;2;80.0;17/06/2016;5200000;agropecuaria
femenino;industria;legumbreria;trinidad;2;16.0;18/06/2019;2500000;agropecuaria
masculino;servicio;tienda;belen;1;7.0;2/05/2018;7000000;agropecuaria
femenino;industria;bares;tricentenario;2;80.0;24/05/2016;30000000;agropecuaria
masculino;servicio;variedades;castilla;1;1.0;11/04/2018;5000000;agropecuaria
masculino;servicio;tienda;belen;1;7.0;31/10/2018;7000000;agropecuaria
femenino;comercio;fabrica de calzado;granizal;3;6.0;14/07/2017;7370000;agropecuaria
femenino;comercio;distribuidora de;andalucia;3;3.0;23/02/2018;2000000;agropecuaria
masculino;servicio;tienda;popular;1;10.0;3/02/2017;6000000;agropecuaria
masculino;servicio;tienda;cabecera san cristobal;1;1.0;11/10/2016;5000000;agropecuaria
femenino;comercio;mantenimiento en;el salvador;3;2.0;19/12/2016;7377000;agropecuaria
masculino;servicio;fabrica de;manrique central no. 1;1;4.0;27/06/2018;7000000;agropecuaria
masculino;servicio;tienda;belen;1;7.0;19/04/2018;7000000;agropecuaria
femenino;industria;variedades de helados;girardot;2;60.0;6/04/2017;8200000;agropecuaria
femenino;industria;fabrica de productos;sucre;2;80.0;9/03/2016;10000000;agropecuaria
femenino;industria;sembrados;la pradera;2;9.0;13/05/2019;7500000;agropecuaria
masculino;servicio;variedades;castilla;1;1.0;5/10/2016;5000000;agropecuaria
masculino;servicio;variedades;enciso;1;13.0;16/03/2018;4000000;agropecuaria
masculino;comercio;almacen de ropa en;barrio caicedo;3;8.0;5/09/2016;6890000;agropecuaria
femenino;industria;fabrica de repuestos;sevilla;2;15.0;2/04/2019;6600000;agropecuaria
masculino;servicio;fabrica de;robledo;1;4.0;4/04/2018;7800000;agropecuaria
masculino;servicio;tienda;buenos aires;1;7.0;16/05/2018;6000000;agropecuaria
masculino;servicio;variedades;cabecera san cristobal;1;1.0;20/02/2018;5000000;agropecuaria
femenino;industria;publicidad y;la america;2;9.0;7/05/2019;4400000;agropecuaria
femenino;industria;fabrica de calzado;florencia;3;6.0;14/09/2017;6800000;agropecuaria
masculino;servicio;fabrica de;san javier no.1;1;7.0;22/09/2017;7000000;agropecuaria
femenino;industria;ferreteria;kennedy;2;60.0;1/12/2017;7500000;agropecuaria
femenino;industria;ferreteria;kennedy;2;60.0;1/12/2017;7500000;agropecuaria
masculino;servicio;variedades;castilla;1;1.0;4/08/2017;5000000;agropecuaria
femenino;comercio;mantenimiento en;andalucia;3;2.0;26/08/2016;7377000;agropecuaria
masculino;servicio;tienda;belen;1;7.0;31/05/2018;7000000;agropecuaria
masculino;servicio;tienda;cabecera san cristobal;1;1.0;4/07/2018;5000000;agropecuaria
masculino;servicio;tienda;belen;1;7.0;19/04/2018;7000000;agropecuaria
femenino;industria;recreativo educativo;altavista;2;16.0;10/10/2016;4500000;agropecuaria
femenino;comercio;barberia;la floresta;3;3.0;13/12/2018;2000000;agropecuaria
masculino;servicio;tienda;belen;1;7.0;22/03/2018;7000000;agropecuaria
femenino;comercio;papeleria;aranjuezcito;3;3.0;5/10/2017;2000000;agropecuaria
femenino;industria;marroquineria;bello horizonte;2;15.0;2017/02/23;2400000;agropecuaria
masculino;servicio;tienda;popular;1;10.0;26/09/2017;5000000;agropecuaria
masculino;servicio;fabrica de;robledo;1;4.0;6/03/2018;7800000;agropecuaria
femenino;industria;fabrica de productos;miranda;2;80.0;20/06/2016;4300000;agropecuaria
masculino;servicio;comidas rapidas;santo domingo savio;3;8.0;10/11/2016;3000000;agropecuaria
masculino;servicio;fabrica de;robledo;1;4.0;24/01/2018;7800000;agropecuaria
masculino;servicio;almacen de ropa en;campo valdes no. 1;3;8.0;6/02/2017;3000000;agropecuaria
femenino;industria;fabrica de arepas;la colina;2;12.0;6/12/2016;4800000;agropecuaria
femenino;industria;cafe e internet;centro admtivo;2;6.0;28/03/2019;3500000;agropecuaria
masculino;servicio;fabrica de;robledo;1;4.0;24/10/2017;7800000;agropecuaria
femenino;industria;sembrados;prado;2;9.0;6/06/2019;8281000;agropecuaria
femenino;agropecuaria;floristeria;las esmeraldas;2;90.0;2017/08/23;6895000;microempresarial
femenino;industria;recreativo educativo;alfonso lopez;2;16.0;17/03/2016;4500000;agropecuaria
masculino;servicio;tienda;buenos aires;1;7.0;13/12/2016;6000000;agropecuaria
femenino;industria;ferreteria;la pradera;2;60.0;20/05/2019;7500000;agropecuaria
masculino;servicio;fabrica de;manrique central no. 1;1;4.0;23/03/2018;7000000;agropecuaria
femenino;industria;variedades naturista;el chagualo;2;80.0;28/12/2018;16000000;agropecuaria
masculino;servicio;variedades;cabecera san cristobal;1;1.0;7/04/2017;5000000;agropecuaria
masculino;servicio;comidas rapidas;santa cruz;1;13.0;19/01/2018;4000000;agropecuaria
masculino;servicio;fabrica de;manrique central no. 1;1;7.0;14/11/2018;7000000;agropecuaria
masculino;servicio;comidas rapidas;cabecera san antonio;3;8.0;10/11/2017;3000000;agropecuaria
masculino;servicio;variedades;castilla;1;1.0;5/09/2017;5000000;agropecuaria
masculino;servicio;comidas rapidas;santa cruz;1;13.0;28/11/2017;4000000;agropecuaria
masculino;servicio;tienda;aranjuez;1;10.0;30/10/2017;6000000;agropecuaria
masculino;servicio;variedades;cabecera san cristobal;1;1.0;19/07/2017;5000000;agropecuaria
masculino;comercio;peluqueria;doce de octubre no.1;3;5.0;12/09/2017;7300000;agropecuaria
masculino;servicio;fabrica de;robledo;1;4.0;21/02/2018;7800000;agropecuaria
femenino;comercio;barberia;villatina;3;3.0;4/08/2016;7370000;agropecuaria
masculino;comercio;peluqueria;moravia;3;2.0;20/10/2017;7300000;agropecuaria
masculino;servicio;variedades;enciso;1;1.0;28/06/2017;4000000;agropecuaria
femenino;industria;joyeria;villa guadalupe;2;12.0;17/08/2016;2800000;agropecuaria
femenino;comercio;restaurante;moravia;3;2.0;8/06/2017;7300000;agropecuaria
masculino;comercio;almacen de ropa en;manrique oriental;3;5.0;21/02/2017;6890000;agropecuaria
masculino;servicio;almacen de ropa en;campo valdes no. 1;3;8.0;1/11/2018;3000000;agropecuaria
masculino;servicio;fabrica de;robledo;1;4.0;11/10/2018;7800000;agropecuaria
masculino;servicio;fabrica de;manrique central no. 1;1;4.0;23/03/2018;7000000;agropecuaria
masculino;comercio;peluqueria;moravia;3;2.0;13/08/2018;7300000;agropecuaria
femenino;comercio;restaurante;el salvador;3;2.0;9/06/2017;7377000;agropecuaria
femenino;comercio;distribuidora de;pedregal;3;3.0;8/06/2016;2000000;agropecuaria
femenino;industria;fotografia;la candelaria;2;9.0;22/11/2018;4400000;agropecuaria
masculino;servicio;comidas rapidas;santa cruz;1;13.0;18/09/2017;4000000;agropecuaria
femenino;comercio;restaurante;villa hermosa;3;2.0;9/08/2017;7377000;agropecuaria
masculino;servicio;tienda;buenos aires;1;7.0;16/05/2018;6000000;agropecuaria
masculino;comercio;peluqueria;moravia;3;2.0;15/06/2017;7300000;agropecuaria
masculino;servicio;comidas rapidas;cabecera san antonio;3;8.0;20/02/2017;3000000;agropecuaria
femenino;industria;carniceria;san benito;2;12.0;23/06/2016;3400000;agropecuaria
femenino;industria;fabrica de colchones;pajarito;2;15.0;2/03/2016;63000000;agropecuaria
masculino;comercio;peluqueria;doce de octubre no.1;3;5.0;17/02/2017;6890000;agropecuaria
masculino;servicio;variedades;cabecera san cristobal;1;1.0;19/07/2017;5000000;agropecuaria
femenino;industria;panaderia;santa elena central;3;6.0;15/03/2019;1000000;agropecuaria
masculino;servicio;comidas rapidas;santa cruz;1;13.0;23/07/2018;4000000;agropecuaria
masculino;servicio;fabrica de;robledo;1;4.0;3/10/2018;7800000;agropecuaria
masculino;servicio;fabrica de;robledo;1;4.0;25/05/2018;7800000;agropecuaria
masculino;servicio;tienda;popular;1;10.0;11/08/2017;5000000;agropecuaria
femenino;comercio;miscelanea;granizal;3;6.0;2/05/2017;7370000;agropecuaria
masculino;servicio;variedades;manrique central no. 2;1;13.0;13/10/2017;4000000;agropecuaria
masculino;servicio;variedades;castilla;1;1.0;5/10/2016;5000000;agropecuaria
masculino;servicio;fabrica de;manrique central no. 1;1;4.0;13/07/2017;7800000;agropecuaria
masculino;servicio;variedades;manrique central no. 2;1;13.0;3/05/2018;4000000;agropecuaria
masculino;servicio;fabrica de;robledo;1;4.0;25/05/2018;7800000;agropecuaria
masculino;servicio;fabrica de;robledo;1;4.0;5/07/2018;7800000;agropecuaria
masculino;servicio;fabrica de;robledo;1;4.0;11/10/2018;7800000;agropecuaria
masculino;servicio;fabrica de;robledo;1;4.0;6/02/2018;7800000;agropecuaria
femenino;agropecuaria;mensajeria;la esperanza no. 2;2;90.0;12/12/2018;17236350;microempresarial
femenino;comercio;mantenimiento en;guayabal;3;2.0;9/10/2017;7377000;agropecuaria
femenino;agropecuaria;marqueteria;naranjal;2;90.0;21/07/2016;40000000;empresarial ed.
masculino;servicio;fabrica de;san javier no.1;1;7.0;23/02/2017;7000000;agropecuaria
masculino;comercio;almacen de ropa en;manrique oriental;3;5.0;16/05/2017;6890000;agropecuaria
masculino;servicio;fabrica de;robledo;1;4.0;11/10/2018;7800000;agropecuaria
masculino;servicio;fabrica de;robledo;1;4.0;11/05/2018;7800000;agropecuaria
masculino;servicio;almacen de ropa en;campo valdes no. 1;3;8.0;4/09/2017;3000000;agropecuaria
masculino;servicio;comidas rapidas;campo valdes no. 1;3;8.0;28/10/2016;3000000;agropecuaria
masculino;servicio;comidas rapidas;santa cruz;1;13.0;6/07/2017;4000000;agropecuaria
masculino;servicio;tienda;cabecera san cristobal;1;1.0;22/02/2017;5000000;agropecuaria
masculino;comercio;peluqueria;doce de octubre no.1;3;5.0;24/07/2018;7300000;agropecuaria
masculino;comercio;almacen de ropa en;manrique oriental;3;5.0;5/06/2017;6890000;agropecuaria
masculino;servicio;fabrica de;robledo;1;4.0;11/10/2018;7800000;agropecuaria
masculino;comercio;peluqueria;la milagrosa;3;5.0;3/05/2019;7300000;agropecuaria
masculino;servicio;fabrica de;robledo;1;4.0;14/09/2018;7800000;agropecuaria
femenino;comercio;restaurante;el salvador;3;2.0;27/02/2017;7377000;agropecuaria
femenino;industria;sembrados;la pradera;2;60.0;1/03/2016;7500000;agropecuaria
femenino;comercio;restaurante;moravia;3;2.0;24/05/2017;7300000;agropecuaria
femenino;industria;taller de electronica;la sierra;2;80.0;9/06/2016;6400000;agropecuaria
masculino;servicio;fabrica de;robledo;1;4.0;13/02/2018;7800000;agropecuaria
masculino;servicio;fabrica de;manrique central no. 1;1;4.0;13/07/2017;7800000;agropecuaria
femenino;comercio;distribuidora de;pedregal;3;3.0;11/05/2017;2000000;agropecuaria
femenino;comercio;barberia;20 de julio;3;3.0;18/03/2019;7370000;agropecuaria
masculino;servicio;fabrica de;robledo;1;4.0;3/10/2018;7800000;agropecuaria
masculino;servicio;variedades;castilla;1;1.0;28/08/2017;5000000;agropecuaria
masculino;comercio;almacen de ropa en;manrique oriental;3;5.0;13/11/2018;6890000;agropecuaria
masculino;servicio;comidas rapidas;manrique central no. 2;1;13.0;11/07/2018;4000000;agropecuaria
masculino;servicio;fabrica de;robledo;1;4.0;11/05/2018;7800000;agropecuaria
femenino;industria;gimnasio;el corazon;2;15.0;2018/11/20;14;empresarial ed.
masculino;servicio;fabrica de;robledo;1;4.0;22/05/2018;7800000;agropecuaria
masculino;servicio;tienda;buenos aires;1;7.0;18/04/2017;6000000;agropecuaria
masculino;servicio;almacen de ropa en;campo valdes no. 1;3;8.0;1/11/2018;3000000;agropecuaria
masculino;servicio;comidas rapidas;cabecera san antonio;3;8.0;10/11/2017;3000000;agropecuaria
femenino;industria;joyeria;villa guadalupe;2;12.0;2018/06/15;3200000;agropecuaria
femenino;comercio;fabrica de calzado;florencia;3;6.0;1/04/2019;6800000;agropecuaria
masculino;comercio;almacen de ropa en;manrique oriental;3;5.0;27/09/2018;6890000;agropecuaria
masculino;servicio;fabrica de;robledo;1;4.0;14/09/2018;7800000;agropecuaria
masculino;servicio;fabrica de;robledo;1;4.0;24/10/2017;7800000;agropecuaria
masculino;servicio;variedades;enciso;1;1.0;26/01/2018;5000000;agropecuaria
masculino;servicio;tienda;aranjuez;1;10.0;12/02/2018;6000000;agropecuaria
masculino;servicio;tienda;belen;1;7.0;23/05/2017;6000000;agropecuaria
masculino;servicio;fabrica de;manrique central no. 1;1;7.0;14/11/2018;7000000;agropecuaria
femenino;industria;carniceria;aguas frias;2;12.0;18/01/2016;5600000;agropecuaria
masculino;servicio;variedades;castilla;1;1.0;5/10/2016;5000000;agropecuaria
femenino;industria;organización y;la esperanza;2;80.0;26/04/2019;14000000;agropecuaria
femenino;industria;taller de electronica;la loma;2;80.0;23/01/2019;6400000;agropecuaria
masculino;servicio;variedades;castilla;1;1.0;11/04/2018;5000000;agropecuaria
masculino;servicio;tienda;aranjuez;1;10.0;27/03/2017;6000000;agropecuaria
femenino;comercio;barberia;villatina;3;3.0;12/10/2016;7370000;agropecuaria
femenino;comercio;distribuidora de;andalucia;3;2.0;2/03/2017;7377000;agropecuaria
masculino;servicio;almacen de ropa en;campo valdes no. 1;3;8.0;18/08/2017;3000000;agropecuaria
masculino;servicio;comidas rapidas;manrique central no. 2;1;13.0;11/07/2018;4000000;agropecuaria
masculino;servicio;fabrica de;robledo;1;4.0;5/06/2018;7800000;agropecuaria
femenino;comercio;fabrica de calzado;granizal;3;6.0;21/07/2017;7370000;agropecuaria
masculino;servicio;tienda;aranjuez;1;10.0;2/08/2018;6000000;agropecuaria
femenino;industria;ebanistaria;cristo rey;2;12.0;4/04/2019;782000;agropecuaria
masculino;servicio;tienda;aranjuez;1;10.0;27/03/2017;6000000;agropecuaria
masculino;comercio;peluqueria;la milagrosa;3;5.0;29/04/2019;7300000;agropecuaria
masculino;servicio;tienda;belen;1;7.0;9/05/2017;7000000;agropecuaria
masculino;servicio;tienda;aranjuez;1;10.0;9/03/2018;6000000;agropecuaria
masculino;servicio;tienda;aranjuez;1;10.0;18/06/2018;6000000;agropecuaria
masculino;servicio;tienda;buenos aires;1;7.0;1/03/2018;6000000;agropecuaria
masculino;servicio;tienda;aranjuez;1;10.0;20/09/2018;6000000;agropecuaria
masculino;servicio;fabrica de;manrique central no. 1;1;4.0;16/04/2018;7800000;agropecuaria
masculino;servicio;fabrica de;robledo;1;4.0;25/10/2018;7800000;agropecuaria
masculino;servicio;fabrica de;robledo;1;4.0;14/03/2018;7800000;agropecuaria
masculino;servicio;tienda;aranjuez;1;10.0;18/01/2019;6000000;agropecuaria
masculino;servicio;fabrica de;san javier no.1;1;7.0;30/01/2018;7000000;agropecuaria
masculino;servicio;fabrica de;robledo;1;4.0;25/04/2018;7800000;agropecuaria
femenino;comercio;mantenimiento en;guayabal;3;2.0;9/10/2017;7377000;agropecuaria
femenino;agropecuaria;fabrica de traperos;suburbano barro;2;11.0;7/02/2019;22131510;fomento agropecuario
masculino;servicio;tienda;buenos aires;1;10.0;13/06/2017;6000000;agropecuaria
femenino;agropecuaria;venta de;mirador del doce;2;11.0;19/02/2016;232313;fomento agropecuario
masculino;servicio;fabrica de;robledo;1;4.0;14/03/2018;7800000;agropecuaria
masculino;servicio;tienda;popular;1;10.0;25/01/2018;6000000;agropecuaria
masculino;servicio;fabrica de;manrique central no. 1;1;7.0;14/11/2018;7000000;agropecuaria
masculino;servicio;comidas rapidas;santo domingo savio;1;13.0;24/04/2017;4000000;agropecuaria
masculino;servicio;comidas rapidas;cabecera san antonio;3;8.0;16/11/2016;3000000;agropecuaria
masculino;servicio;comidas rapidas;cabecera san antonio;3;8.0;7/03/2017;3000000;agropecuaria
femenino;industria;fabrica de muebles;versalles no. 1;2;12.0;28/04/2016;7377170;agropecuaria
femenino;industria;sembrados;la pradera;2;60.0;1/03/2016;7500000;agropecuaria
masculino;servicio;variedades;enciso;1;13.0;9/11/2017;4000000;agropecuaria
femenino;comercio;mantenimiento en;el salvador;3;2.0;16/03/2017;7377000;agropecuaria
masculino;servicio;tienda;aranjuez;1;10.0;3/05/2017;6000000;agropecuaria
masculino;servicio;tienda;belen;1;7.0;16/02/2018;7000000;agropecuaria
masculino;comercio;almacen de ropa en;manrique oriental;3;5.0;3/04/2017;6890000;agropecuaria
masculino;servicio;tienda;aranjuez;1;10.0;17/07/2017;6000000;agropecuaria
masculino;servicio;variedades;enciso;1;1.0;8/03/2018;4000000;agropecuaria
femenino;comercio;distribuidora de;pedregal;3;3.0;11/05/2017;2000000;agropecuaria
femenino;industria;marroquineria;juan pablo ii;2;15.0;18/01/2018;2700000;agropecuaria
masculino;servicio;fabrica de;manrique central no. 1;1;4.0;7/12/2016;7800000;agropecuaria
femenino;industria;recreativo educativo;alfonso lopez;2;16.0;4/02/2019;4500000;agropecuaria
femenino;comercio;barberia;20 de julio;3;3.0;13/12/2018;2000000;agropecuaria
femenino;industria;taller de mecanica;olaya herrera;2;60.0;16/05/2016;6500000;agropecuaria
masculino;servicio;tienda;belen;1;7.0;31/05/2018;7000000;agropecuaria
femenino;comercio;barberia;20 de julio;3;3.0;26/07/2018;7370000;agropecuaria
masculino;servicio;variedades;enciso;1;1.0;4/07/2017;5000000;agropecuaria
masculino;servicio;comidas rapidas;cabecera san antonio;3;8.0;13/01/2017;3000000;agropecuaria
femenino;industria;reciclaje;versalles no. 2;2;15.0;21/12/2017;7360000;agropecuaria
masculino;servicio;variedades;cabecera san cristobal;1;1.0;19/07/2017;5000000;agropecuaria
masculino;servicio;tienda;buenos aires;1;10.0;9/03/2017;6000000;agropecuaria
masculino;servicio;comidas rapidas;cabecera san antonio;3;8.0;27/11/2017;3000000;agropecuaria
femenino;comercio;mantenimiento en;el salvador;3;2.0;18/12/2017;7377000;agropecuaria
masculino;servicio;comidas rapidas;santo domingo savio;3;13.0;13/03/2019;3000000;agropecuaria
masculino;servicio;tienda;buenos aires;1;10.0;9/03/2017;6000000;agropecuaria
masculino;servicio;tienda;aranjuez;1;10.0;20/09/2018;6000000;agropecuaria
masculino;servicio;tienda;aranjuez;1;10.0;27/03/2017;6000000;agropecuaria
masculino;servicio;comidas rapidas;cabecera san antonio;3;8.0;16/01/2018;3000000;agropecuaria
femenino;comercio;mantenimiento en;andalucia;3;2.0;20/04/2017;7377000;agropecuaria
masculino;servicio;tienda;aranjuez;1;10.0;9/03/2018;6000000;agropecuaria
femenino;industria;criadero de animales;villa niza;2;60.0;25/04/2019;8000000;agropecuaria
femenino;comercio;papeleria;aranjuezcito;3;3.0;15/06/2016;2000000;agropecuaria
femenino;industria;cafe e internet;centro admtivo;2;6.0;1/12/2016;3500000;agropecuaria
masculino;servicio;tienda;aranjuez;1;10.0;9/03/2018;6000000;agropecuaria
masculino;servicio;fabrica de;robledo;1;4.0;25/04/2018;7800000;agropecuaria
masculino;servicio;fabrica de;robledo;1;4.0;11/05/2018;7800000;agropecuaria
masculino;servicio;tienda;buenos aires;1;7.0;3/07/2018;6000000;agropecuaria
masculino;servicio;comidas rapidas;santo domingo savio;1;13.0;12/07/2016;3000000;agropecuaria
femenino;industria;variedades de helados;girardot;2;60.0;11/08/2016;6500000;agropecuaria
masculino;servicio;tienda;aranjuez;1;10.0;8/05/2018;6000000;agropecuaria
masculino;comercio;peluqueria;la milagrosa;3;5.0;26/09/2016;7300000;agropecuaria
masculino;servicio;comidas rapidas;cabecera san antonio;3;8.0;20/02/2017;3000000;agropecuaria
masculino;servicio;tienda;buenos aires;1;7.0;18/04/2017;6000000;agropecuaria
masculino;servicio;tienda;aranjuez;1;10.0;8/05/2018;6000000;agropecuaria
masculino;servicio;tienda;belen;1;7.0;2/03/2018;7000000;agropecuaria
femenino;industria;fabrica de helados;lopez de mesa;2;9.0;15/01/2018;7812000;agropecuaria
masculino;servicio;variedades;enciso;1;1.0;24/04/2018;5000000;agropecuaria
femenino;comercio;peluqueria;moravia;3;2.0;8/06/2017;7300000;agropecuaria
masculino;comercio;almacen de ropa en;barrio caicedo;3;5.0;1/09/2017;6890000;agropecuaria
masculino;servicio;variedades;cabecera san cristobal;1;1.0;30/06/2017;5000000;agropecuaria
masculino;servicio;variedades;castilla;1;1.0;17/03/2017;5000000;agropecuaria
femenino;industria;reciclaje;zona expansion san;2;15.0;24/01/2019;781000;agropecuaria
femenino;industria;publicidad y;el socorro;2;9.0;27/11/2018;7812000;agropecuaria
femenino;comercio;mantenimiento en;guayabal;3;2.0;17/05/2017;7377000;agropecuaria
masculino;servicio;comidas rapidas;campo valdes no. 1;3;8.0;28/10/2016;3000000;agropecuaria
masculino;servicio;comidas rapidas;cabecera san antonio;3;8.0;3/08/2017;3000000;agropecuaria
femenino;industria;fotografia;la america;2;9.0;11/06/2019;4400000;agropecuaria
masculino;servicio;fabrica de;manrique central no. 1;1;7.0;6/07/2018;7000000;agropecuaria
masculino;servicio;fabrica de;san javier no.1;1;7.0;26/07/2017;7000000;agropecuaria
femenino;industria;cafe e internet;centro admtivo;2;6.0;23/06/2017;3500000;agropecuaria
masculino;servicio;variedades;castilla;1;1.0;6/06/2018;5000000;agropecuaria
femenino;comercio;restaurante;villa hermosa;3;2.0;13/02/2017;7377000;agropecuaria
femenino;industria;servicios;el rodeo;2;15.0;2016/04/25;2600000;empresarial ed.
masculino;servicio;fabrica de;manrique central no. 1;1;4.0;14/02/2018;7000000;agropecuaria
masculino;servicio;tienda;popular;1;10.0;13/07/2018;6000000;agropecuaria
masculino;servicio;tienda;belen;1;7.0;31/10/2018;7000000;agropecuaria
masculino;servicio;tienda;aranjuez;1;10.0;12/02/2018;6000000;agropecuaria
masculino;servicio;variedades;cabecera san cristobal;1;1.0;17/04/2018;5000000;agropecuaria
masculino;servicio;tienda;buenos aires;1;7.0;3/07/2018;6000000;agropecuaria
femenino;industria;cafeteria;juan xxiii la quiebra;2;16.0;15/09/2016;1500000;agropecuaria
femenino;comercio;mantenimiento en;andalucia;3;2.0;5/04/2016;7377000;agropecuaria
femenino;comercio;fabrica de calzado;granizal;3;6.0;21/07/2017;7370000;agropecuaria
masculino;servicio;comidas rapidas;santo domingo savio;1;13.0;25/10/2017;4000000;agropecuaria
masculino;servicio;fabrica de;manrique central no. 1;1;4.0;9/07/2018;7000000;agropecuaria
masculino;servicio;comidas rapidas;santo domingo savio;1;13.0;24/05/2018;3000000;agropecuaria
femenino;industria;productos de belleza;san pablo;2;16.0;5/04/2019;1500000;agropecuaria
masculino;comercio;peluqueria;moravia;3;5.0;24/08/2018;7300000;agropecuaria
femenino;industria;recreativo educativo;alfonso lopez;2;16.0;19/02/2018;4500000;agropecuaria
masculino;servicio;tienda;popular;1;10.0;30/05/2018;6000000;agropecuaria
masculino;comercio;almacen de ropa en;barrio caicedo;3;8.0;5/04/2017;6890000;agropecuaria
masculino;servicio;tienda;buenos aires;1;7.0;30/10/2018;6000000;agropecuaria
masculino;servicio;fabrica de;robledo;1;4.0;3/10/2018;7800000;agropecuaria
femenino;industria;montallantas;el triunfo;2;12.0;2/02/2016;5300000;agropecuaria
masculino;servicio;tienda;popular;1;10.0;20/11/2017;6000000;agropecuaria
femenino;industria;productos de belleza;san pablo;2;16.0;14/12/2018;1500000;agropecuaria
femenino;industria;publicidad y;el socorro;2;9.0;11/07/2016;7812000;agropecuaria
masculino;servicio;tienda;belen;1;7.0;31/10/2018;7000000;agropecuaria
femenino;industria;organización y;campo valdes no. 2;2;80.0;3/04/2019;8280000;agropecuaria
masculino;servicio;comidas rapidas;cabecera san antonio;3;8.0;28/03/2017;3000000;agropecuaria
femenino;industria;criadero de animales;villa niza;2;60.0;19/09/2016;8000000;agropecuaria
masculino;servicio;fabrica de;robledo;1;4.0;25/04/2018;7800000;agropecuaria
masculino;servicio;fabrica de;manrique central no. 1;1;7.0;1/02/2018;7000000;agropecuaria
masculino;servicio;tienda;belen;1;7.0;19/04/2018;7000000;agropecuaria
masculino;servicio;variedades;castilla;1;1.0;4/08/2017;5000000;agropecuaria
masculino;servicio;tienda;buenos aires;1;10.0;9/02/2018;6000000;agropecuaria
masculino;servicio;variedades;manrique central no. 2;1;13.0;6/08/2018;4000000;agropecuaria
masculino;comercio;peluqueria;moravia;3;2.0;5/05/2017;7300000;agropecuaria
femenino;industria;taller de mecanica;picachito;2;60.0;20/02/2016;6500000;agropecuaria
femenino;industria;variedades de helados;girardot;2;60.0;24/02/2017;8200000;agropecuaria
femenino;industria;legumbreria;las palmas;2;16.0;8/07/2016;2500000;agropecuaria
masculino;servicio;fabrica de;robledo;1;4.0;24/10/2017;7800000;agropecuaria
femenino;comercio;miscelanea;granizal;3;6.0;3/09/2018;7370000;agropecuaria
masculino;comercio;almacen de ropa en;barrio caicedo;3;8.0;6/03/2017;6890000;agropecuaria
masculino;servicio;fabrica de;manrique central no. 1;1;7.0;16/07/2018;7000000;agropecuaria
femenino;comercio;restaurante;villa hermosa;3;2.0;7/10/2016;7377000;agropecuaria
femenino;comercio;distribuidora de;pedregal;3;3.0;23/08/2016;2000000;agropecuaria
femenino;industria;drogueria;el compromiso;2;12.0;30/04/2019;700000;agropecuaria
masculino;servicio;tienda;belen;1;7.0;9/05/2017;7000000;agropecuaria
masculino;servicio;tienda;aranjuez;1;10.0;2/08/2018;6000000;agropecuaria
femenino;industria;sembrados;prado;2;9.0;10/08/2016;8281000;agropecuaria
masculino;servicio;fabrica de;robledo;1;4.0;26/10/2018;7800000;agropecuaria
femenino;agropecuaria;venta de lacteos;san martin de porres;2;90.0;14/02/2019;650000;empresarial ed.
masculino;servicio;comidas rapidas;santa cruz;1;13.0;21/06/2017;4000000;agropecuaria
masculino;servicio;variedades;castilla;1;1.0;8/11/2017;5000000;agropecuaria
masculino;servicio;variedades;manrique central no. 2;1;13.0;22/11/2016;4000000;agropecuaria
masculino;servicio;fabrica de;robledo;1;4.0;6/02/2018;7800000;agropecuaria
masculino;comercio;peluqueria;moravia;3;2.0;15/06/2017;7300000;agropecuaria
femenino;industria;legumbreria;trinidad;2;16.0;16/08/2018;2500000;agropecuaria
femenino;industria;bares;tricentenario;2;80.0;4/04/2016;30000000;agropecuaria
masculino;servicio;comidas rapidas;santo domingo savio;1;13.0;26/10/2016;4000000;agropecuaria
femenino;industria;charcuteria;francisco antonio zea;2;60.0;8/08/2016;8200000;agropecuaria
masculino;servicio;fabrica de;san javier no.1;1;7.0;12/04/2018;7000000;agropecuaria
femenino;comercio;papeleria;aranjuezcito;3;3.0;15/06/2016;2000000;agropecuaria
masculino;servicio;fabrica de;robledo;1;4.0;11/10/2018;7800000;agropecuaria
masculino;servicio;tienda;buenos aires;1;10.0;14/06/2018;6000000;agropecuaria
femenino;industria;fabrica de helados;san diego;2;9.0;27/06/2016;5500000;agropecuaria
femenino;industria;recreativo educativo;altavista;2;16.0;13/07/2016;4500000;agropecuaria
femenino;industria;marroquineria;bello horizonte;2;15.0;20/12/2017;6350000;agropecuaria
masculino;servicio;variedades;castilla;1;1.0;24/08/2017;5000000;agropecuaria
femenino;industria;carpinteria;13 de noviembre;2;9.0;29/08/2016;8281000;agropecuaria
femenino;comercio;restaurante;el salvador;3;2.0;9/06/2017;7377000;agropecuaria
masculino;servicio;tienda;aranjuez;1;10.0;19/05/2017;6000000;agropecuaria
masculino;servicio;comidas rapidas;cabecera san antonio;3;8.0;30/03/2017;3000000;agropecuaria
femenino;industria;recreativo educativo;las palmas;2;16.0;30/09/2016;2500000;agropecuaria
masculino;servicio;variedades;castilla;1;1.0;26/02/2018;5000000;agropecuaria
masculino;servicio;tienda;popular;1;10.0;31/10/2017;6000000;agropecuaria
femenino;industria;productos de belleza;san pablo;2;16.0;27/05/2016;1500000;agropecuaria
femenino;industria;panaderia;boston;3;6.0;3/06/2016;3500000;agropecuaria
femenino;industria;publicidad y;blanquizal;2;9.0;19/04/2016;7812000;agropecuaria
masculino;comercio;peluqueria;moravia;3;2.0;11/07/2017;7300000;agropecuaria
masculino;servicio;fabrica de;robledo;1;4.0;13/02/2018;7800000;agropecuaria
masculino;servicio;tienda;popular;1;10.0;11/10/2017;6000000;agropecuaria
femenino;industria;fabrica de repuestos;el vergel;2;15.0;17/09/2018;3800000;agropecuaria
masculino;comercio;almacen de ropa en;barrio caicedo;3;8.0;23/03/2017;6890000;agropecuaria
masculino;servicio;tienda;popular;1;10.0;20/04/2018;6000000;agropecuaria
masculino;comercio;peluqueria;la milagrosa;3;5.0;12/04/2016;7300000;agropecuaria
masculino;servicio;fabrica de;san javier no.1;1;7.0;13/03/2018;7000000;agropecuaria
masculino;servicio;tienda;belen;1;7.0;2/03/2018;7000000;agropecuaria
femenino;industria;fabrica de colchones;pajarito;2;15.0;22/10/2018;7337000;agropecuaria
femenino;industria;cafe e internet;carpinelo;2;6.0;23/08/2017;3500000;agropecuaria
masculino;servicio;fabrica de;manrique central no. 1;1;4.0;25/07/2018;7800000;agropecuaria
masculino;servicio;comidas rapidas;santa cruz;1;13.0;28/11/2017;4000000;agropecuaria
femenino;industria;cafeteria;llanaditas;2;16.0;15/07/2016;4500000;agropecuaria
masculino;servicio;tienda;popular;1;10.0;19/09/2017;5000000;agropecuaria
masculino;servicio;tienda;popular;1;10.0;13/07/2018;6000000;agropecuaria
masculino;servicio;variedades;castilla;1;1.0;22/03/2017;5000000;agropecuaria
femenino;industria;servicios;ocho de marzo;2;15.0;16/10/2018;23000000;empresarial ed.
femenino;industria;ferreteria;kennedy;2;60.0;1/09/2016;7500000;agropecuaria
femenino;industria;cafeteria;llanaditas;2;16.0;7/09/2016;4500000;agropecuaria
femenino;industria;panaderia;santa elena central;3;6.0;24/11/2016;1000000;agropecuaria
masculino;servicio;comidas rapidas;santa cruz;1;13.0;18/09/2017;4000000;agropecuaria
femenino;industria;venta de calzado;tejelo;2;80.0;21/10/2016;800000;agropecuaria
femenino;industria;criadero de animales;villa del socorro;2;60.0;11/11/2016;8000000;agropecuaria
femenino;comercio;distribuidora de;pedregal;3;3.0;11/05/2017;2000000;agropecuaria
femenino;industria;fabrica de alimentos;picacho;3;6.0;23/09/2016;6800000;agropecuaria
masculino;servicio;fabrica de;san javier no.1;1;7.0;27/04/2018;7000000;agropecuaria
femenino;industria;panaderia;calasanz;3;6.0;3/11/2017;1000000;agropecuaria
femenino;comercio;restaurante;villa hermosa;3;2.0;31/07/2018;7377000;agropecuaria
femenino;comercio;miscelanea;villatina;3;3.0;28/09/2017;7370000;agropecuaria
masculino;servicio;comidas rapidas;cabecera san antonio;3;8.0;28/03/2017;3000000;agropecuaria
femenino;comercio;distribuidora de;pedregal;3;3.0;8/06/2016;2000000;agropecuaria
femenino;comercio;restaurante;villa hermosa;3;2.0;25/09/2017;7377000;agropecuaria
masculino;servicio;tienda;buenos aires;1;7.0;8/02/2018;6000000;agropecuaria
femenino;industria;productos de belleza;la francia;2;16.0;22/11/2017;1500000;agropecuaria
masculino;servicio;variedades;cabecera san cristobal;1;1.0;26/02/2018;5000000;agropecuaria
femenino;comercio;barberia;20 de julio;3;3.0;4/04/2017;2000000;agropecuaria
femenino;industria;panaderia;santa elena central;3;6.0;15/03/2019;1000000;agropecuaria
masculino;servicio;fabrica de;san javier no.1;1;7.0;27/04/2018;7000000;agropecuaria
femenino;comercio;restaurante;villa hermosa;3;2.0;15/09/2017;7377000;agropecuaria
masculino;servicio;fabrica de;manrique central no. 1;1;4.0;16/04/2018;7800000;agropecuaria
masculino;servicio;tienda;belen;1;7.0;26/04/2018;7000000;agropecuaria
masculino;servicio;tienda;aranjuez;1;10.0;15/03/2018;6000000;agropecuaria
masculino;servicio;variedades;enciso;1;13.0;16/03/2018;4000000;agropecuaria
femenino;industria;fabrica de helados;lopez de mesa;2;9.0;11/05/2016;5500000;agropecuaria
femenino;industria;taller de mecanica;boyaca;2;60.0;27/02/2019;8000000;agropecuaria
masculino;servicio;tienda;belen;1;7.0;31/10/2018;7000000;agropecuaria
masculino;servicio;comidas rapidas;santa cruz;1;13.0;23/11/2016;4000000;agropecuaria
femenino;industria;panaderia;santa elena central;3;6.0;24/11/2016;1000000;agropecuaria
masculino;servicio;tienda;belen;1;7.0;31/10/2018;7000000;agropecuaria
masculino;servicio;fabrica de;manrique central no. 1;1;7.0;5/02/2018;7000000;agropecuaria
masculino;servicio;tienda;buenos aires;1;7.0;30/10/2018;6000000;agropecuaria
masculino;servicio;variedades;manrique central no. 2;1;13.0;22/11/2016;4000000;agropecuaria
femenino;comercio;mantenimiento en;guayabal;3;2.0;13/04/2018;7377000;agropecuaria
femenino;industria;carpinteria;13 de noviembre;2;9.0;6/02/2019;8281000;agropecuaria
femenino;industria;carpinteria;toscana;2;9.0;29/12/2017;5500000;agropecuaria
femenino;comercio;distribuidora de;pedregal;3;3.0;11/05/2017;2000000;agropecuaria
masculino;servicio;variedades;castilla;1;1.0;22/03/2017;5000000;agropecuaria
femenino;industria;panaderia;santa elena central;3;6.0;5/05/2016;1000000;agropecuaria
masculino;servicio;tienda;buenos aires;1;10.0;13/06/2017;6000000;agropecuaria
masculino;servicio;comidas rapidas;santa cruz;1;13.0;13/02/2019;4000000;agropecuaria
masculino;servicio;variedades;manrique central no. 2;1;13.0;3/05/2018;4000000;agropecuaria
femenino;comercio;distribuidora de;pedregal;3;3.0;28/02/2017;2000000;agropecuaria
femenino;industria;sembrados;la pradera;2;9.0;13/05/2019;7500000;agropecuaria
femenino;industria;cafe e internet;carpinelo;2;6.0;9/01/2019;3500000;agropecuaria
femenino;comercio;papeleria;aranjuezcito;3;3.0;24/02/2016;2000000;agropecuaria
masculino;servicio;fabrica de;manrique central no. 1;1;4.0;7/12/2016;7800000;agropecuaria
masculino;servicio;fabrica de;manrique central no. 1;1;4.0;9/07/2018;7000000;agropecuaria
femenino;comercio;restaurante;moravia;3;2.0;24/05/2017;7300000;agropecuaria
masculino;servicio;comidas rapidas;santo domingo savio;3;13.0;8/08/2017;3000000;agropecuaria
masculino;servicio;variedades;castilla;1;1.0;4/08/2017;5000000;agropecuaria
masculino;servicio;fabrica de;robledo;1;4.0;22/05/2018;7800000;agropecuaria
masculino;comercio;almacen de ropa en;barrio caicedo;3;8.0;8/03/2017;6890000;agropecuaria
femenino;comercio;miscelanea;playon de los;3;3.0;2/12/2016;7370000;agropecuaria
femenino;industria;joyeria;villa guadalupe;2;12.0;17/08/2016;2800000;agropecuaria
femenino;comercio;restaurante;villa hermosa;3;2.0;25/09/2017;7377000;agropecuaria
masculino;servicio;tienda;cabecera san cristobal;1;1.0;31/05/2017;5000000;agropecuaria
masculino;servicio;fabrica de;robledo;1;4.0;25/04/2018;7800000;agropecuaria
masculino;servicio;fabrica de;robledo;1;4.0;18/10/2018;7800000;agropecuaria
masculino;servicio;tienda;buenos aires;1;7.0;13/12/2016;6000000;agropecuaria
femenino;industria;charcuteria;francisco antonio zea;2;60.0;18/07/2016;8200000;agropecuaria
femenino;industria;fabrica de alimentos;santander;3;6.0;4/12/2017;1000000;agropecuaria
femenino;industria;criadero de animales;villa niza;2;60.0;27/08/2018;8000000;agropecuaria
masculino;servicio;tienda;popular;1;10.0;12/03/2018;6000000;agropecuaria
femenino;comercio;restaurante;villa hermosa;3;2.0;15/09/2017;7377000;agropecuaria
masculino;servicio;variedades;castilla;1;1.0;4/08/2017;5000000;agropecuaria
masculino;servicio;tienda;buenos aires;1;10.0;26/10/2017;6000000;agropecuaria
femenino;industria;fotografia;la candelaria;2;9.0;22/11/2018;4400000;agropecuaria
masculino;servicio;tienda;aranjuez;1;10.0;30/10/2017;6000000;agropecuaria
masculino;servicio;fabrica de;san javier no.1;1;7.0;13/03/2018;7000000;agropecuaria
masculino;comercio;peluqueria;doce de octubre no.1;3;5.0;13/09/2016;7300000;agropecuaria
femenino;comercio;restaurante;villa hermosa;3;2.0;4/03/2016;7377000;agropecuaria
masculino;servicio;fabrica de;robledo;1;4.0;24/09/2018;7800000;agropecuaria
masculino;comercio;almacen de ropa en;barrio caicedo;3;8.0;16/02/2017;6890000;agropecuaria
masculino;servicio;tienda;cabecera san cristobal;1;10.0;12/07/2017;5000000;agropecuaria
masculino;servicio;fabrica de;san javier no.1;1;7.0;12/04/2018;7000000;agropecuaria
femenino;comercio;mantenimiento en;guayabal;3;2.0;26/04/2016;7377000;agropecuaria
masculino;servicio;fabrica de;manrique central no. 1;1;7.0;6/07/2018;7000000;agropecuaria
femenino;comercio;distribuidora de;pedregal;3;3.0;13/03/2017;2000000;agropecuaria
femenino;industria;fabrica de helados;san diego;2;9.0;20/05/2016;5500000;agropecuaria
masculino;comercio;almacen de ropa en;manrique oriental;3;5.0;13/11/2018;6890000;agropecuaria
masculino;servicio;fabrica de;san javier no.1;1;7.0;9/05/2018;7000000;agropecuaria
femenino;industria;cafeteria;juan xxiii la quiebra;2;16.0;20/03/2019;1500000;agropecuaria
masculino;servicio;comidas rapidas;santo domingo savio;1;13.0;26/10/2016;4000000;agropecuaria
masculino;servicio;tienda;aranjuez;1;10.0;8/05/2018;6000000;agropecuaria
femenino;industria;variedades de helados;pablo vi;2;60.0;10/07/2017;6500000;agropecuaria
femenino;industria;carpinteria;toscana;2;9.0;15/04/2016;8281000;agropecuaria
masculino;servicio;comidas rapidas;santo domingo savio;1;13.0;19/08/2016;4000000;agropecuaria
masculino;servicio;comidas rapidas;manrique central no. 2;1;13.0;7/11/2018;4000000;agropecuaria
masculino;servicio;comidas rapidas;santa cruz;1;13.0;8/11/2016;4000000;agropecuaria
masculino;comercio;almacen de ropa en;barrio caicedo;3;8.0;6/03/2017;6890000;agropecuaria
femenino;comercio;fabrica de calzado;florencia;3;6.0;23/01/2018;6800000;agropecuaria
masculino;servicio;comidas rapidas;cabecera san antonio;3;8.0;3/03/2017;3000000;agropecuaria
masculino;servicio;variedades;castilla;1;1.0;24/08/2017;5000000;agropecuaria
femenino;agropecuaria;venta de pollos;progreso;2;70.0;18/09/2018;7373000;microempresarial
masculino;servicio;fabrica de;manrique central no. 1;1;4.0;29/08/2018;7800000;agropecuaria
masculino;comercio;peluqueria;moravia;3;2.0;20/10/2017;7300000;agropecuaria
femenino;industria;taller de mecanica;picachito;2;60.0;12/05/2016;8000000;agropecuaria
masculino;servicio;variedades;enciso;1;13.0;1/06/2017;4000000;agropecuaria
masculino;servicio;tienda;buenos aires;1;10.0;9/03/2017;6000000;agropecuaria
femenino;comercio;papeleria;la floresta;3;3.0;17/11/2016;2000000;agropecuaria
masculino;servicio;comidas rapidas;santa cruz;1;13.0;23/07/2018;4000000;agropecuaria
masculino;servicio;tienda;buenos aires;1;7.0;8/02/2018;6000000;agropecuaria
masculino;servicio;tienda;belen;1;7.0;23/05/2017;6000000;agropecuaria
masculino;servicio;variedades;castilla;1;1.0;6/12/2018;5000000;agropecuaria
masculino;servicio;comidas rapidas;cabecera san antonio;3;8.0;27/06/2017;3000000;agropecuaria
femenino;comercio;mantenimiento en;guayabal;3;2.0;9/08/2018;7377000;agropecuaria
masculino;servicio;variedades;enciso;1;1.0;17/11/2017;5000000;agropecuaria
femenino;industria;publicidad y;blanquizal;2;9.0;23/11/2018;7812000;agropecuaria
femenino;industria;deposito de;alejandro echavarria;2;15.0;29/12/2016;7812420;agropecuaria
femenino;industria;variedades de helados;pablo vi;2;60.0;22/04/2019;6500000;agropecuaria
masculino;servicio;fabrica de;manrique central no. 1;1;4.0;22/06/2018;7800000;agropecuaria
femenino;industria;organización y;la esperanza;2;80.0;26/04/2019;6900000;agropecuaria
femenino;industria;granero;palmitas;2;9.0;16/06/2016;1200000;agropecuaria
femenino;industria;criadero de animales;villa niza;2;60.0;28/09/2016;8000000;agropecuaria
masculino;servicio;comidas rapidas;santa cruz;1;13.0;8/11/2016;4000000;agropecuaria
femenino;industria;ebanistaria;cristo rey;2;12.0;4/04/2019;782000;agropecuaria
masculino;servicio;tienda;belen;1;7.0;2/05/2018;7000000;agropecuaria
masculino;servicio;fabrica de;san javier no.1;1;7.0;30/01/2018;7000000;agropecuaria
masculino;servicio;variedades;castilla;1;1.0;2/10/2017;5000000;agropecuaria
femenino;comercio;miscelanea;playon de los;3;3.0;5/06/2019;7370000;agropecuaria
masculino;servicio;variedades;manrique central no. 2;1;13.0;27/02/2018;4000000;agropecuaria
masculino;servicio;tienda;cabecera san cristobal;1;1.0;11/10/2016;5000000;agropecuaria
femenino;industria;organización y;campo valdes no. 2;2;80.0;7/03/2016;14000000;agropecuaria
femenino;industria;fabrica de productos;sucre;2;80.0;9/03/2016;10000000;agropecuaria
femenino;comercio;barberia;20 de julio;3;3.0;4/04/2017;7370000;agropecuaria
masculino;servicio;tienda;popular;1;10.0;11/08/2017;5000000;agropecuaria
masculino;servicio;fabrica de;san javier no.1;1;7.0;30/01/2018;7000000;agropecuaria
masculino;servicio;variedades;enciso;1;13.0;9/11/2017;4000000;agropecuaria
masculino;servicio;fabrica de;san javier no.1;1;7.0;27/04/2018;7000000;agropecuaria
masculino;servicio;variedades;cabecera san cristobal;1;1.0;31/01/2018;5000000;agropecuaria
femenino;industria;cafe e internet;carpinelo;2;16.0;2/11/2018;3500000;agropecuaria
femenino;comercio;restaurante;villa hermosa;3;2.0;24/05/2017;7300000;agropecuaria
femenino;agropecuaria;lenceria para el;florida nueva;2;14.0;2019/01/23;29823000;credioportuno
femenino;comercio;mantenimiento en;guayabal;3;2.0;7/07/2017;7377000;agropecuaria
femenino;industria;panaderia;calasanz;3;6.0;30/12/2016;1000000;agropecuaria
masculino;servicio;fabrica de;san javier no.1;1;7.0;17/05/2018;7000000;agropecuaria
masculino;servicio;fabrica de;san javier no.1;1;7.0;22/09/2017;7000000;agropecuaria
masculino;servicio;variedades;manrique central no. 2;1;13.0;17/08/2018;4000000;agropecuaria
femenino;comercio;miscelanea;playon de los;3;3.0;3/01/2018;7370000;agropecuaria
masculino;servicio;fabrica de;manrique central no. 1;1;7.0;5/02/2018;7000000;agropecuaria
masculino;servicio;fabrica de;robledo;1;4.0;6/03/2018;7800000;agropecuaria
femenino;industria;productos de belleza;la francia;2;16.0;15/02/2016;1500000;agropecuaria
masculino;servicio;tienda;buenos aires;1;10.0;12/07/2018;6000000;agropecuaria
femenino;industria;fabrica de alimentos;calasanz;3;6.0;11/04/2016;1000000;agropecuaria
masculino;servicio;tienda;aranjuez;1;10.0;19/05/2017;6000000;agropecuaria
masculino;servicio;fabrica de;robledo;1;4.0;18/10/2018;7800000;agropecuaria
masculino;servicio;comidas rapidas;santa cruz;1;13.0;15/06/2018;4000000;agropecuaria
masculino;servicio;fabrica de;san javier no.1;1;7.0;30/01/2018;7000000;agropecuaria
femenino;industria;fabrica de helados;lopez de mesa;2;9.0;15/01/2018;7812000;agropecuaria
masculino;servicio;fabrica de;robledo;1;4.0;4/04/2018;7800000;agropecuaria
masculino;servicio;comidas rapidas;manrique central no. 2;1;13.0;22/05/2019;4000000;agropecuaria
masculino;servicio;tienda;popular;1;10.0;30/05/2018;6000000;agropecuaria
masculino;servicio;fabrica de;manrique central no. 1;1;4.0;9/07/2018;7000000;agropecuaria
masculino;servicio;tienda;popular;1;10.0;13/07/2018;6000000;agropecuaria
femenino;industria;lavanderia;san german;2;12.0;28/01/2019;7600000;agropecuaria
masculino;servicio;fabrica de;manrique central no. 1;1;4.0;13/07/2017;7800000;agropecuaria
masculino;servicio;fabrica de;robledo;1;4.0;24/10/2018;7800000;agropecuaria
masculino;servicio;fabrica de;san javier no.1;1;7.0;23/02/2017;7000000;agropecuaria
masculino;servicio;tienda;san javier no.1;1;7.0;20/06/2017;7000000;agropecuaria
femenino;comercio;miscelanea;granizal;3;6.0;30/01/2017;7370000;agropecuaria
femenino;comercio;mantenimiento en;andalucia;3;2.0;22/08/2016;7377000;agropecuaria
masculino;servicio;tienda;aranjuez;1;10.0;2/08/2018;6000000;agropecuaria
femenino;comercio;barberia;villatina;3;3.0;14/10/2016;7370000;agropecuaria
masculino;comercio;almacen de ropa en;barrio caicedo;3;8.0;6/03/2017;6890000;agropecuaria
femenino;industria;panaderia;calasanz;3;6.0;8/08/2018;1000000;agropecuaria
masculino;servicio;almacen de ropa en;campo valdes no. 1;3;8.0;21/04/2016;6890000;agropecuaria
femenino;comercio;papeleria;aranjuezcito;3;3.0;15/06/2016;2000000;agropecuaria
femenino;comercio;restaurante;villa hermosa;3;2.0;4/03/2016;7377000;agropecuaria
femenino;industria;panaderia;santa elena central;3;6.0;30/11/2016;1000000;agropecuaria
masculino;servicio;fabrica de;robledo;1;4.0;22/06/2018;7800000;agropecuaria
femenino;agropecuaria;servicios;el rodeo;2;15.0;2018/05/21;3100000;empresarial ed.
masculino;servicio;tienda;aranjuez;1;10.0;20/03/2018;6000000;agropecuaria
masculino;comercio;peluqueria;moravia;3;2.0;13/08/2018;7300000;agropecuaria
femenino;comercio;barberia;20 de julio;3;3.0;22/02/2019;7370000;agropecuaria
femenino;industria;recreativo educativo;alfonso lopez;2;16.0;4/02/2019;4500000;agropecuaria
femenino;industria;recreativo educativo;las palmas;2;16.0;21/12/2016;2500000;agropecuaria
femenino;industria;publicidad y;la america;2;9.0;7/05/2019;4400000;agropecuaria
femenino;comercio;restaurante;villa hermosa;3;2.0;25/09/2017;7377000;agropecuaria
femenino;comercio;fabrica de calzado;granizal;3;6.0;21/07/2017;7370000;agropecuaria
masculino;servicio;tienda;popular;1;10.0;25/01/2018;6000000;agropecuaria
masculino;servicio;variedades;castilla;1;1.0;28/08/2017;5000000;agropecuaria
masculino;servicio;tienda;aranjuez;1;10.0;20/09/2018;6000000;agropecuaria
masculino;servicio;fabrica de;robledo;1;4.0;5/06/2018;7800000;agropecuaria
masculino;servicio;fabrica de;san javier no.1;1;7.0;12/04/2018;7000000;agropecuaria
masculino;servicio;variedades;manrique central no. 2;1;13.0;22/11/2016;4000000;agropecuaria
masculino;servicio;tienda;popular;1;10.0;23/04/2018;6000000;agropecuaria
femenino;industria;charcuteria;francisco antonio zea;2;60.0;31/05/2019;8200000;agropecuaria
femenino;industria;taller de mecanica;picachito;2;60.0;23/12/2016;6500000;agropecuaria
masculino;servicio;fabrica de;manrique central no. 1;1;4.0;14/02/2018;7000000;agropecuaria
femenino;industria;fabrica de helados;blanquizal;2;9.0;23/11/2018;7812000;agropecuaria
masculino;servicio;fabrica de;robledo;1;4.0;14/09/2018;7800000;agropecuaria
masculino;servicio;variedades;enciso;1;1.0;6/09/2017;5000000;agropecuaria
femenino;comercio;distribuidora de;pedregal;3;3.0;23/08/2016;2000000;agropecuaria
masculino;servicio;fabrica de;san javier no.1;1;7.0;7/02/2018;7000000;agropecuaria
masculino;servicio;fabrica de;manrique central no. 1;1;7.0;6/07/2018;7000000;agropecuaria
masculino;servicio;fabrica de;robledo;1;4.0;14/09/2018;7800000;agropecuaria
femenino;industria;publicidad y;blanquizal;2;9.0;19/04/2016;7812000;agropecuaria
masculino;comercio;almacen de ropa en;barrio caicedo;3;8.0;29/11/2016;6890000;agropecuaria
masculino;servicio;fabrica de;robledo;1;4.0;7/11/2017;7800000;agropecuaria
femenino;comercio;miscelanea;granizal;3;6.0;2/05/2017;7370000;agropecuaria
masculino;servicio;fabrica de;robledo;1;4.0;6/03/2018;7800000;agropecuaria
masculino;servicio;tienda;cabecera san cristobal;1;1.0;4/07/2018;5000000;agropecuaria
femenino;industria;drogueria;antonio nariño;2;12.0;26/12/2016;6300000;agropecuaria
masculino;servicio;variedades;castilla;1;1.0;6/06/2018;5000000;agropecuaria
femenino;comercio;miscelanea;villatina;3;3.0;19/07/2018;7370000;agropecuaria
masculino;servicio;tienda;popular;1;10.0;13/07/2018;6000000;agropecuaria
masculino;servicio;fabrica de;robledo;1;4.0;11/10/2018;7800000;agropecuaria
masculino;servicio;tienda;popular;1;10.0;31/10/2017;6000000;agropecuaria
femenino;comercio;papeleria;aranjuezcito;3;3.0;24/02/2016;2000000;agropecuaria
masculino;servicio;variedades;castilla;1;1.0;22/03/2017;5000000;agropecuaria
femenino;comercio;restaurante;villa hermosa;3;2.0;4/03/2016;7377000;agropecuaria
femenino;comercio;mantenimiento en;guayabal;3;2.0;1/03/2017;7377000;agropecuaria
femenino;industria;recreativo educativo;altavista;2;16.0;6/01/2017;2500000;agropecuaria
masculino;servicio;comidas rapidas;cabecera san antonio;3;8.0;16/01/2018;3000000;agropecuaria
femenino;comercio;distribuidora de;pedregal;3;3.0;28/02/2017;2000000;agropecuaria
masculino;servicio;fabrica de;robledo;1;4.0;24/01/2018;7800000;agropecuaria
masculino;servicio;fabrica de;san javier no.1;1;7.0;13/03/2018;7000000;agropecuaria
femenino;industria;cafeteria;llanaditas;2;16.0;31/01/2019;4500000;agropecuaria
masculino;servicio;fabrica de;robledo;1;4.0;5/07/2018;7800000;agropecuaria
masculino;servicio;variedades;enciso;1;1.0;6/09/2017;5000000;agropecuaria
masculino;comercio;almacen de ropa en;barrio caicedo;3;8.0;5/09/2016;6890000;agropecuaria
masculino;servicio;variedades;castilla;1;1.0;5/09/2017;5000000;agropecuaria
masculino;servicio;tienda;cabecera san cristobal;1;1.0;22/02/2017;5000000;agropecuaria
masculino;servicio;fabrica de;manrique central no. 1;1;7.0;16/07/2018;7000000;agropecuaria
femenino;industria;fabrica de alimentos;picacho;3;6.0;14/12/2016;6800000;agropecuaria
masculino;servicio;fabrica de;robledo;1;4.0;18/10/2018;7800000;agropecuaria
femenino;industria;cerrajeria;la esperanza;2;80.0;26/04/2019;6900000;agropecuaria
femenino;industria;cafeteria;juan xxiii la quiebra;2;16.0;27/01/2017;1500000;agropecuaria
masculino;servicio;tienda;aranjuez;1;10.0;3/05/2017;6000000;agropecuaria
masculino;servicio;tienda;aranjuez;1;10.0;17/07/2017;6000000;agropecuaria
masculino;servicio;fabrica de;robledo;1;4.0;11/05/2018;7800000;agropecuaria
masculino;servicio;fabrica de;robledo;1;4.0;22/05/2018;7800000;agropecuaria
masculino;servicio;fabrica de;robledo;1;4.0;5/07/2018;7800000;agropecuaria
femenino;industria;ferreteria;santa lucia;2;60.0;2/05/2019;7500000;agropecuaria
femenino;industria;charcuteria;francisco antonio zea;2;60.0;18/07/2016;8200000;agropecuaria
masculino;servicio;fabrica de;san javier no.1;1;7.0;29/05/2018;7000000;agropecuaria
masculino;servicio;fabrica de;robledo;1;4.0;26/10/2018;7800000;agropecuaria
masculino;servicio;fabrica de;san javier no.1;1;7.0;12/04/2018;7000000;agropecuaria
masculino;servicio;comidas rapidas;cabecera san antonio;3;8.0;3/08/2017;3000000;agropecuaria
masculino;servicio;comidas rapidas;santa cruz;1;13.0;13/02/2019;4000000;agropecuaria
femenino;industria;fabrica de repuestos;sevilla;2;15.0;2/04/2019;6850000;agropecuaria
femenino;comercio;papeleria;aranjuezcito;3;3.0;24/02/2016;2000000;agropecuaria
masculino;servicio;variedades;enciso;1;13.0;6/10/2017;4000000;agropecuaria
femenino;industria;fabrica de arepas;la colina;2;12.0;6/12/2016;5800000;agropecuaria
masculino;servicio;variedades;enciso;1;1.0;19/04/2017;5000000;agropecuaria
masculino;servicio;comidas rapidas;santa cruz;1;13.0;29/11/2017;4000000;agropecuaria
femenino;industria;panaderia;boston;3;6.0;15/11/2016;3500000;agropecuaria
femenino;industria;cafeteria;llanaditas;2;16.0;15/07/2016;4500000;agropecuaria
masculino;servicio;tienda;aranjuez;1;10.0;2/08/2018;6000000;agropecuaria
masculino;servicio;fabrica de;manrique central no. 1;1;7.0;1/02/2018;7000000;agropecuaria
masculino;servicio;tienda;popular;1;10.0;25/01/2018;6000000;agropecuaria
femenino;comercio;restaurante;el salvador;3;2.0;9/06/2017;7377000;agropecuaria
masculino;servicio;tienda;buenos aires;1;7.0;12/06/2017;6000000;agropecuaria
femenino;industria;fabrica de alimentos;santander;3;6.0;29/02/2016;6800000;agropecuaria
femenino;comercio;restaurante;villa hermosa;3;2.0;30/05/2017;7377000;agropecuaria
masculino;servicio;comidas rapidas;santa cruz;1;13.0;6/07/2017;4000000;agropecuaria
femenino;industria;cafeteria;juan xxiii la quiebra;2;16.0;30/11/2017;4500000;agropecuaria
masculino;comercio;peluqueria;moravia;3;2.0;31/08/2017;7300000;agropecuaria
masculino;servicio;comidas rapidas;cabecera san antonio;3;8.0;30/08/2017;3000000;agropecuaria
femenino;agropecuaria;viveros;palenque;2;90.0;26/12/2017;5400000;microempresarial
masculino;servicio;fabrica de;robledo;1;4.0;11/05/2018;7800000;agropecuaria
femenino;industria;fabrica de productos;la sierra;2;80.0;22/06/2016;1800000;agropecuaria
masculino;servicio;fabrica de;san javier no.1;1;7.0;13/03/2018;7000000;agropecuaria
masculino;servicio;tienda;buenos aires;1;7.0;8/02/2018;6000000;agropecuaria
masculino;comercio;peluqueria;doce de octubre no.1;3;5.0;5/08/2016;6890000;agropecuaria
masculino;servicio;fabrica de;san javier no.1;1;7.0;9/04/2018;7000000;agropecuaria
masculino;servicio;comidas rapidas;manrique central no. 2;1;13.0;22/05/2019;4000000;agropecuaria
femenino;comercio;miscelanea;playon de los;3;6.0;31/05/2016;7370000;agropecuaria
femenino;comercio;mantenimiento en;guayabal;3;2.0;5/03/2019;7377000;agropecuaria
femenino;industria;venta de calzado;san jose de la cima no.;2;80.0;25/04/2016;7200000;agropecuaria
masculino;servicio;tienda;belen;1;7.0;24/07/2017;7000000;agropecuaria
femenino;industria;productos de belleza;la francia;2;16.0;25/07/2016;1500000;agropecuaria
masculino;servicio;almacen de ropa en;campo valdes no. 1;3;8.0;17/08/2017;3000000;agropecuaria
femenino;industria;sembrados;la pradera;2;9.0;13/05/2019;7500000;agropecuaria
masculino;servicio;almacen de ropa en;campo valdes no. 1;3;8.0;18/04/2018;3000000;agropecuaria
masculino;servicio;fabrica de;robledo;1;4.0;23/05/2018;7800000;agropecuaria
femenino;comercio;barberia;villatina;3;3.0;14/12/2017;7370000;agropecuaria
femenino;industria;sembrados;la pradera;2;9.0;13/05/2019;7500000;agropecuaria
femenino;comercio;distribuidora de;pedregal;3;3.0;13/03/2017;2000000;agropecuaria
masculino;servicio;tienda;popular;1;10.0;20/04/2018;6000000;agropecuaria
masculino;comercio;almacen de ropa en;barrio caicedo;3;5.0;26/11/2018;6890000;agropecuaria
masculino;servicio;tienda;cabecera san cristobal;1;10.0;7/03/2018;5000000;agropecuaria
masculino;servicio;fabrica de;robledo;1;4.0;22/05/2018;7800000;agropecuaria
masculino;servicio;fabrica de;robledo;1;4.0;5/07/2018;7800000;agropecuaria
masculino;servicio;fabrica de;robledo;1;4.0;13/02/2018;7800000;agropecuaria
masculino;servicio;comidas rapidas;manrique central no. 2;1;13.0;25/04/2017;4000000;agropecuaria
masculino;servicio;tienda;buenos aires;1;10.0;10/05/2018;6000000;agropecuaria
masculino;servicio;tienda;belen;1;7.0;26/04/2018;7000000;agropecuaria
masculino;servicio;fabrica de;san javier no.1;1;7.0;13/03/2018;7000000;agropecuaria
femenino;industria;productos de belleza;san pablo;2;16.0;8/05/2019;1500000;agropecuaria
femenino;industria;taller de mecanica;olaya herrera;2;60.0;16/05/2019;6500000;agropecuaria
masculino;servicio;tienda;belen;1;7.0;9/05/2017;7000000;agropecuaria
femenino;comercio;restaurante;moravia;3;2.0;8/06/2017;7300000;agropecuaria
femenino;industria;fabrica de colchones;el salado;2;15.0;2018/04/3;28267000;agropecuaria
masculino;servicio;comidas rapidas;manrique central no. 2;1;13.0;5/03/2018;4000000;agropecuaria
femenino;agropecuaria;fabrica de ceramica;las granjas;2;90.0;10/01/2017;2900000;microempresarial
femenino;comercio;restaurante;villa hermosa;3;2.0;22/08/2018;7377000;agropecuaria
femenino;industria;carpinteria;toscana;2;9.0;29/12/2017;5500000;agropecuaria
masculino;servicio;variedades;cabecera san cristobal;1;1.0;18/07/2017;5000000;agropecuaria
masculino;comercio;almacen de ropa en;barrio caicedo;3;5.0;23/08/2018;6890000;agropecuaria
femenino;industria;fabrica de muebles;versalles no. 1;2;12.0;31/10/2016;7377170;agropecuaria
masculino;comercio;almacen de ropa en;barrio caicedo;3;8.0;2/06/2017;6890000;agropecuaria
femenino;industria;organización y;campo valdes no. 2;2;80.0;3/04/2019;8280000;agropecuaria
masculino;servicio;comidas rapidas;cabecera san antonio;3;8.0;27/11/2017;3000000;agropecuaria
masculino;servicio;comidas rapidas;campo valdes no. 1;3;8.0;14/02/2017;3000000;agropecuaria
masculino;servicio;comidas rapidas;santo domingo savio;1;13.0;24/05/2018;3000000;agropecuaria
femenino;industria;ebanistaria;nuevos conquistadores;2;12.0;18/12/2018;73000000;agropecuaria
femenino;industria;drogueria;antonio nariño;2;12.0;27/05/2019;6300000;agropecuaria
masculino;servicio;variedades;cabecera san cristobal;1;1.0;10/08/2018;5000000;agropecuaria
masculino;servicio;comidas rapidas;cabecera san antonio;3;8.0;3/03/2017;3000000;agropecuaria
femenino;industria;fabrica de repuestos;sevilla;2;15.0;10/10/2017;3800000;agropecuaria
masculino;servicio;comidas rapidas;santo domingo savio;1;13.0;5/04/2018;3000000;agropecuaria
masculino;servicio;tienda;aranjuez;1;10.0;27/03/2017;6000000;agropecuaria
masculino;servicio;fabrica de;robledo;1;4.0;21/02/2018;7800000;agropecuaria
masculino;comercio;peluqueria;doce de octubre no.1;3;5.0;12/09/2017;7300000;agropecuaria
femenino;agropecuaria;lavadero de;bosques de san pablo;2;15.0;2016/11/8;6894540;empresarial ed.
femenino;comercio;distribuidora de;pedregal;3;3.0;8/11/2018;2000000;agropecuaria
femenino;industria;charcuteria;francisco antonio zea;2;60.0;24/05/2019;8200000;agropecuaria
masculino;comercio;peluqueria;doce de octubre no.1;3;5.0;13/09/2016;7300000;agropecuaria
femenino;industria;fabrica de alimentos;santander;3;6.0;29/02/2016;6800000;agropecuaria
masculino;servicio;fabrica de;robledo;1;4.0;6/02/2018;7800000;agropecuaria
masculino;comercio;peluqueria;moravia;3;2.0;5/05/2017;7300000;agropecuaria
masculino;servicio;tienda;belen;1;7.0;3/04/2018;7000000;agropecuaria
masculino;comercio;almacen de ropa en;barrio caicedo;3;8.0;19/01/2017;6890000;agropecuaria
masculino;servicio;comidas rapidas;santa cruz;1;13.0;15/11/2018;4000000;agropecuaria
masculino;servicio;comidas rapidas;santa cruz;1;13.0;13/02/2019;4000000;agropecuaria
femenino;industria;fabrica de muebles;versalles no. 1;2;12.0;31/10/2016;7377170;agropecuaria
masculino;servicio;fabrica de;san javier no.1;1;7.0;29/10/2018;7000000;agropecuaria
femenino;industria;taller de mecanica;picachito;2;60.0;27/10/2016;6500000;agropecuaria
femenino;industria;fabrica de alimentos;picacho;3;6.0;6/09/2016;6800000;agropecuaria
femenino;comercio;mantenimiento en;andalucia;3;2.0;26/08/2016;7377000;agropecuaria
masculino;servicio;comidas rapidas;santo domingo savio;3;13.0;27/07/2017;3000000;agropecuaria
masculino;servicio;variedades;manrique central no. 2;1;13.0;27/02/2018;4000000;agropecuaria
masculino;servicio;fabrica de;robledo;1;4.0;24/01/2018;7800000;agropecuaria
masculino;comercio;peluqueria;manrique oriental;3;5.0;17/02/2017;6890000;agropecuaria
femenino;industria;cafe e internet;carpinelo;2;6.0;2/11/2018;3500000;agropecuaria
femenino;industria;cafeteria;juan xxiii la quiebra;2;16.0;21/09/2018;4500000;agropecuaria
masculino;servicio;tienda;belen;1;7.0;26/04/2018;7000000;agropecuaria
masculino;servicio;tienda;belen;1;7.0;13/09/2017;7000000;agropecuaria
masculino;servicio;fabrica de;manrique central no. 1;1;4.0;25/07/2018;7800000;agropecuaria
masculino;servicio;fabrica de;san javier no.1;1;7.0;9/05/2018;7000000;agropecuaria
femenino;industria;panaderia;santa elena central;3;6.0;15/03/2019;1000000;agropecuaria
masculino;comercio;peluqueria;doce de octubre no.1;3;5.0;14/03/2017;6890000;agropecuaria
masculino;servicio;tienda;aranjuez;1;10.0;30/10/2017;6000000;agropecuaria
masculino;servicio;tienda;buenos aires;1;7.0;1/03/2018;6000000;agropecuaria
masculino;servicio;tienda;buenos aires;1;10.0;10/05/2018;6000000;agropecuaria
masculino;servicio;tienda;buenos aires;1;10.0;12/07/2018;6000000;agropecuaria
masculino;servicio;comidas rapidas;santa cruz;1;13.0;15/06/2018;4000000;agropecuaria
femenino;industria;joyeria;jesus nazareno;2;12.0;10/01/2018;2300000;agropecuaria
masculino;servicio;variedades;enciso;1;13.0;26/04/2017;4000000;agropecuaria
masculino;servicio;fabrica de;robledo;1;4.0;6/06/2017;7800000;agropecuaria
femenino;industria;fabrica de arepas;aures no. 2;2;12.0;19/05/2016;73770000;agropecuaria
femenino;agropecuaria;jardineria;carlos e. restrepo;2;70.0;23/05/2016;2750000;juridica y cap.semilla
masculino;comercio;almacen de ropa en;barrio caicedo;3;5.0;2/08/2017;6890000;agropecuaria
masculino;servicio;tienda;aranjuez;1;10.0;2/02/2018;6000000;agropecuaria
masculino;servicio;tienda;buenos aires;1;10.0;9/03/2017;6000000;agropecuaria
masculino;servicio;fabrica de;robledo;1;4.0;26/10/2018;7800000;agropecuaria
masculino;servicio;comidas rapidas;santa cruz;1;13.0;23/07/2018;4000000;agropecuaria
masculino;servicio;fabrica de;san javier no.1;1;7.0;26/07/2017;7000000;agropecuaria
masculino;servicio;tienda;belen;1;7.0;22/03/2018;7000000;agropecuaria
masculino;comercio;peluqueria;doce de octubre no.1;3;5.0;24/07/2018;7300000;agropecuaria
masculino;servicio;fabrica de;manrique central no. 1;1;4.0;27/06/2018;7800000;agropecuaria
femenino;industria;fotografia;la candelaria;2;9.0;1/06/2016;4400000;agropecuaria
femenino;industria;fabrica de muebles;el compromiso;2;12.0;23/05/2019;68900000;agropecuaria
masculino;servicio;variedades;castilla;1;1.0;28/08/2017;5000000;agropecuaria
masculino;comercio;peluqueria;moravia;3;2.0;16/12/2016;7300000;agropecuaria
masculino;servicio;tienda;aranjuez;1;10.0;27/03/2017;6000000;agropecuaria
femenino;industria;panaderia;calasanz;3;6.0;6/12/2017;1000000;agropecuaria
femenino;industria;criadero de animales;villa niza;2;60.0;19/09/2016;8000000;agropecuaria
femenino;industria;fabrica de helados;san diego;2;9.0;27/06/2016;5500000;agropecuaria
masculino;servicio;comidas rapidas;cabecera san antonio;3;8.0;20/02/2017;3000000;agropecuaria
masculino;servicio;comidas rapidas;cabecera san antonio;3;8.0;20/02/2017;3000000;agropecuaria
masculino;servicio;comidas rapidas;santo domingo savio;1;13.0;24/05/2018;3000000;agropecuaria
masculino;servicio;tienda;buenos aires;1;10.0;9/03/2017;6000000;agropecuaria
femenino;industria;fabrica de alimentos;santander;3;6.0;15/02/2017;6800000;agropecuaria
femenino;comercio;miscelanea;villatina;3;3.0;4/08/2016;7370000;agropecuaria
masculino;comercio;peluqueria;la milagrosa;3;5.0;10/05/2017;7300000;agropecuaria
masculino;servicio;variedades;castilla;1;1.0;30/04/2018;5000000;agropecuaria
masculino;servicio;fabrica de;robledo;1;4.0;5/07/2018;7800000;agropecuaria
femenino;industria;cafe e internet;boston;2;6.0;21/01/2019;3500000;agropecuaria
masculino;servicio;fabrica de;robledo;1;4.0;3/10/2018;7800000;agropecuaria
masculino;servicio;tienda;belen;1;7.0;13/09/2017;7000000;agropecuaria
masculino;servicio;tienda;buenos aires;1;7.0;8/02/2018;6000000;agropecuaria
masculino;servicio;tienda;buenos aires;1;10.0;28/05/2018;6000000;agropecuaria
masculino;servicio;fabrica de;robledo;1;4.0;11/10/2018;7800000;agropecuaria
femenino;agropecuaria;viveros;santa margarita;2;90.0;2017/04/25;10;microempresarial
femenino;industria;cafe e internet;carpinelo;2;6.0;23/08/2017;3500000;agropecuaria
masculino;servicio;comidas rapidas;cabecera san antonio;3;8.0;20/02/2017;3000000;agropecuaria
masculino;servicio;tienda;buenos aires;1;7.0;3/07/2018;6000000;agropecuaria
masculino;comercio;almacen de ropa en;barrio caicedo;3;8.0;8/03/2017;6890000;agropecuaria
masculino;servicio;tienda;belen;1;7.0;10/04/2018;7000000;agropecuaria
masculino;servicio;comidas rapidas;manrique central no. 2;1;13.0;3/11/2016;4000000;agropecuaria
femenino;industria;cafeteria;llanaditas;2;16.0;10/05/2016;4500000;agropecuaria
masculino;servicio;tienda;belen;1;7.0;23/05/2017;6000000;agropecuaria
masculino;servicio;comidas rapidas;santo domingo savio;3;13.0;13/03/2019;3000000;agropecuaria
masculino;servicio;fabrica de;robledo;1;4.0;26/10/2018;7800000;agropecuaria
masculino;servicio;fabrica de;robledo;1;4.0;21/02/2018;7800000;agropecuaria
femenino;industria;criadero de animales;villa del socorro;2;60.0;11/11/2016;8000000;agropecuaria
femenino;comercio;papeleria;aranjuezcito;3;3.0;22/12/2017;2000000;agropecuaria
masculino;servicio;tienda;belen;1;7.0;22/03/2018;7000000;agropecuaria
masculino;servicio;fabrica de;robledo;1;4.0;26/10/2018;7800000;agropecuaria
masculino;servicio;tienda;buenos aires;1;10.0;12/07/2018;6000000;agropecuaria
femenino;industria;legumbreria;trinidad;2;16.0;7/03/2019;2500000;agropecuaria
masculino;servicio;variedades;enciso;1;1.0;26/01/2018;5000000;agropecuaria
masculino;servicio;tienda;buenos aires;1;7.0;12/06/2017;6000000;agropecuaria
masculino;comercio;peluqueria;la milagrosa;3;5.0;17/04/2017;7300000;agropecuaria
masculino;servicio;fabrica de;san javier no.1;1;7.0;27/04/2018;7000000;agropecuaria
masculino;servicio;variedades;enciso;1;1.0;8/03/2018;4000000;agropecuaria
masculino;servicio;fabrica de;san javier no.1;1;7.0;9/04/2018;7000000;agropecuaria
femenino;industria;sembrados;13 de noviembre;2;9.0;13/06/2019;8281000;agropecuaria
masculino;servicio;tienda;aranjuez;1;10.0;18/01/2019;6000000;agropecuaria
masculino;comercio;peluqueria;moravia;3;2.0;16/12/2016;7300000;agropecuaria
masculino;servicio;fabrica de;san javier no.1;1;7.0;30/01/2018;7000000;agropecuaria
femenino;comercio;distribuidora de;andalucia;3;2.0;2/03/2017;7377000;agropecuaria
masculino;comercio;peluqueria;la milagrosa;3;5.0;12/04/2016;7300000;agropecuaria
masculino;servicio;tienda;buenos aires;1;10.0;13/06/2017;6000000;agropecuaria
masculino;servicio;fabrica de;manrique central no. 1;1;4.0;7/12/2016;7800000;agropecuaria
masculino;servicio;tienda;aranjuez;1;10.0;20/03/2018;6000000;agropecuaria
masculino;servicio;comidas rapidas;santo domingo savio;3;8.0;23/11/2017;3000000;agropecuaria
masculino;comercio;peluqueria;manrique oriental;3;5.0;5/07/2017;6890000;agropecuaria
masculino;servicio;comidas rapidas;santa cruz;1;13.0;21/11/2017;4000000;agropecuaria
masculino;servicio;tienda;popular;1;10.0;26/09/2017;5000000;agropecuaria
masculino;servicio;tienda;belen;1;7.0;10/04/2018;6000000;agropecuaria
femenino;comercio;distribuidora de;pedregal;3;3.0;11/05/2017;2000000;agropecuaria
femenino;industria;reciclaje;versalles no. 2;2;15.0;2018/01/24;70000000;agropecuaria
masculino;servicio;fabrica de;manrique central no. 1;1;4.0;22/06/2018;7800000;agropecuaria
masculino;servicio;fabrica de;robledo;1;4.0;5/06/2018;7800000;agropecuaria
masculino;servicio;fabrica de;robledo;1;4.0;23/05/2018;7800000;agropecuaria
femenino;industria;ebanistaria;nuevos conquistadores;2;12.0;30/05/2019;3300000;agropecuaria
masculino;servicio;fabrica de;robledo;1;4.0;24/10/2017;7800000;agropecuaria
femenino;industria;organización y;la libertad;2;80.0;16/02/2016;20000000;agropecuaria
masculino;comercio;peluqueria;la milagrosa;3;5.0;10/05/2017;7300000;agropecuaria
masculino;servicio;tienda;aranjuez;1;10.0;27/03/2017;6000000;agropecuaria
masculino;servicio;fabrica de;robledo;1;4.0;25/04/2018;7800000;agropecuaria
masculino;servicio;tienda;popular;1;10.0;23/04/2018;6000000;agropecuaria
femenino;industria;gimnasio;el corazon;2;15.0;2017/10/12;8500000;empresarial ed.
femenino;comercio;fabrica de calzado;granizal;3;6.0;22/01/2018;7370000;agropecuaria
masculino;servicio;fabrica de;robledo;1;4.0;4/04/2018;7800000;agropecuaria
femenino;industria;legumbreria;trinidad;2;16.0;18/06/2019;2500000;agropecuaria
masculino;comercio;almacen de ropa en;manrique oriental;3;5.0;1/11/2016;6890000;agropecuaria
masculino;servicio;tienda;aranjuez;1;10.0;3/05/2017;6000000;agropecuaria
femenino;industria;panaderia;santa elena central;3;6.0;5/05/2016;1000000;agropecuaria
masculino;servicio;tienda;belen;1;7.0;7/06/2018;7000000;agropecuaria
masculino;servicio;variedades;castilla;1;1.0;24/08/2017;5000000;agropecuaria
masculino;servicio;comidas rapidas;cabecera san antonio;3;8.0;10/11/2017;3000000;agropecuaria
masculino;comercio;almacen de ropa en;manrique oriental;3;5.0;20/10/2016;6890000;agropecuaria
masculino;comercio;peluqueria;doce de octubre no.1;3;5.0;17/02/2017;6890000;agropecuaria
masculino;servicio;variedades;enciso;1;1.0;26/01/2018;5000000;agropecuaria
masculino;servicio;tienda;belen;1;7.0;23/05/2017;6000000;agropecuaria
masculino;servicio;tienda;popular;1;10.0;8/05/2017;6000000;agropecuaria
masculino;servicio;comidas rapidas;santo domingo savio;1;13.0;19/08/2016;4000000;agropecuaria
masculino;servicio;comidas rapidas;santo domingo savio;3;13.0;27/07/2017;3000000;agropecuaria
femenino;industria;legumbreria;villa del socorro;2;16.0;8/03/2016;2500000;agropecuaria
femenino;comercio;mantenimiento en;guayabal;3;2.0;1/03/2017;7377000;agropecuaria
masculino;servicio;tienda;cabecera san cristobal;1;1.0;22/02/2017;5000000;agropecuaria
femenino;industria;recreativo educativo;altavista;2;16.0;6/01/2017;2500000;agropecuaria
masculino;servicio;fabrica de;san javier no.1;1;7.0;7/05/2018;7000000;agropecuaria
masculino;servicio;comidas rapidas;santa cruz;1;13.0;6/07/2017;4000000;agropecuaria
femenino;comercio;papeleria;aranjuezcito;3;3.0;22/12/2017;2000000;agropecuaria
masculino;comercio;peluqueria;la milagrosa;3;5.0;24/08/2018;7300000;agropecuaria
masculino;servicio;variedades;cabecera san cristobal;1;1.0;31/01/2018;5000000;agropecuaria
masculino;servicio;fabrica de;manrique central no. 1;1;4.0;4/05/2018;7000000;agropecuaria
masculino;servicio;comidas rapidas;santa cruz;1;13.0;18/09/2017;4000000;agropecuaria
femenino;comercio;restaurante;villa hermosa;3;2.0;31/01/2017;7377000;agropecuaria
femenino;comercio;distribuidora de;pedregal;3;3.0;8/06/2016;2000000;agropecuaria
masculino;servicio;fabrica de;robledo;1;4.0;6/06/2017;7800000;agropecuaria
femenino;comercio;restaurante;villa hermosa;3;2.0;22/08/2018;7377000;agropecuaria
masculino;servicio;fabrica de;manrique central no. 1;1;7.0;5/02/2018;7000000;agropecuaria
femenino;comercio;papeleria;aranjuezcito;3;3.0;30/07/2018;2000000;agropecuaria
masculino;comercio;almacen de ropa en;manrique oriental;3;5.0;5/06/2017;6890000;agropecuaria
femenino;industria;recreativo educativo;las palmas;2;16.0;30/09/2016;2500000;agropecuaria
femenino;comercio;miscelanea;playon de los;3;3.0;19/11/2018;7370000;agropecuaria
femenino;comercio;restaurante;villa hermosa;3;2.0;25/09/2017;7377000;agropecuaria
masculino;servicio;tienda;buenos aires;1;7.0;3/07/2018;6000000;agropecuaria
masculino;servicio;variedades;castilla;1;1.0;2/10/2017;5000000;agropecuaria
masculino;comercio;peluqueria;la milagrosa;3;5.0;24/08/2018;7300000;agropecuaria
masculino;servicio;fabrica de;robledo;1;4.0;25/10/2018;7800000;agropecuaria
femenino;comercio;papeleria;la floresta;3;3.0;21/08/2018;2000000;agropecuaria
masculino;servicio;tienda;popular;1;10.0;13/07/2018;6000000;agropecuaria
masculino;servicio;variedades;castilla;1;1.0;5/10/2016;5000000;agropecuaria
masculino;servicio;fabrica de;manrique central no. 1;1;4.0;14/02/2018;7000000;agropecuaria
masculino;comercio;almacen de ropa en;barrio caicedo;3;5.0;26/11/2018;6890000;agropecuaria
masculino;servicio;comidas rapidas;cabecera san antonio;3;8.0;30/08/2017;3000000;agropecuaria
masculino;servicio;fabrica de;san javier no.1;1;7.0;22/09/2017;7000000;agropecuaria
masculino;servicio;comidas rapidas;cabecera san antonio;3;8.0;29/09/2017;3000000;agropecuaria
masculino;servicio;comidas rapidas;cabecera san antonio;3;8.0;20/11/2018;3000000;agropecuaria
masculino;servicio;tienda;popular;1;10.0;27/09/2017;5000000;agropecuaria
masculino;servicio;fabrica de;robledo;1;4.0;5/07/2018;7800000;agropecuaria
masculino;servicio;variedades;enciso;1;1.0;4/07/2017;5000000;agropecuaria
masculino;servicio;tienda;belen;1;7.0;8/06/2018;7000000;agropecuaria
masculino;servicio;variedades;manrique central no. 2;1;13.0;3/05/2018;4000000;agropecuaria
masculino;servicio;variedades;manrique central no. 2;1;13.0;3/05/2018;4000000;agropecuaria
femenino;comercio;fabrica de calzado;florencia;3;6.0;28/02/2019;6800000;agropecuaria
femenino;industria;taller de electronica;la loma;2;80.0;15/03/2016;2200000;agropecuaria
masculino;servicio;fabrica de;manrique central no. 1;1;4.0;29/08/2018;7800000;agropecuaria
masculino;servicio;comidas rapidas;cabecera san antonio;3;8.0;10/11/2017;3000000;agropecuaria
masculino;servicio;tienda;cabecera san cristobal;1;1.0;22/02/2017;5000000;agropecuaria
femenino;industria;cafe e internet;carpinelo;2;6.0;23/08/2017;3500000;agropecuaria
femenino;comercio;barberia;20 de julio;3;3.0;5/12/2018;2000000;agropecuaria
femenino;agropecuaria;marqueteria;los cerros el vergel;2;90.0;21/07/2016;248911;empresarial ed.
masculino;servicio;tienda;buenos aires;1;10.0;14/06/2018;6000000;agropecuaria
femenino;industria;taller de electronica;la libertad;2;80.0;12/09/2018;20000000;agropecuaria
masculino;servicio;fabrica de;robledo;1;4.0;10/07/2018;7800000;agropecuaria
femenino;industria;publicidad y;blanquizal;2;9.0;23/11/2018;7812000;agropecuaria
masculino;servicio;variedades;enciso;1;13.0;28/11/2018;4000000;agropecuaria
femenino;industria;variedades de helados;pablo vi;2;60.0;17/12/2018;6500000;agropecuaria
masculino;servicio;variedades;enciso;1;1.0;17/11/2017;5000000;agropecuaria
femenino;industria;joyeria;jardin botanico;2;12.0;25/02/2016;2800000;agropecuaria
masculino;servicio;tienda;popular;1;10.0;7/03/2018;5000000;agropecuaria
masculino;servicio;fabrica de;robledo;1;4.0;5/07/2018;7800000;agropecuaria
masculino;servicio;tienda;aranjuez;1;10.0;21/06/2018;6000000;agropecuaria
femenino;industria;fabrica de alimentos;picacho;3;6.0;15/05/2017;6800000;agropecuaria
femenino;industria;cafeteria;llanaditas;2;16.0;15/07/2016;4500000;agropecuaria
masculino;servicio;comidas rapidas;campo valdes no. 1;3;8.0;3/08/2017;3000000;agropecuaria
masculino;servicio;fabrica de;manrique central no. 1;1;4.0;9/07/2018;7000000;agropecuaria
masculino;servicio;fabrica de;manrique central no. 1;1;4.0;4/05/2018;7000000;agropecuaria
masculino;comercio;peluqueria;manrique oriental;3;5.0;17/02/2017;6890000;agropecuaria
masculino;servicio;tienda;belen;1;7.0;23/05/2017;6000000;agropecuaria
femenino;industria;granero;belalcazar;2;9.0;18/02/2016;1200000;agropecuaria
masculino;servicio;tienda;buenos aires;1;10.0;26/10/2017;6000000;agropecuaria
masculino;comercio;peluqueria;doce de octubre no.1;3;5.0;21/04/2017;7300000;agropecuaria
femenino;industria;charcuteria;francisco antonio zea;2;60.0;18/07/2016;8200000;agropecuaria
masculino;servicio;variedades;manrique central no. 2;1;13.0;6/08/2018;4000000;agropecuaria
femenino;industria;ferreteria;santa lucia;2;60.0;1/09/2016;7500000;agropecuaria
masculino;servicio;comidas rapidas;santa cruz;1;13.0;28/11/2017;4000000;agropecuaria
masculino;servicio;tienda;popular;1;10.0;23/04/2018;6000000;agropecuaria
masculino;servicio;fabrica de;robledo;1;4.0;6/03/2018;7800000;agropecuaria
masculino;servicio;comidas rapidas;santa cruz;1;13.0;6/04/2018;4000000;agropecuaria
femenino;industria;cafeteria;llanaditas;2;16.0;6/05/2016;4500000;agropecuaria
masculino;servicio;tienda;popular;1;10.0;25/01/2018;6000000;agropecuaria
masculino;servicio;fabrica de;manrique central no. 1;1;4.0;9/07/2018;7000000;agropecuaria
femenino;industria;cafe e internet;boston;3;6.0;21/01/2019;3500000;agropecuaria
masculino;servicio;fabrica de;manrique central no. 1;1;7.0;1/02/2018;7000000;agropecuaria
masculino;servicio;variedades;castilla;1;1.0;24/08/2017;5000000;agropecuaria
femenino;comercio;miscelanea;playon de los;3;3.0;3/01/2018;7370000;agropecuaria
masculino;servicio;fabrica de;manrique central no. 1;1;4.0;23/03/2018;7000000;agropecuaria
masculino;comercio;almacen de ropa en;barrio caicedo;3;8.0;6/10/2016;6890000;agropecuaria
masculino;comercio;peluqueria;doce de octubre no.1;3;5.0;5/08/2016;6890000;agropecuaria
femenino;industria;sembrados;la pradera;2;9.0;20/12/2018;7500000;agropecuaria
masculino;servicio;comidas rapidas;santa cruz;1;13.0;28/11/2017;4000000;agropecuaria
femenino;industria;fabrica de repuestos;las violetas;2;15.0;2018/02/20;3600000;agropecuaria
femenino;industria;cafeteria;juan xxiii la quiebra;2;16.0;21/09/2018;4500000;agropecuaria
masculino;comercio;peluqueria;la milagrosa;3;5.0;1/11/2017;7300000;agropecuaria
masculino;servicio;tienda;popular;1;10.0;11/10/2017;6000000;agropecuaria
masculino;servicio;fabrica de;san javier no.1;1;7.0;22/09/2017;7000000;agropecuaria
femenino;comercio;fabrica de calzado;granizal;3;6.0;22/01/2018;7370000;agropecuaria
femenino;industria;criadero de animales;boyaca;2;60.0;25/04/2019;8000000;agropecuaria
femenino;industria;fabrica de calzado;florencia;3;6.0;20/09/2016;6800000;agropecuaria
masculino;servicio;comidas rapidas;santo domingo savio;3;13.0;27/07/2017;3000000;agropecuaria
masculino;servicio;almacen de ropa en;campo valdes no. 1;3;8.0;17/08/2017;3000000;agropecuaria
masculino;servicio;fabrica de;manrique central no. 1;1;4.0;27/06/2018;7000000;agropecuaria
masculino;servicio;fabrica de;san javier no.1;1;7.0;27/04/2018;7000000;agropecuaria
masculino;servicio;variedades;enciso;1;13.0;9/11/2017;4000000;agropecuaria
femenino;industria;ebanistaria;nuevos conquistadores;2;12.0;10/12/2018;3300000;agropecuaria
masculino;servicio;tienda;aranjuez;1;10.0;2/11/2017;6000000;agropecuaria
masculino;servicio;fabrica de;robledo;1;4.0;1/08/2018;7800000;agropecuaria
masculino;servicio;tienda;buenos aires;1;10.0;9/02/2018;6000000;agropecuaria
masculino;servicio;fabrica de;robledo;1;4.0;25/10/2018;7800000;agropecuaria
femenino;industria;cafeteria;juan xxiii la quiebra;2;16.0;15/09/2016;1500000;agropecuaria
masculino;servicio;comidas rapidas;santo domingo savio;3;13.0;19/10/2017;3000000;agropecuaria
masculino;servicio;tienda;aranjuez;1;10.0;12/02/2018;6000000;agropecuaria
masculino;servicio;fabrica de;robledo;1;4.0;26/10/2018;7800000;agropecuaria
femenino;comercio;mantenimiento en;guayabal;3;2.0;7/07/2017;7377000;agropecuaria
masculino;servicio;fabrica de;robledo;1;4.0;5/07/2018;7800000;agropecuaria
masculino;servicio;fabrica de;san javier no.1;1;7.0;27/04/2018;7000000;agropecuaria
femenino;industria;cafe e internet;boston;3;6.0;21/01/2019;3500000;agropecuaria
femenino;comercio;restaurante;villa hermosa;3;2.0;22/08/2018;7377000;agropecuaria
masculino;servicio;tienda;buenos aires;1;7.0;30/10/2018;6000000;agropecuaria
masculino;servicio;comidas rapidas;cabecera san antonio;3;8.0;30/08/2017;3000000;agropecuaria
masculino;servicio;variedades;cabecera san cristobal;1;1.0;17/04/2018;5000000;agropecuaria
masculino;servicio;tienda;belen;1;7.0;24/07/2017;7000000;agropecuaria
masculino;servicio;comidas rapidas;santa cruz;1;13.0;21/06/2017;4000000;agropecuaria
masculino;servicio;fabrica de;robledo;1;4.0;26/10/2018;7800000;agropecuaria
masculino;comercio;peluqueria;manrique oriental;3;5.0;15/05/2018;6890000;agropecuaria
masculino;servicio;comidas rapidas;santo domingo savio;3;8.0;23/11/2017;3000000;agropecuaria
masculino;servicio;variedades;cabecera san cristobal;1;1.0;31/01/2018;5000000;agropecuaria
femenino;industria;fabrica de calzado;florencia;3;6.0;17/01/2018;6800000;agropecuaria
masculino;servicio;almacen de ropa en;campo valdes no. 1;3;8.0;6/02/2017;3000000;agropecuaria
masculino;servicio;tienda;popular;1;10.0;11/10/2017;6000000;agropecuaria
masculino;servicio;comidas rapidas;santa cruz;1;13.0;23/11/2016;4000000;agropecuaria
masculino;servicio;fabrica de;robledo;1;4.0;10/07/2018;7800000;agropecuaria
femenino;comercio;restaurante;moravia;3;2.0;8/06/2017;7300000;agropecuaria
masculino;servicio;variedades;cabecera san cristobal;1;1.0;18/07/2017;5000000;agropecuaria
masculino;servicio;fabrica de;robledo;1;4.0;5/06/2018;7800000;agropecuaria
masculino;servicio;comidas rapidas;cabecera san antonio;3;8.0;20/02/2017;3000000;agropecuaria
femenino;industria;lavanderia;santa rosa de lima;2;12.0;28/01/2019;780000;agropecuaria
femenino;industria;carpinteria;13 de noviembre;2;9.0;29/08/2016;8281000;agropecuaria
masculino;servicio;comidas rapidas;santa cruz;1;13.0;29/11/2017;4000000;agropecuaria
masculino;servicio;comidas rapidas;manrique central no. 2;1;13.0;5/03/2018;4000000;agropecuaria
masculino;servicio;tienda;cabecera san cristobal;1;1.0;31/05/2017;5000000;agropecuaria
masculino;servicio;fabrica de;san javier no.1;1;7.0;5/09/2018;7000000;agropecuaria
masculino;servicio;fabrica de;robledo;1;4.0;4/04/2018;7800000;agropecuaria
femenino;industria;cafe e internet;centro admtivo;2;6.0;8/09/2016;3500000;agropecuaria
masculino;servicio;variedades;cabecera san cristobal;1;1.0;20/02/2018;5000000;agropecuaria
masculino;servicio;fabrica de;manrique central no. 1;1;4.0;9/07/2018;7000000;agropecuaria
masculino;comercio;almacen de ropa en;manrique oriental;3;5.0;16/05/2017;6890000;agropecuaria
femenino;industria;legumbreria;trinidad;2;16.0;31/03/2017;2500000;agropecuaria
masculino;servicio;tienda;belen;1;7.0;31/10/2018;7000000;agropecuaria
masculino;servicio;fabrica de;manrique central no. 1;1;7.0;7/02/2018;7000000;agropecuaria
femenino;comercio;mantenimiento en;guayabal;3;2.0;7/07/2017;7377000;agropecuaria
femenino;comercio;mantenimiento en;guayabal;3;2.0;13/04/2018;7377000;agropecuaria
femenino;comercio;fabrica de calzado;florencia;3;6.0;23/01/2018;6800000;agropecuaria
femenino;comercio;mantenimiento en;guayabal;3;2.0;13/04/2018;7377000;agropecuaria
masculino;servicio;fabrica de;san javier no.1;1;7.0;12/04/2018;7000000;agropecuaria
femenino;comercio;restaurante;villa hermosa;3;2.0;13/02/2017;7377000;agropecuaria
femenino;industria;taller de electronica;la loma;2;80.0;25/06/2019;2200000;agropecuaria
masculino;servicio;fabrica de;robledo;1;4.0;6/03/2018;7800000;agropecuaria
femenino;comercio;barberia;20 de julio;3;3.0;22/02/2019;7370000;agropecuaria
femenino;comercio;restaurante;el salvador;3;2.0;27/02/2017;7377000;agropecuaria
masculino;comercio;almacen de ropa en;barrio caicedo;3;5.0;1/09/2017;6890000;agropecuaria
femenino;industria;fabrica de productos;sucre;2;80.0;9/03/2016;19000000;agropecuaria
masculino;comercio;peluqueria;la milagrosa;3;5.0;1/11/2017;7300000;agropecuaria
masculino;servicio;fabrica de;manrique central no. 1;1;7.0;5/02/2018;7000000;agropecuaria
masculino;servicio;variedades;castilla;1;1.0;12/06/2018;5000000;agropecuaria
masculino;servicio;fabrica de;san javier no.1;1;7.0;7/05/2018;7000000;agropecuaria
masculino;servicio;comidas rapidas;santo domingo savio;3;13.0;27/07/2017;3000000;agropecuaria
femenino;comercio;fabrica de calzado;florencia;3;6.0;28/02/2019;6800000;agropecuaria
masculino;servicio;variedades;enciso;1;1.0;24/04/2018;5000000;agropecuaria
masculino;servicio;tienda;popular;1;10.0;19/09/2017;5000000;agropecuaria
masculino;servicio;tienda;popular;1;10.0;29/03/2017;5000000;agropecuaria
masculino;servicio;variedades;cabecera san cristobal;1;1.0;20/02/2018;5000000;agropecuaria
masculino;comercio;almacen de ropa en;barrio caicedo;3;8.0;29/11/2016;6890000;agropecuaria
masculino;servicio;fabrica de;robledo;1;4.0;11/10/2018;7800000;agropecuaria
masculino;servicio;comidas rapidas;santo domingo savio;3;13.0;8/08/2017;3000000;agropecuaria
masculino;servicio;tienda;popular;1;10.0;29/03/2017;5000000;agropecuaria
masculino;servicio;fabrica de;robledo;1;4.0;24/10/2018;7800000;agropecuaria
masculino;comercio;peluqueria;doce de octubre no.1;3;5.0;29/08/2017;7300000;agropecuaria
masculino;servicio;comidas rapidas;cabecera san antonio;3;8.0;30/03/2017;3000000;agropecuaria
masculino;servicio;comidas rapidas;campo valdes no. 1;3;8.0;28/10/2016;3000000;agropecuaria
femenino;comercio;restaurante;villa hermosa;3;2.0;4/03/2016;7377000;agropecuaria
masculino;servicio;tienda;popular;1;10.0;25/01/2018;6000000;agropecuaria
masculino;servicio;tienda;belen;1;7.0;9/05/2017;7000000;agropecuaria
femenino;industria;variedades de helados;girardot;2;60.0;17/05/2016;6500000;agropecuaria
masculino;servicio;fabrica de;manrique central no. 1;1;7.0;5/02/2018;7000000;agropecuaria
masculino;servicio;tienda;belen;1;7.0;31/05/2018;7000000;agropecuaria
masculino;comercio;peluqueria;doce de octubre no.1;3;5.0;14/03/2017;6890000;agropecuaria
femenino;industria;legumbreria;trinidad;2;16.0;17/10/2017;2500000;agropecuaria
masculino;servicio;tienda;buenos aires;1;7.0;16/05/2018;6000000;agropecuaria
masculino;servicio;almacen de ropa en;campo valdes no. 1;3;8.0;29/01/2018;3000000;agropecuaria
masculino;servicio;comidas rapidas;santa cruz;1;13.0;23/10/2017;4000000;agropecuaria
masculino;servicio;fabrica de;robledo;1;4.0;18/10/2018;7800000;agropecuaria
masculino;servicio;tienda;belen;1;7.0;3/04/2018;7000000;agropecuaria
masculino;servicio;fabrica de;robledo;1;4.0;11/10/2018;7800000;agropecuaria
femenino;industria;publicidad y;el socorro;2;9.0;11/07/2016;7812000;agropecuaria
femenino;comercio;distribuidora de;andalucia;3;3.0;26/05/2017;7377000;agropecuaria
masculino;servicio;tienda;belen;1;7.0;23/05/2017;6000000;agropecuaria
masculino;comercio;almacen de ropa en;manrique oriental;3;5.0;21/02/2017;6890000;agropecuaria
femenino;comercio;barberia;20 de julio;3;3.0;5/12/2018;2000000;agropecuaria
masculino;comercio;almacen de ropa en;barrio caicedo;3;8.0;6/03/2017;6890000;agropecuaria
masculino;servicio;tienda;buenos aires;1;10.0;12/07/2018;6000000;agropecuaria
masculino;servicio;fabrica de;san javier no.1;1;7.0;12/04/2018;7000000;agropecuaria
masculino;servicio;variedades;enciso;1;1.0;8/03/2018;4000000;agropecuaria
femenino;industria;ferreteria;santa lucia;2;60.0;23/02/2016;7500000;agropecuaria
femenino;comercio;miscelanea;villatina;3;3.0;25/08/2017;7370000;agropecuaria
masculino;servicio;comidas rapidas;santa cruz;1;13.0;8/11/2016;4000000;agropecuaria
masculino;servicio;tienda;buenos aires;1;7.0;12/06/2017;6000000;agropecuaria
masculino;servicio;fabrica de;robledo;1;4.0;22/05/2018;7800000;agropecuaria
masculino;servicio;variedades;enciso;1;13.0;9/11/2017;4000000;agropecuaria
femenino;industria;venta de calzado;tejelo;2;80.0;28/06/2018;800000;agropecuaria
masculino;servicio;variedades;castilla;1;1.0;26/02/2018;5000000;agropecuaria
masculino;servicio;almacen de ropa en;campo valdes no. 1;3;8.0;14/06/2016;3000000;agropecuaria
masculino;servicio;tienda;belen;1;7.0;2/03/2018;7000000;agropecuaria
masculino;comercio;peluqueria;la milagrosa;3;5.0;17/04/2017;7300000;agropecuaria
masculino;servicio;tienda;popular;1;10.0;31/10/2017;6000000;agropecuaria
masculino;servicio;tienda;belen;1;7.0;7/06/2018;7000000;agropecuaria
femenino;industria;sembrados;13 de noviembre;2;9.0;13/06/2019;8281000;agropecuaria
masculino;servicio;tienda;popular;1;10.0;19/09/2017;5000000;agropecuaria
masculino;comercio;almacen de ropa en;manrique oriental;3;5.0;14/06/2017;6890000;agropecuaria
femenino;industria;recreativo educativo;altavista;2;16.0;19/02/2018;4500000;agropecuaria
masculino;comercio;peluqueria;moravia;3;2.0;5/05/2017;7300000;agropecuaria
femenino;industria;cerrajeria;la esperanza;2;80.0;26/04/2019;6900000;agropecuaria
femenino;industria;fotografia;la america;2;9.0;20/12/2016;4400000;agropecuaria
masculino;comercio;peluqueria;la milagrosa;3;5.0;10/05/2017;7300000;agropecuaria
femenino;industria;recreativo educativo;altavista;2;16.0;6/01/2017;2500000;agropecuaria
femenino;comercio;fabrica de calzado;granizal;3;6.0;14/07/2017;7370000;agropecuaria
femenino;comercio;restaurante;moravia;3;2.0;24/05/2017;7300000;agropecuaria
masculino;servicio;tienda;popular;1;10.0;26/09/2017;5000000;agropecuaria
femenino;agropecuaria;productos de mar;la mansion;2;70.0;19/12/2018;6444000;juridica y cap.semilla
masculino;comercio;almacen de ropa en;manrique oriental;3;5.0;9/02/2017;6890000;agropecuaria
femenino;industria;panaderia;calasanz;3;6.0;9/08/2016;1000000;agropecuaria
masculino;comercio;almacen de ropa en;manrique oriental;3;5.0;20/10/2016;6890000;agropecuaria
masculino;servicio;comidas rapidas;santo domingo savio;3;13.0;8/08/2017;3000000;agropecuaria
masculino;servicio;fabrica de;san javier no.1;1;7.0;29/05/2018;7000000;agropecuaria
masculino;comercio;peluqueria;doce de octubre no.1;3;5.0;14/03/2017;7300000;agropecuaria
masculino;servicio;variedades;castilla;1;1.0;17/07/2018;5000000;agropecuaria
femenino;industria;cafeteria;juan xxiii la quiebra;2;16.0;15/09/2016;1500000;agropecuaria
masculino;servicio;comidas rapidas;santa cruz;1;13.0;8/11/2016;4000000;agropecuaria
masculino;servicio;comidas rapidas;santa cruz;1;13.0;8/11/2016;4000000;agropecuaria
masculino;servicio;fabrica de;robledo;1;4.0;11/10/2018;7800000;agropecuaria
masculino;servicio;variedades;enciso;1;1.0;17/11/2017;4000000;agropecuaria
masculino;servicio;tienda;buenos aires;1;7.0;8/02/2018;6000000;agropecuaria
masculino;comercio;peluqueria;doce de octubre no.1;3;5.0;31/07/2017;6890000;agropecuaria
masculino;servicio;comidas rapidas;cabecera san antonio;3;8.0;28/03/2017;3000000;agropecuaria
femenino;industria;bares;cordoba;2;80.0;21/09/2016;6894000;agropecuaria
masculino;servicio;variedades;castilla;1;1.0;12/06/2018;5000000;agropecuaria
masculino;servicio;fabrica de;robledo;1;4.0;24/10/2017;7800000;agropecuaria
masculino;servicio;tienda;buenos aires;1;7.0;16/05/2018;6000000;agropecuaria
masculino;comercio;peluqueria;doce de octubre no.1;3;5.0;21/04/2017;7300000;agropecuaria
masculino;servicio;fabrica de;robledo;1;4.0;14/03/2018;7800000;agropecuaria
masculino;servicio;fabrica de;robledo;1;4.0;26/10/2018;7800000;agropecuaria
masculino;servicio;fabrica de;manrique central no. 1;1;4.0;22/06/2018;7800000;agropecuaria
masculino;servicio;tienda;popular;1;10.0;8/05/2017;6000000;agropecuaria
masculino;servicio;tienda;belen;1;7.0;31/05/2018;7000000;agropecuaria
femenino;industria;fabrica de alimentos;santander;3;6.0;4/12/2017;1000000;agropecuaria
femenino;industria;cafeteria;llanaditas;2;16.0;10/05/2016;4500000;agropecuaria
femenino;comercio;papeleria;la floresta;3;3.0;21/08/2018;2000000;agropecuaria
femenino;industria;fabrica de alimentos;santander;3;6.0;29/02/2016;6800000;agropecuaria
masculino;servicio;comidas rapidas;santa cruz;1;13.0;6/07/2017;4000000;agropecuaria
femenino;industria;panaderia;calasanz;3;6.0;9/08/2016;1000000;agropecuaria
masculino;servicio;variedades;cabecera san cristobal;1;1.0;21/05/2018;5000000;agropecuaria
masculino;servicio;fabrica de;manrique central no. 1;1;4.0;14/02/2018;7000000;agropecuaria
femenino;industria;fabrica de calzado;florencia;3;6.0;20/09/2016;6800000;agropecuaria
masculino;servicio;almacen de ropa en;campo valdes no. 1;3;8.0;14/06/2016;3000000;agropecuaria
masculino;servicio;fabrica de;robledo;1;4.0;25/10/2018;7800000;agropecuaria
masculino;servicio;variedades;cabecera san cristobal;1;1.0;31/01/2018;5000000;agropecuaria
masculino;servicio;variedades;castilla;1;1.0;6/12/2018;5000000;agropecuaria
masculino;servicio;fabrica de;robledo;1;4.0;26/10/2018;7800000;agropecuaria
femenino;industria;venta de calzado;tejelo;2;80.0;21/10/2016;800000;agropecuaria
masculino;comercio;peluqueria;moravia;3;5.0;27/07/2016;7300000;agropecuaria
femenino;industria;carpinteria;toscana;2;9.0;5/12/2016;5500000;agropecuaria
masculino;servicio;fabrica de;manrique central no. 1;1;4.0;27/06/2018;7800000;agropecuaria
femenino;comercio;miscelanea;playon de los;3;3.0;2/12/2016;7370000;agropecuaria
femenino;industria;carpinteria;13 de noviembre;2;9.0;16/08/2016;8281000;agropecuaria
masculino;comercio;almacen de ropa en;manrique oriental;3;5.0;24/10/2016;6890000;agropecuaria
femenino;industria;carniceria;aguas frias;2;12.0;1/02/2019;3400000;agropecuaria
masculino;servicio;variedades;enciso;1;13.0;28/11/2018;4000000;agropecuaria
masculino;servicio;comidas rapidas;campo valdes no. 1;3;8.0;3/08/2017;3000000;agropecuaria
masculino;servicio;fabrica de;robledo;1;4.0;24/09/2018;7800000;agropecuaria
masculino;servicio;variedades;castilla;1;1.0;12/12/2017;5000000;agropecuaria
masculino;servicio;variedades;manrique central no. 2;1;13.0;17/08/2018;4000000;agropecuaria
masculino;servicio;fabrica de;robledo;1;4.0;24/01/2018;7800000;agropecuaria
masculino;servicio;tienda;cabecera san cristobal;1;1.0;17/04/2018;5000000;agropecuaria
femenino;industria;organización y;campo valdes no. 2;2;80.0;31/08/2016;8280000;agropecuaria
femenino;industria;productos de belleza;la francia;2;16.0;24/01/2017;1500000;agropecuaria
masculino;comercio;almacen de ropa en;barrio caicedo;3;8.0;5/09/2016;6890000;agropecuaria
masculino;servicio;comidas rapidas;manrique central no. 2;1;13.0;7/11/2018;4000000;agropecuaria
masculino;servicio;fabrica de;san javier no.1;1;7.0;29/10/2018;7000000;agropecuaria
masculino;servicio;fabrica de;san javier no.1;1;7.0;7/02/2018;7000000;agropecuaria
masculino;servicio;fabrica de;robledo;1;4.0;24/09/2018;7800000;agropecuaria
masculino;servicio;fabrica de;manrique central no. 1;1;7.0;5/02/2018;7000000;agropecuaria
femenino;industria;productos de belleza;san pablo;2;16.0;5/04/2019;1500000;agropecuaria
masculino;servicio;comidas rapidas;manrique central no. 2;1;13.0;5/03/2018;4000000;agropecuaria
masculino;servicio;fabrica de;robledo;1;4.0;7/11/2017;7800000;agropecuaria
femenino;industria;variedades de helados;pablo vi;2;60.0;10/07/2017;6500000;agropecuaria
masculino;servicio;fabrica de;robledo;1;4.0;11/05/2018;7800000;agropecuaria
masculino;servicio;variedades;enciso;1;1.0;4/07/2017;5000000;agropecuaria
masculino;servicio;fabrica de;manrique central no. 1;1;4.0;27/06/2018;7800000;agropecuaria
femenino;industria;legumbreria;trinidad;2;16.0;16/08/2018;2500000;agropecuaria
femenino;comercio;distribuidora de;pedregal;3;3.0;29/09/2016;2000000;agropecuaria
masculino;comercio;almacen de ropa en;barrio caicedo;3;8.0;6/10/2016;6890000;agropecuaria
femenino;comercio;barberia;villatina;3;3.0;14/10/2016;7370000;agropecuaria
masculino;servicio;fabrica de;manrique central no. 1;1;4.0;14/02/2018;7000000;agropecuaria
femenino;industria;joyeria;aures no. 2;2;12.0;21/06/2019;4136000;agropecuaria
femenino;comercio;mantenimiento en;el salvador;3;2.0;19/12/2016;7377000;agropecuaria
femenino;industria;fabrica de muebles;versalles no. 1;2;12.0;28/04/2016;7377170;agropecuaria
masculino;servicio;tienda;buenos aires;1;10.0;28/05/2018;6000000;agropecuaria
masculino;servicio;fabrica de;manrique central no. 1;1;4.0;9/07/2018;7000000;agropecuaria
femenino;industria;venta de calzado;tejelo;2;80.0;28/06/2018;800000;agropecuaria
masculino;servicio;comidas rapidas;manrique central no. 2;1;13.0;13/10/2017;4000000;agropecuaria
masculino;servicio;comidas rapidas;santo domingo savio;3;13.0;13/03/2019;3000000;agropecuaria
femenino;industria;cafe e internet;centro admtivo;2;6.0;23/06/2017;3500000;agropecuaria
masculino;comercio;peluqueria;la milagrosa;3;5.0;26/09/2016;7300000;agropecuaria
femenino;industria;taller de mecanica;picachito;2;60.0;23/12/2016;6500000;agropecuaria
masculino;servicio;tienda;cabecera san cristobal;1;10.0;12/07/2017;5000000;agropecuaria
masculino;servicio;fabrica de;robledo;1;4.0;25/04/2018;7800000;agropecuaria
masculino;servicio;tienda;buenos aires;1;10.0;13/06/2017;6000000;agropecuaria
femenino;industria;fotografia;belalcazar;2;9.0;15/08/2018;1200000;agropecuaria
masculino;servicio;fabrica de;san javier no.1;1;7.0;17/05/2018;7000000;agropecuaria
femenino;industria;venta de calzado;tejelo;2;80.0;28/06/2018;800000;agropecuaria
femenino;industria;panaderia;calasanz;3;6.0;6/12/2017;1000000;agropecuaria
masculino;servicio;tienda;aranjuez;1;10.0;18/01/2019;6000000;agropecuaria
femenino;comercio;distribuidora de;pedregal;3;3.0;8/11/2018;2000000;agropecuaria
masculino;servicio;almacen de ropa en;campo valdes no. 1;3;8.0;6/02/2017;3000000;agropecuaria
femenino;comercio;restaurante;el salvador;3;2.0;4/12/2018;7377000;agropecuaria
femenino;industria;criadero de animales;villa niza;2;60.0;11/12/2017;8000000;agropecuaria
femenino;industria;lavanderia;santa rosa de lima;2;12.0;19/12/2017;780000;agropecuaria
masculino;servicio;comidas rapidas;manrique central no. 2;1;13.0;11/07/2018;4000000;agropecuaria
femenino;industria;cafe e internet;boston;3;6.0;7/06/2019;3500000;agropecuaria
masculino;servicio;fabrica de;robledo;1;4.0;24/10/2017;7800000;agropecuaria
femenino;industria;organización y;la esperanza;2;80.0;26/04/2019;14000000;agropecuaria
masculino;comercio;peluqueria;doce de octubre no.1;3;5.0;26/05/2016;6890000;agropecuaria
masculino;comercio;almacen de ropa en;barrio caicedo;3;8.0;29/11/2016;6890000;agropecuaria
masculino;servicio;tienda;aranjuez;1;10.0;2/08/2018;6000000;agropecuaria
masculino;servicio;fabrica de;robledo;1;4.0;14/09/2018;7800000;agropecuaria
femenino;industria;criadero de animales;boyaca;2;60.0;10/03/2017;8000000;agropecuaria
masculino;servicio;tienda;belen;1;7.0;2/05/2018;7000000;agropecuaria
femenino;industria;fotografia;la candelaria;2;9.0;14/09/2016;4400000;agropecuaria
masculino;servicio;tienda;buenos aires;1;10.0;13/06/2017;6000000;agropecuaria
masculino;servicio;tienda;aranjuez;1;10.0;8/05/2018;6000000;agropecuaria
masculino;servicio;tienda;belen;1;7.0;21/03/2017;6000000;agropecuaria
masculino;servicio;almacen de ropa en;campo valdes no. 1;3;8.0;17/08/2017;3000000;agropecuaria
masculino;comercio;peluqueria;moravia;3;2.0;11/07/2017;7300000;agropecuaria
masculino;servicio;tienda;belen;1;7.0;7/06/2018;7000000;agropecuaria
femenino;comercio;mantenimiento en;andalucia;3;2.0;3/10/2017;7377000;agropecuaria
masculino;servicio;variedades;enciso;1;13.0;27/02/2018;4000000;agropecuaria
masculino;servicio;comidas rapidas;santo domingo savio;3;8.0;21/03/2018;3000000;agropecuaria
femenino;comercio;mantenimiento en;el salvador;3;2.0;16/03/2017;7377000;agropecuaria
masculino;servicio;fabrica de;robledo;1;4.0;24/10/2018;7800000;agropecuaria
masculino;servicio;tienda;buenos aires;1;10.0;1/06/2018;6000000;agropecuaria
femenino;comercio;papeleria;la floresta;3;3.0;19/10/2016;2000000;agropecuaria
masculino;servicio;tienda;belen;1;7.0;8/06/2018;7000000;agropecuaria
femenino;industria;fotografia;la candelaria;2;9.0;2/02/2017;4400000;agropecuaria
femenino;industria;cafeteria;llanaditas;2;16.0;31/01/2019;4500000;agropecuaria
masculino;servicio;variedades;enciso;1;13.0;28/11/2018;4000000;agropecuaria
masculino;comercio;peluqueria;moravia;3;2.0;4/11/2016;7300000;agropecuaria
masculino;comercio;almacen de ropa en;barrio caicedo;3;5.0;2/08/2017;6890000;agropecuaria
masculino;servicio;variedades;castilla;1;1.0;6/06/2018;5000000;agropecuaria
masculino;servicio;tienda;aranjuez;1;10.0;2/11/2017;6000000;agropecuaria
femenino;comercio;papeleria;aranjuezcito;3;3.0;22/12/2017;2000000;agropecuaria
femenino;industria;cafe e internet;boston;2;6.0;11/09/2017;3500000;agropecuaria
masculino;servicio;fabrica de;robledo;1;4.0;13/02/2018;7800000;agropecuaria
masculino;servicio;variedades;enciso;1;13.0;28/11/2018;4000000;agropecuaria
masculino;servicio;variedades;enciso;1;13.0;28/11/2018;4000000;agropecuaria
masculino;servicio;variedades;castilla;1;1.0;2/10/2017;5000000;agropecuaria
masculino;servicio;almacen de ropa en;campo valdes no. 1;3;8.0;25/07/2017;6890000;agropecuaria
femenino;industria;fabrica de calzado;picacho;3;6.0;18/02/2019;6800000;agropecuaria
masculino;comercio;peluqueria;doce de octubre no.1;3;5.0;22/06/2017;6890000;agropecuaria
masculino;servicio;comidas rapidas;manrique central no. 2;1;13.0;6/11/2018;4000000;agropecuaria
masculino;servicio;fabrica de;robledo;1;4.0;11/10/2018;7800000;agropecuaria
masculino;servicio;tienda;buenos aires;1;7.0;16/05/2018;6000000;agropecuaria
masculino;servicio;tienda;popular;1;10.0;11/08/2017;5000000;agropecuaria
masculino;servicio;fabrica de;robledo;1;4.0;24/10/2017;7800000;agropecuaria
masculino;servicio;fabrica de;robledo;1;4.0;11/10/2018;7800000;agropecuaria
masculino;servicio;comidas rapidas;campo valdes no. 1;3;8.0;14/02/2017;3000000;agropecuaria
masculino;servicio;fabrica de;san javier no.1;1;7.0;9/05/2018;7000000;agropecuaria
femenino;comercio;miscelanea;playon de los;3;3.0;5/06/2019;7370000;agropecuaria
masculino;comercio;peluqueria;la milagrosa;3;5.0;5/12/2017;7300000;agropecuaria
femenino;industria;fabrica de productos;la sierra;2;80.0;11/01/2017;1800000;agropecuaria
femenino;comercio;miscelanea;villatina;3;3.0;25/08/2017;7370000;agropecuaria
masculino;servicio;fabrica de;robledo;1;4.0;6/03/2018;7800000;agropecuaria
masculino;servicio;tienda;popular;1;10.0;29/03/2017;5000000;agropecuaria
masculino;servicio;comidas rapidas;cabecera san antonio;3;8.0;30/03/2017;3000000;agropecuaria
femenino;industria;bares;cordoba;2;80.0;18/05/2017;6894000;agropecuaria
masculino;servicio;fabrica de;san javier no.1;1;7.0;26/07/2017;7000000;agropecuaria
masculino;servicio;tienda;cabecera san cristobal;1;1.0;22/02/2017;5000000;agropecuaria
femenino;comercio;mantenimiento en;guayabal;3;2.0;17/05/2017;7377000;agropecuaria
masculino;servicio;comidas rapidas;santa cruz;1;13.0;19/01/2018;4000000;agropecuaria
masculino;servicio;tienda;popular;1;10.0;31/10/2017;6000000;agropecuaria
masculino;servicio;fabrica de;robledo;1;4.0;7/11/2017;7800000;agropecuaria
masculino;servicio;tienda;aranjuez;1;10.0;21/06/2018;6000000;agropecuaria
masculino;servicio;tienda;aranjuez;1;10.0;3/05/2017;6000000;agropecuaria
masculino;servicio;tienda;belen;1;7.0;22/03/2018;7000000;agropecuaria
masculino;servicio;variedades;manrique central no. 2;1;13.0;16/11/2017;4000000;agropecuaria
femenino;industria;sembrados;prado;2;9.0;6/06/2019;8281000;agropecuaria
masculino;servicio;tienda;popular;1;10.0;11/10/2017;6000000;agropecuaria
femenino;industria;cerrajeria;san javier no.2;2;80.0;24/06/2016;5200000;agropecuaria
masculino;servicio;comidas rapidas;santa cruz;1;13.0;23/10/2017;4000000;agropecuaria
masculino;servicio;variedades;castilla;1;1.0;2/10/2017;5000000;agropecuaria
masculino;servicio;tienda;aranjuez;1;10.0;9/03/2018;6000000;agropecuaria
femenino;agropecuaria;venta de lacteos;vrda. san antonio;2;90.0;30/08/2018;30284000;empresarial ed.
masculino;servicio;variedades;castilla;1;1.0;28/08/2017;5000000;agropecuaria
femenino;industria;fabrica de calzado;picacho;3;6.0;18/02/2019;6800000;agropecuaria
masculino;servicio;fabrica de;robledo;1;4.0;18/10/2018;7800000;agropecuaria
masculino;servicio;tienda;aranjuez;1;10.0;30/10/2017;6000000;agropecuaria
masculino;servicio;fabrica de;robledo;1;4.0;11/10/2018;7800000;agropecuaria
masculino;servicio;fabrica de;robledo;1;4.0;1/08/2018;7800000;agropecuaria
masculino;servicio;comidas rapidas;santo domingo savio;1;13.0;25/10/2017;4000000;agropecuaria
masculino;servicio;fabrica de;manrique central no. 1;1;4.0;15/02/2018;7000000;agropecuaria
masculino;servicio;fabrica de;manrique central no. 1;1;4.0;15/02/2018;7000000;agropecuaria
masculino;servicio;tienda;buenos aires;1;10.0;10/05/2018;6000000;agropecuaria
femenino;industria;legumbreria;las palmas;2;16.0;3/10/2016;2500000;agropecuaria
masculino;servicio;tienda;belen;1;7.0;31/05/2018;7000000;agropecuaria
masculino;servicio;tienda;buenos aires;1;10.0;1/06/2018;6000000;agropecuaria
femenino;comercio;barberia;20 de julio;3;3.0;8/09/2017;2000000;agropecuaria
masculino;comercio;peluqueria;doce de octubre no.1;3;5.0;21/11/2018;7300000;agropecuaria
femenino;agropecuaria;marqueteria;cataluna;2;15.0;11/09/2018;6200000;empresarial ed.
femenino;comercio;restaurante;villa hermosa;3;2.0;30/05/2017;7377000;agropecuaria
masculino;servicio;fabrica de;robledo;1;4.0;3/10/2018;7800000;agropecuaria
masculino;servicio;variedades;cabecera san cristobal;1;1.0;22/02/2018;5000000;agropecuaria
masculino;servicio;fabrica de;robledo;1;4.0;14/09/2018;7800000;agropecuaria
masculino;comercio;almacen de ropa en;barrio caicedo;3;8.0;16/02/2017;6890000;agropecuaria
masculino;servicio;comidas rapidas;manrique central no. 2;1;13.0;11/07/2018;4000000;agropecuaria
femenino;industria;drogueria;el pinal;2;12.0;23/04/2019;3750000;agropecuaria
femenino;industria;productos de belleza;san pablo;2;16.0;8/05/2019;1500000;agropecuaria
masculino;servicio;variedades;castilla;1;1.0;5/09/2017;5000000;agropecuaria
masculino;servicio;comidas rapidas;cabecera san antonio;3;8.0;27/06/2017;3000000;agropecuaria
femenino;industria;gimnasio;el salado;2;15.0;11/03/2019;17187324;agropecuaria
femenino;industria;legumbreria;las palmas;2;16.0;8/07/2016;2500000;agropecuaria
masculino;comercio;peluqueria;moravia;3;2.0;11/07/2017;7300000;agropecuaria
masculino;servicio;fabrica de;manrique central no. 1;1;4.0;14/02/2018;7000000;agropecuaria
masculino;servicio;fabrica de;san javier no.1;1;7.0;29/05/2018;7000000;agropecuaria
masculino;servicio;comidas rapidas;santa cruz;1;13.0;15/11/2018;4000000;agropecuaria
femenino;industria;venta de calzado;tejelo;2;80.0;28/06/2018;800000;agropecuaria
masculino;comercio;almacen de ropa en;manrique oriental;3;5.0;27/09/2018;6890000;agropecuaria
masculino;servicio;tienda;aranjuez;1;10.0;12/02/2018;6000000;agropecuaria
masculino;servicio;tienda;buenos aires;1;10.0;26/10/2017;6000000;agropecuaria
masculino;servicio;tienda;cabecera san cristobal;1;1.0;4/07/2018;5000000;agropecuaria
femenino;industria;taller de mecanica;olaya herrera;2;60.0;16/05/2016;6500000;agropecuaria
masculino;servicio;fabrica de;robledo;1;4.0;6/03/2018;7800000;agropecuaria
masculino;servicio;almacen de ropa en;campo valdes no. 1;3;8.0;14/06/2016;3000000;agropecuaria
femenino;comercio;mantenimiento en;guayabal;3;2.0;5/03/2019;7377000;agropecuaria
masculino;servicio;fabrica de;robledo;1;4.0;23/05/2018;7800000;agropecuaria
femenino;industria;ferreteria;kennedy;2;60.0;1/12/2017;7500000;agropecuaria
masculino;servicio;comidas rapidas;manrique central no. 2;1;13.0;25/04/2017;4000000;agropecuaria
femenino;industria;publicidad y;el socorro;2;9.0;27/11/2018;7812000;agropecuaria
femenino;comercio;miscelanea;playon de los;3;3.0;3/01/2018;7370000;agropecuaria
masculino;servicio;comidas rapidas;santo domingo savio;1;13.0;25/10/2017;4000000;agropecuaria
masculino;servicio;tienda;aranjuez;1;10.0;21/06/2018;6000000;agropecuaria
masculino;servicio;fabrica de;robledo;1;4.0;18/10/2018;7800000;agropecuaria
masculino;servicio;tienda;buenos aires;1;7.0;16/05/2018;6000000;agropecuaria
femenino;comercio;fabrica de calzado;granizal;3;6.0;3/09/2018;7370000;agropecuaria
femenino;industria;panaderia;calasanz;3;6.0;30/12/2016;1000000;agropecuaria
masculino;servicio;tienda;belen;1;7.0;3/04/2018;7000000;agropecuaria
masculino;servicio;tienda;buenos aires;1;10.0;10/05/2018;6000000;agropecuaria
masculino;servicio;comidas rapidas;santo domingo savio;3;13.0;19/10/2017;3000000;agropecuaria
masculino;servicio;fabrica de;manrique central no. 1;1;7.0;5/02/2018;7000000;agropecuaria
masculino;servicio;tienda;belen;1;7.0;13/09/2017;7000000;agropecuaria
masculino;servicio;tienda;popular;1;10.0;12/03/2018;6000000;agropecuaria
masculino;comercio;peluqueria;moravia;3;5.0;27/07/2016;7300000;agropecuaria
masculino;servicio;tienda;aranjuez;1;10.0;2/02/2018;6000000;agropecuaria
masculino;servicio;comidas rapidas;santa cruz;1;13.0;19/01/2018;4000000;agropecuaria
femenino;industria;recreativo educativo;altavista;2;16.0;19/02/2018;4500000;agropecuaria
masculino;servicio;tienda;belen;1;7.0;31/10/2018;7000000;agropecuaria
masculino;servicio;comidas rapidas;santo domingo savio;1;13.0;14/08/2018;4000000;agropecuaria
femenino;industria;productos de belleza;san pablo;2;16.0;27/05/2016;1500000;agropecuaria
masculino;servicio;fabrica de;manrique central no. 1;1;4.0;15/02/2018;7000000;agropecuaria
masculino;servicio;tienda;aranjuez;1;10.0;21/06/2018;6000000;agropecuaria
femenino;industria;cafe e internet;carpinelo;2;6.0;23/08/2017;3500000;agropecuaria
femenino;industria;productos de belleza;la francia;2;16.0;16/09/2016;1500000;agropecuaria
femenino;industria;publicidad y;el socorro;2;9.0;7/12/2018;7812000;agropecuaria
masculino;comercio;almacen de ropa en;barrio caicedo;3;8.0;9/11/2018;6890000;agropecuaria
masculino;servicio;almacen de ropa en;campo valdes no. 1;3;8.0;18/08/2017;3000000;agropecuaria
masculino;servicio;tienda;popular;1;10.0;31/10/2017;6000000;agropecuaria
femenino;comercio;restaurante;moravia;3;2.0;24/05/2017;7300000;agropecuaria
femenino;industria;ferreteria;la pradera;2;60.0;20/05/2019;7500000;agropecuaria
masculino;servicio;comidas rapidas;santa cruz;1;13.0;6/07/2017;4000000;agropecuaria
masculino;servicio;fabrica de;san javier no.1;1;7.0;12/04/2018;7000000;agropecuaria
femenino;industria;panaderia;calasanz;3;6.0;8/08/2018;1000000;agropecuaria
masculino;servicio;fabrica de;robledo;1;4.0;26/10/2018;7800000;agropecuaria
femenino;comercio;fabrica de calzado;granizal;3;6.0;3/09/2018;7370000;agropecuaria
masculino;servicio;fabrica de;manrique central no. 1;1;7.0;16/07/2018;7000000;agropecuaria
masculino;comercio;peluqueria;manrique oriental;3;5.0;1/08/2017;6890000;agropecuaria
femenino;industria;granero;palmitas;2;9.0;20/04/2016;1200000;agropecuaria
masculino;servicio;fabrica de;robledo;1;4.0;24/01/2018;7800000;agropecuaria
femenino;industria;fabrica de arepas;san antonio;2;12.0;27/09/2016;5250000;agropecuaria
masculino;servicio;variedades;castilla;1;1.0;6/12/2018;5000000;agropecuaria
masculino;servicio;fabrica de;robledo;1;4.0;24/10/2018;7800000;agropecuaria
masculino;servicio;fabrica de;robledo;1;4.0;25/05/2018;7800000;agropecuaria
masculino;servicio;fabrica de;robledo;1;4.0;4/04/2018;7800000;agropecuaria
femenino;industria;criadero de animales;villa del socorro;2;16.0;8/03/2016;8000000;agropecuaria
femenino;industria;fabrica de calzado;florencia;3;6.0;20/09/2016;6800000;agropecuaria
femenino;industria;lavanderia;san german;2;12.0;8/02/2019;7600000;agropecuaria
femenino;comercio;miscelanea;playon de los;3;3.0;2/12/2016;7370000;agropecuaria
femenino;industria;panaderia;santa elena central;3;6.0;15/11/2016;3500000;agropecuaria
masculino;comercio;almacen de ropa en;manrique oriental;3;5.0;19/11/2016;6890000;agropecuaria
masculino;servicio;comidas rapidas;santa cruz;1;13.0;21/06/2017;4000000;agropecuaria
masculino;servicio;tienda;popular;1;10.0;11/10/2017;6000000;agropecuaria
masculino;servicio;fabrica de;robledo;1;4.0;22/06/2018;7800000;agropecuaria
femenino;comercio;distribuidora de;pedregal;3;3.0;13/03/2017;2000000;agropecuaria
femenino;agropecuaria;lavadero de;maria cano;2;15.0;27/12/2016;3345000;empresarial ed.
masculino;servicio;fabrica de;robledo;1;4.0;22/05/2018;7800000;agropecuaria
femenino;comercio;miscelanea;granizal;3;6.0;3/09/2018;7370000;agropecuaria
masculino;servicio;tienda;belen;1;7.0;2/03/2018;7000000;agropecuaria
masculino;servicio;tienda;aranjuez;1;10.0;28/02/2018;6000000;agropecuaria
masculino;servicio;variedades;enciso;1;13.0;16/03/2018;4000000;agropecuaria
femenino;industria;recreativo educativo;las palmas;2;16.0;30/09/2016;2500000;agropecuaria
masculino;comercio;almacen de ropa en;barrio caicedo;3;5.0;26/11/2018;6890000;agropecuaria
masculino;servicio;fabrica de;robledo;1;4.0;6/02/2018;7800000;agropecuaria
masculino;servicio;fabrica de;manrique central no. 1;1;7.0;14/11/2018;7000000;agropecuaria
masculino;comercio;peluqueria;la milagrosa;3;5.0;4/05/2017;7300000;agropecuaria
masculino;servicio;comidas rapidas;santo domingo savio;1;13.0;14/08/2018;4000000;agropecuaria
femenino;comercio;mantenimiento en;el salvador;3;2.0;19/12/2016;7377000;agropecuaria
masculino;comercio;peluqueria;doce de octubre no.1;3;5.0;29/08/2017;7300000;agropecuaria
femenino;comercio;fabrica de calzado;florencia;3;6.0;2/11/2016;6800000;agropecuaria
femenino;industria;carpinteria;san diego;2;9.0;29/12/2017;5500000;agropecuaria
femenino;comercio;mantenimiento en;andalucia;3;2.0;3/10/2017;7377000;agropecuaria
masculino;servicio;variedades;enciso;1;1.0;15/11/2017;5000000;agropecuaria
masculino;servicio;fabrica de;robledo;1;4.0;13/02/2018;7800000;agropecuaria
femenino;comercio;papeleria;la floresta;3;3.0;21/08/2018;2000000;agropecuaria
masculino;servicio;variedades;castilla;1;1.0;5/10/2016;5000000;agropecuaria
femenino;comercio;papeleria;la floresta;3;3.0;19/10/2016;2000000;agropecuaria
masculino;servicio;variedades;cabecera san cristobal;1;1.0;21/05/2018;5000000;agropecuaria
masculino;servicio;tienda;buenos aires;1;7.0;30/10/2018;6000000;agropecuaria
femenino;comercio;restaurante;el salvador;3;2.0;27/02/2017;7377000;agropecuaria
masculino;servicio;fabrica de;robledo;1;4.0;13/02/2018;7800000;agropecuaria
masculino;comercio;almacen de ropa en;manrique oriental;3;5.0;1/11/2016;6890000;agropecuaria
femenino;comercio;restaurante;villa hermosa;3;2.0;31/07/2018;7377000;agropecuaria
masculino;servicio;fabrica de;robledo;1;4.0;4/04/2018;7800000;agropecuaria
masculino;servicio;fabrica de;robledo;1;4.0;24/10/2017;7800000;agropecuaria
femenino;industria;fabrica de productos;sucre;2;80.0;9/03/2016;10000000;agropecuaria
femenino;industria;bares;cordoba;2;80.0;21/09/2016;6894000;agropecuaria
masculino;servicio;fabrica de;robledo;1;4.0;6/06/2017;7800000;agropecuaria
femenino;comercio;restaurante;villa hermosa;3;2.0;30/05/2017;7377000;agropecuaria
masculino;comercio;almacen de ropa en;manrique oriental;3;5.0;20/10/2016;6890000;agropecuaria
masculino;servicio;comidas rapidas;manrique central no. 2;1;13.0;11/07/2018;4000000;agropecuaria
masculino;servicio;tienda;buenos aires;1;10.0;9/03/2017;6000000;agropecuaria
femenino;industria;criadero de animales;villa niza;2;60.0;11/11/2016;8000000;agropecuaria
femenino;industria;servicios;pedregal alto;2;15.0;2018/10/24;14754000;empresarial ed.
masculino;servicio;tienda;buenos aires;1;7.0;18/04/2017;6000000;agropecuaria
masculino;servicio;fabrica de;robledo;1;4.0;24/01/2018;7800000;agropecuaria
femenino;industria;joyeria;jesus nazareno;2;12.0;17/02/2016;3200000;agropecuaria
masculino;servicio;variedades;enciso;1;1.0;6/09/2017;5000000;agropecuaria
masculino;servicio;fabrica de;robledo;1;4.0;4/04/2018;7800000;agropecuaria
femenino;industria;granero;palmitas;2;9.0;19/03/2019;1200000;agropecuaria
masculino;servicio;fabrica de;san javier no.1;1;7.0;27/04/2018;7000000;agropecuaria
masculino;servicio;fabrica de;robledo;1;4.0;25/10/2018;7800000;agropecuaria
femenino;industria;charcuteria;loreto;2;60.0;20/02/2019;8200000;agropecuaria
femenino;comercio;barberia;villatina;3;3.0;14/10/2016;7370000;agropecuaria
masculino;servicio;fabrica de;manrique central no. 1;1;4.0;22/06/2018;7800000;agropecuaria
femenino;comercio;restaurante;villa hermosa;3;2.0;4/03/2016;7377000;agropecuaria
femenino;comercio;restaurante;el salvador;3;2.0;21/09/2017;7377000;agropecuaria
femenino;comercio;papeleria;aranjuezcito;3;3.0;24/02/2016;2000000;agropecuaria
masculino;servicio;comidas rapidas;santa cruz;1;13.0;6/04/2018;4000000;agropecuaria
masculino;servicio;almacen de ropa en;campo valdes no. 1;3;8.0;1/11/2018;3000000;agropecuaria
masculino;servicio;fabrica de;san javier no.1;1;7.0;23/02/2017;7000000;agropecuaria
masculino;servicio;tienda;belen;1;7.0;31/05/2018;7000000;agropecuaria
masculino;servicio;fabrica de;robledo;1;4.0;24/10/2018;7800000;agropecuaria
femenino;industria;fabrica de alimentos;picacho;3;6.0;23/09/2016;6800000;agropecuaria
masculino;servicio;fabrica de;manrique central no. 1;1;7.0;1/02/2018;7000000;agropecuaria
femenino;industria;variedades naturista;la avanzada;2;80.0;9/05/2019;16000000;agropecuaria
masculino;servicio;fabrica de;manrique central no. 1;1;7.0;6/07/2018;7000000;agropecuaria
masculino;servicio;tienda;aranjuez;1;10.0;8/05/2018;6000000;agropecuaria
masculino;servicio;tienda;buenos aires;1;7.0;30/10/2018;6000000;agropecuaria
masculino;servicio;tienda;aranjuez;1;10.0;3/05/2017;6000000;agropecuaria
masculino;servicio;comidas rapidas;manrique central no. 2;1;13.0;3/11/2016;4000000;agropecuaria
femenino;industria;taller de electronica;la loma;2;80.0;23/01/2019;2200000;agropecuaria
masculino;servicio;fabrica de;robledo;1;4.0;1/08/2018;7800000;agropecuaria
masculino;servicio;variedades;enciso;1;13.0;26/04/2017;4000000;agropecuaria
femenino;comercio;papeleria;aranjuezcito;3;3.0;24/11/2017;2000000;agropecuaria
masculino;servicio;fabrica de;san javier no.1;1;7.0;12/04/2018;7000000;agropecuaria
femenino;industria;fabrica de helados;blanquizal;2;9.0;23/11/2018;7812000;agropecuaria
masculino;servicio;tienda;cabecera san cristobal;1;1.0;4/07/2018;5000000;agropecuaria
masculino;servicio;variedades;manrique central no. 2;1;13.0;17/08/2018;4000000;agropecuaria
masculino;servicio;fabrica de;robledo;1;4.0;11/05/2018;7800000;agropecuaria
masculino;servicio;tienda;belen;1;7.0;26/04/2018;7000000;agropecuaria
femenino;comercio;barberia;20 de julio;3;3.0;4/04/2017;2000000;agropecuaria
masculino;servicio;variedades;castilla;1;1.0;12/06/2018;5000000;agropecuaria
femenino;industria;fabrica de alimentos;picacho;3;6.0;23/09/2016;6800000;agropecuaria
masculino;servicio;tienda;buenos aires;1;7.0;12/06/2017;6000000;agropecuaria
masculino;comercio;peluqueria;moravia;3;2.0;4/11/2016;7300000;agropecuaria
masculino;comercio;almacen de ropa en;manrique oriental;3;5.0;20/10/2016;6890000;agropecuaria
masculino;servicio;comidas rapidas;santa cruz;1;13.0;29/11/2017;4000000;agropecuaria
femenino;agropecuaria;productos de mar;miraflores;2;70.0;22/01/2016;900000;juridica y cap.semilla
masculino;servicio;fabrica de;robledo;1;4.0;5/07/2018;7800000;agropecuaria
masculino;servicio;tienda;san javier no.1;1;7.0;16/02/2018;7000000;agropecuaria
masculino;servicio;variedades;cabecera san cristobal;1;1.0;18/07/2017;5000000;agropecuaria
masculino;servicio;variedades;cabecera san cristobal;1;1.0;12/10/2017;5000000;agropecuaria
masculino;servicio;variedades;castilla;1;1.0;6/12/2018;5000000;agropecuaria
femenino;industria;fabrica de helados;san diego;2;9.0;20/05/2016;5500000;agropecuaria
femenino;comercio;fabrica de calzado;granizal;3;6.0;21/07/2017;7370000;agropecuaria
masculino;servicio;fabrica de;robledo;1;4.0;6/03/2018;7800000;agropecuaria
masculino;comercio;almacen de ropa en;barrio caicedo;3;8.0;9/11/2018;6890000;agropecuaria
masculino;servicio;comidas rapidas;santo domingo savio;3;13.0;27/07/2017;3000000;agropecuaria
femenino;industria;publicidad y;blanquizal;2;9.0;19/04/2016;7812000;agropecuaria
femenino;comercio;mantenimiento en;guayabal;3;2.0;22/12/2016;7377000;agropecuaria
masculino;servicio;fabrica de;robledo;1;4.0;10/07/2018;7800000;agropecuaria
masculino;servicio;fabrica de;manrique central no. 1;1;4.0;7/12/2016;7800000;agropecuaria
masculino;servicio;almacen de ropa en;campo valdes no. 1;3;8.0;17/08/2017;3000000;agropecuaria
femenino;industria;variedades de helados;girardot;2;60.0;6/05/2019;8200000;agropecuaria
masculino;servicio;tienda;san javier no.1;1;7.0;5/09/2018;7000000;agropecuaria
masculino;comercio;peluqueria;doce de octubre no.1;3;5.0;3/08/2018;7300000;agropecuaria
femenino;comercio;mantenimiento en;guayabal;3;2.0;22/12/2016;7377000;agropecuaria
masculino;servicio;tienda;buenos aires;1;7.0;8/02/2018;6000000;agropecuaria
femenino;comercio;restaurante;el salvador;3;2.0;4/12/2018;7377000;agropecuaria
masculino;servicio;variedades;enciso;1;13.0;1/06/2017;4000000;agropecuaria
femenino;industria;criadero de animales;villa niza;2;60.0;11/12/2017;8000000;agropecuaria
femenino;agropecuaria;lenceria para el;universidad de;2;14.0;2016/05/24;890000;credioportuno
masculino;comercio;almacen de ropa en;barrio caicedo;3;8.0;5/09/2016;6890000;agropecuaria
masculino;servicio;comidas rapidas;campo valdes no. 1;3;8.0;14/02/2017;3000000;agropecuaria
masculino;servicio;tienda;cabecera san cristobal;1;1.0;22/02/2017;5000000;agropecuaria
masculino;servicio;fabrica de;manrique central no. 1;1;4.0;23/03/2018;7000000;agropecuaria
femenino;comercio;distribuidora de;andalucia;3;3.0;23/02/2018;2000000;agropecuaria
masculino;servicio;comidas rapidas;manrique central no. 2;1;13.0;6/11/2018;4000000;agropecuaria
masculino;servicio;tienda;buenos aires;1;10.0;9/03/2017;6000000;agropecuaria
femenino;comercio;mantenimiento en;guayabal;3;2.0;13/04/2018;7377000;agropecuaria
masculino;servicio;fabrica de;san javier no.1;1;7.0;27/04/2018;7000000;agropecuaria
masculino;servicio;comidas rapidas;santo domingo savio;3;13.0;19/10/2017;3000000;agropecuaria
masculino;servicio;tienda;buenos aires;1;10.0;13/06/2017;6000000;agropecuaria
femenino;comercio;barberia;villatina;3;3.0;14/10/2016;7370000;agropecuaria
masculino;servicio;tienda;buenos aires;1;7.0;12/06/2017;6000000;agropecuaria
masculino;comercio;peluqueria;la milagrosa;3;5.0;15/08/2017;7300000;agropecuaria
masculino;servicio;tienda;popular;1;10.0;30/05/2018;6000000;agropecuaria
femenino;industria;lavanderia;san german;2;12.0;8/02/2019;4200000;agropecuaria
femenino;agropecuaria;venta de lacteos;la frontera;2;90.0;13/04/2016;6430800;empresarial ed.
femenino;industria;variedades de helados;girardot;2;60.0;6/04/2017;8200000;agropecuaria
femenino;comercio;fabrica de calzado;florencia;3;6.0;28/02/2019;6800000;agropecuaria
masculino;servicio;fabrica de;manrique central no. 1;1;4.0;23/03/2018;7000000;agropecuaria
femenino;comercio;mantenimiento en;guayabal;3;2.0;9/10/2017;7377000;agropecuaria
masculino;servicio;comidas rapidas;manrique central no. 2;1;13.0;28/07/2017;4000000;agropecuaria
masculino;comercio;almacen de ropa en;barrio caicedo;3;5.0;23/08/2018;6890000;agropecuaria
masculino;servicio;tienda;cabecera san cristobal;1;1.0;4/07/2018;5000000;agropecuaria
femenino;industria;fabrica de alimentos;calasanz;3;6.0;17/01/2017;1000000;agropecuaria
femenino;comercio;miscelanea;playon de los;3;6.0;31/05/2016;7370000;agropecuaria
femenino;comercio;barberia;villatina;3;3.0;4/08/2016;7370000;agropecuaria
femenino;industria;legumbreria;las palmas;2;16.0;10/08/2017;2500000;agropecuaria
masculino;servicio;variedades;cabecera san cristobal;1;1.0;30/06/2017;5000000;agropecuaria
masculino;servicio;fabrica de;robledo;1;4.0;11/05/2018;7800000;agropecuaria
masculino;servicio;fabrica de;manrique central no. 1;1;7.0;1/02/2018;7000000;agropecuaria
masculino;servicio;tienda;belen;1;7.0;24/07/2017;7000000;agropecuaria
femenino;industria;variedades naturista;la avanzada;2;80.0;9/05/2019;1300000;agropecuaria
femenino;comercio;miscelanea;granizal;3;6.0;2/05/2017;7370000;agropecuaria
masculino;servicio;tienda;belen;1;7.0;31/10/2018;7000000;agropecuaria
masculino;servicio;fabrica de;san javier no.1;1;7.0;29/10/2018;7000000;agropecuaria
masculino;servicio;comidas rapidas;manrique central no. 2;1;13.0;28/07/2017;4000000;agropecuaria
femenino;comercio;distribuidora de;pedregal;3;3.0;28/02/2017;2000000;agropecuaria
masculino;servicio;tienda;aranjuez;1;10.0;15/03/2018;6000000;agropecuaria
femenino;comercio;restaurante;villa hermosa;3;2.0;31/01/2017;7377000;agropecuaria
masculino;servicio;comidas rapidas;campo valdes no. 1;3;8.0;14/02/2017;3000000;agropecuaria
masculino;servicio;tienda;belen;1;7.0;21/03/2017;6000000;agropecuaria
masculino;servicio;tienda;popular;1;10.0;30/05/2018;6000000;agropecuaria
masculino;servicio;variedades;enciso;1;13.0;6/10/2017;4000000;agropecuaria
masculino;servicio;tienda;buenos aires;1;10.0;12/07/2018;6000000;agropecuaria
femenino;comercio;fabrica de calzado;florencia;3;6.0;23/01/2018;6800000;agropecuaria
masculino;servicio;fabrica de;robledo;1;4.0;10/07/2018;7800000;agropecuaria
masculino;servicio;comidas rapidas;cabecera san antonio;3;8.0;30/03/2017;3000000;agropecuaria
masculino;servicio;tienda;aranjuez;1;10.0;12/02/2018;6000000;agropecuaria
femenino;industria;reciclaje;pajarito;2;15.0;22/10/2018;70000000;agropecuaria
masculino;servicio;fabrica de;manrique central no. 1;1;7.0;5/02/2018;7000000;agropecuaria
femenino;industria;panaderia;santa elena central;3;6.0;26/07/2016;1000000;agropecuaria
masculino;comercio;peluqueria;moravia;3;2.0;22/01/2019;7300000;agropecuaria
masculino;comercio;almacen de ropa en;barrio caicedo;3;8.0;29/11/2016;6890000;agropecuaria
femenino;comercio;papeleria;la floresta;3;3.0;18/04/2016;2000000;agropecuaria
femenino;comercio;fabrica de calzado;florencia;3;6.0;23/01/2018;6800000;agropecuaria
femenino;industria;cafe e internet;carpinelo;2;16.0;7/06/2016;1500000;agropecuaria
femenino;comercio;restaurante;el salvador;3;2.0;9/11/2016;7377000;agropecuaria
masculino;servicio;fabrica de;manrique central no. 1;1;4.0;13/07/2017;7800000;agropecuaria
femenino;agropecuaria;servicios;la salle;2;15.0;2018/05/21;3100000;empresarial ed.
masculino;servicio;tienda;aranjuez;1;10.0;15/03/2018;6000000;agropecuaria
masculino;servicio;variedades;castilla;1;1.0;8/11/2017;5000000;agropecuaria
masculino;servicio;tienda;buenos aires;1;7.0;18/04/2017;6000000;agropecuaria
femenino;comercio;papeleria;aranjuezcito;3;3.0;4/10/2016;2000000;agropecuaria
masculino;servicio;fabrica de;robledo;1;4.0;24/09/2018;7800000;agropecuaria
masculino;comercio;almacen de ropa en;barrio caicedo;3;8.0;25/07/2017;6890000;agropecuaria
femenino;comercio;mantenimiento en;el salvador;3;2.0;16/03/2017;7377000;agropecuaria
femenino;industria;fabrica de productos;la sierra;2;80.0;11/01/2017;1800000;agropecuaria
masculino;servicio;comidas rapidas;manrique central no. 2;1;13.0;3/11/2016;4000000;agropecuaria
masculino;servicio;variedades;enciso;1;13.0;9/11/2017;4000000;agropecuaria
masculino;comercio;almacen de ropa en;manrique oriental;3;5.0;13/11/2018;6890000;agropecuaria
femenino;industria;taller de electronica;la loma;2;80.0;25/06/2019;2200000;agropecuaria
femenino;industria;venta de calzado;san jose de la cima no.;2;80.0;10/05/2019;7200000;agropecuaria
femenino;comercio;miscelanea;granizal;3;6.0;30/01/2017;7370000;agropecuaria
masculino;servicio;fabrica de;robledo;1;4.0;10/07/2018;7800000;agropecuaria
femenino;industria;lavanderia;san german;2;12.0;8/02/2019;7600000;agropecuaria
masculino;servicio;fabrica de;san javier no.1;1;7.0;13/03/2018;7000000;agropecuaria
femenino;industria;legumbreria;villa del socorro;2;16.0;3/08/2016;2500000;agropecuaria
masculino;comercio;peluqueria;doce de octubre no.1;3;5.0;22/06/2017;6890000;agropecuaria
femenino;comercio;restaurante;villa hermosa;3;2.0;30/05/2017;7377000;agropecuaria
masculino;comercio;peluqueria;la milagrosa;3;5.0;29/04/2019;7300000;agropecuaria
femenino;industria;granero;belalcazar;2;9.0;21/06/2016;1200000;agropecuaria
masculino;servicio;almacen de ropa en;campo valdes no. 1;3;8.0;29/01/2018;3000000;agropecuaria
masculino;servicio;tienda;buenos aires;1;7.0;30/10/2018;6000000;agropecuaria
masculino;servicio;tienda;cabecera san cristobal;1;1.0;11/10/2016;5000000;agropecuaria
masculino;servicio;comidas rapidas;manrique central no. 2;1;13.0;28/07/2017;4000000;agropecuaria
femenino;industria;cafeteria;llanaditas;2;16.0;31/01/2019;4500000;agropecuaria
masculino;servicio;fabrica de;robledo;1;4.0;5/06/2018;7800000;agropecuaria
masculino;servicio;comidas rapidas;santa cruz;1;13.0;29/11/2017;4000000;agropecuaria
masculino;servicio;fabrica de;robledo;1;4.0;6/06/2017;7800000;agropecuaria
masculino;servicio;tienda;popular;1;10.0;3/02/2017;6000000;agropecuaria
masculino;servicio;variedades;castilla;1;1.0;28/08/2017;5000000;agropecuaria
femenino;industria;fabrica de calzado;florencia;3;6.0;17/01/2018;6800000;agropecuaria
masculino;servicio;fabrica de;san javier no.1;1;7.0;30/01/2018;7000000;agropecuaria
masculino;comercio;peluqueria;moravia;3;2.0;5/05/2017;7300000;agropecuaria
masculino;servicio;tienda;popular;1;10.0;7/03/2018;5000000;agropecuaria
femenino;industria;ferreteria;santa lucia;2;60.0;2/05/2019;7500000;agropecuaria
masculino;servicio;comidas rapidas;cabecera san antonio;3;8.0;7/03/2017;3000000;agropecuaria
femenino;industria;reciclaje;zona expansion san;2;15.0;4/09/2018;1700000;agropecuaria
masculino;servicio;variedades;cabecera san cristobal;1;1.0;19/07/2017;5000000;agropecuaria
femenino;industria;fabrica de alimentos;calasanz;3;6.0;11/04/2016;1000000;agropecuaria
masculino;servicio;variedades;enciso;1;1.0;26/01/2018;5000000;agropecuaria
masculino;servicio;fabrica de;manrique central no. 1;1;4.0;15/02/2018;7000000;agropecuaria
masculino;comercio;peluqueria;manrique oriental;3;5.0;5/07/2017;6890000;agropecuaria
masculino;servicio;variedades;cabecera san cristobal;1;1.0;7/04/2017;5000000;agropecuaria
masculino;servicio;comidas rapidas;cabecera san antonio;3;8.0;16/01/2018;3000000;agropecuaria
masculino;comercio;almacen de ropa en;manrique oriental;3;5.0;3/04/2017;6890000;agropecuaria
masculino;servicio;tienda;popular;1;10.0;13/07/2018;6000000;agropecuaria
masculino;servicio;variedades;enciso;1;1.0;20/09/2017;5000000;agropecuaria
masculino;servicio;fabrica de;san javier no.1;1;7.0;7/05/2018;7000000;agropecuaria
masculino;comercio;peluqueria;doce de octubre no.1;3;5.0;26/05/2016;6890000;agropecuaria
femenino;industria;granero;palmitas;2;9.0;19/03/2019;1200000;agropecuaria
femenino;industria;cerrajeria;tricentenario;2;80.0;24/08/2016;30000000;agropecuaria
femenino;industria;ferreteria;kennedy;2;60.0;19/07/2016;7500000;agropecuaria
femenino;industria;ferreteria;kennedy;2;60.0;10/06/2016;7500000;agropecuaria
femenino;industria;panaderia;santa elena central;3;6.0;26/07/2016;1000000;agropecuaria
femenino;industria;fabrica de muebles;bombona no. 1;2;12.0;6/03/2019;8281160;agropecuaria
masculino;comercio;almacen de ropa en;manrique oriental;3;5.0;16/05/2017;6890000;agropecuaria
femenino;industria;cafe e internet;centro admtivo;2;6.0;1/12/2016;3500000;agropecuaria
femenino;industria;montallantas;santa ines;2;15.0;26/02/2016;19500000;agropecuaria
masculino;servicio;variedades;cabecera san cristobal;1;1.0;31/01/2018;5000000;agropecuaria
masculino;servicio;fabrica de;robledo;1;4.0;22/05/2018;7800000;agropecuaria
femenino;comercio;miscelanea;granizal;3;6.0;30/01/2017;7370000;agropecuaria
femenino;industria;legumbreria;trinidad;2;16.0;7/03/2019;2500000;agropecuaria
masculino;comercio;peluqueria;manrique oriental;3;5.0;1/08/2017;6890000;agropecuaria
femenino;agropecuaria;jardineria;caribe;2;70.0;2018/04/26;13700000;microempresarial
masculino;servicio;variedades;castilla;1;1.0;24/08/2017;5000000;agropecuaria
masculino;servicio;tienda;buenos aires;1;10.0;10/05/2018;6000000;agropecuaria
masculino;servicio;comidas rapidas;cabecera san antonio;3;8.0;27/06/2017;3000000;agropecuaria
masculino;servicio;comidas rapidas;santo domingo savio;3;8.0;15/01/2019;3000000;agropecuaria
femenino;industria;fabrica de muebles;bombona no. 1;2;12.0;6/03/2019;8281160;agropecuaria
femenino;industria;recreativo educativo;altavista;2;16.0;6/01/2017;2500000;agropecuaria
femenino;industria;marroquineria;el pesebre;2;15.0;17/05/2019;2700000;agropecuaria
masculino;servicio;fabrica de;robledo;1;4.0;6/02/2018;7800000;agropecuaria
femenino;industria;cafeteria;llanaditas;2;16.0;31/01/2019;4500000;agropecuaria
femenino;industria;legumbreria;las palmas;2;16.0;3/10/2016;2500000;agropecuaria
masculino;servicio;tienda;san javier no.1;1;7.0;5/09/2018;7000000;agropecuaria
femenino;agropecuaria;alquiler de peliculas;la volcana y guayabal;2;50.0;19/01/2016;7340000;credioportuno
femenino;industria;fabrica de muebles;el compromiso;2;12.0;30/04/2019;700000;agropecuaria
femenino;industria;montallantas;el triunfo;2;12.0;14/01/2016;600000;agropecuaria
femenino;industria;recreativo educativo;altavista;2;16.0;7/07/2016;2500000;agropecuaria
femenino;comercio;fabrica de calzado;granizal;3;6.0;14/07/2016;7370000;agropecuaria
femenino;comercio;distribuidora de;pedregal;3;3.0;29/09/2016;2000000;agropecuaria
masculino;servicio;fabrica de;robledo;1;4.0;6/03/2018;7800000;agropecuaria
masculino;servicio;comidas rapidas;santa cruz;1;13.0;23/10/2017;4000000;agropecuaria
masculino;servicio;tienda;popular;1;10.0;7/03/2018;5000000;agropecuaria
masculino;servicio;tienda;belen;1;7.0;8/06/2018;7000000;agropecuaria
femenino;agropecuaria;floristeria;el progreso no.2;2;90.0;20/06/2019;5880000;microempresarial
masculino;servicio;comidas rapidas;santa cruz;1;13.0;21/11/2017;4000000;agropecuaria
masculino;servicio;variedades;castilla;1;1.0;17/03/2017;5000000;agropecuaria
femenino;comercio;restaurante;moravia;3;2.0;8/06/2017;7300000;agropecuaria
femenino;industria;productos de belleza;juan xxiii la quiebra;2;16.0;22/11/2017;1500000;agropecuaria
masculino;comercio;almacen de ropa en;barrio caicedo;3;8.0;5/04/2017;6890000;agropecuaria
masculino;servicio;tienda;popular;1;10.0;23/04/2018;6000000;agropecuaria
femenino;industria;carpinteria;13 de noviembre;2;9.0;16/08/2016;8281000;agropecuaria
masculino;servicio;fabrica de;robledo;1;4.0;13/02/2018;7800000;agropecuaria
femenino;industria;fabrica de alimentos;picacho;3;6.0;6/09/2016;6800000;agropecuaria
masculino;servicio;fabrica de;manrique central no. 1;1;7.0;6/07/2018;7000000;agropecuaria
masculino;servicio;fabrica de;manrique central no. 1;1;7.0;6/07/2018;7000000;agropecuaria
masculino;servicio;comidas rapidas;santo domingo savio;1;13.0;25/10/2017;4000000;agropecuaria
masculino;servicio;variedades;castilla;1;1.0;17/03/2017;5000000;agropecuaria
masculino;comercio;peluqueria;la milagrosa;3;5.0;28/11/2016;7300000;agropecuaria
masculino;servicio;tienda;aranjuez;1;10.0;18/01/2019;6000000;agropecuaria
masculino;servicio;variedades;manrique central no. 2;1;13.0;17/08/2018;4000000;agropecuaria
masculino;servicio;fabrica de;robledo;1;4.0;25/05/2018;7800000;agropecuaria
masculino;servicio;comidas rapidas;manrique central no. 2;1;13.0;3/11/2016;4000000;agropecuaria
femenino;comercio;mantenimiento en;andalucia;3;2.0;26/08/2016;7377000;agropecuaria
masculino;servicio;tienda;aranjuez;1;10.0;18/01/2019;6000000;agropecuaria
masculino;servicio;fabrica de;robledo;1;4.0;14/09/2018;7800000;agropecuaria
femenino;comercio;papeleria;la floresta;3;3.0;8/04/2019;2000000;agropecuaria
femenino;industria;fabrica de arepas;la colina;2;12.0;6/12/2016;5800000;agropecuaria
masculino;servicio;variedades;castilla;1;1.0;17/07/2018;5000000;agropecuaria
femenino;industria;joyeria;jesus nazareno;2;12.0;17/02/2016;4600000;agropecuaria
masculino;servicio;variedades;enciso;1;1.0;8/03/2018;4000000;agropecuaria
masculino;comercio;almacen de ropa en;manrique oriental;3;5.0;24/10/2016;6890000;agropecuaria
femenino;comercio;distribuidora de;pedregal;3;3.0;13/03/2017;2000000;agropecuaria
masculino;servicio;variedades;cabecera san cristobal;1;1.0;7/04/2017;5000000;agropecuaria
femenino;comercio;papeleria;aranjuezcito;3;3.0;27/10/2017;2000000;agropecuaria
femenino;industria;cafe e internet;carpinelo;2;6.0;2/11/2018;3500000;agropecuaria
masculino;servicio;almacen de ropa en;campo valdes no. 1;3;8.0;7/02/2017;6890000;agropecuaria
masculino;servicio;variedades;enciso;1;1.0;17/11/2017;4000000;agropecuaria
masculino;servicio;fabrica de;robledo;1;4.0;6/02/2018;7800000;agropecuaria
masculino;servicio;comidas rapidas;santa cruz;1;13.0;23/11/2016;4000000;agropecuaria
masculino;servicio;fabrica de;manrique central no. 1;1;7.0;6/07/2018;7000000;agropecuaria
masculino;servicio;tienda;cabecera san cristobal;1;1.0;11/10/2016;5000000;agropecuaria
masculino;servicio;fabrica de;manrique central no. 1;1;7.0;16/07/2018;7000000;agropecuaria
femenino;industria;fabrica de alimentos;santander;3;6.0;27/04/2017;6800000;agropecuaria
femenino;industria;reciclaje;campo amor;2;15.0;21/12/2017;2100000;agropecuaria
masculino;servicio;tienda;aranjuez;1;10.0;17/07/2017;6000000;agropecuaria
masculino;servicio;variedades;castilla;1;1.0;30/04/2018;5000000;agropecuaria
masculino;servicio;tienda;buenos aires;1;10.0;12/07/2018;6000000;agropecuaria
masculino;servicio;tienda;popular;1;10.0;3/02/2017;6000000;agropecuaria
masculino;servicio;fabrica de;manrique central no. 1;1;4.0;25/07/2018;7800000;agropecuaria
femenino;industria;productos de belleza;la francia;2;16.0;25/07/2016;1500000;agropecuaria
femenino;industria;drogueria;el pinal;2;12.0;23/04/2019;3750000;agropecuaria
masculino;servicio;tienda;belen;1;7.0;7/06/2018;7000000;agropecuaria
masculino;comercio;peluqueria;doce de octubre no.1;3;5.0;17/02/2017;6890000;agropecuaria
masculino;servicio;fabrica de;san javier no.1;1;7.0;7/05/2018;7000000;agropecuaria
femenino;comercio;mantenimiento en;el salvador;3;2.0;26/04/2016;7377000;agropecuaria
masculino;servicio;tienda;belen;1;7.0;2/03/2018;7000000;agropecuaria
masculino;servicio;fabrica de;robledo;1;4.0;3/10/2018;7800000;agropecuaria
masculino;servicio;variedades;manrique central no. 2;1;13.0;6/08/2018;4000000;agropecuaria
masculino;servicio;fabrica de;robledo;1;4.0;14/09/2018;7800000;agropecuaria
masculino;servicio;variedades;manrique central no. 2;1;13.0;3/05/2018;4000000;agropecuaria
masculino;servicio;variedades;manrique central no. 2;1;13.0;22/11/2016;4000000;agropecuaria
femenino;comercio;papeleria;aranjuezcito;3;3.0;5/10/2017;2000000;agropecuaria
masculino;servicio;comidas rapidas;santo domingo savio;1;13.0;12/07/2016;3000000;agropecuaria
masculino;servicio;fabrica de;robledo;1;4.0;13/02/2018;7800000;agropecuaria
masculino;servicio;variedades;castilla;1;1.0;6/12/2018;5000000;agropecuaria
femenino;industria;fabrica de repuestos;sevilla;2;15.0;2/04/2019;6850000;agropecuaria
masculino;servicio;fabrica de;robledo;1;4.0;3/10/2018;7800000;agropecuaria
femenino;comercio;distribuidora de;andalucia;3;3.0;26/05/2017;7377000;agropecuaria
masculino;servicio;variedades;manrique central no. 2;1;13.0;17/08/2018;4000000;agropecuaria
masculino;comercio;peluqueria;doce de octubre no.1;3;5.0;17/02/2017;6890000;agropecuaria
femenino;comercio;papeleria;la floresta;3;3.0;17/11/2016;2000000;agropecuaria
femenino;industria;cafe e internet;carpinelo;2;16.0;13/12/2017;1500000;agropecuaria
masculino;comercio;almacen de ropa en;barrio caicedo;3;8.0;19/01/2017;6890000;agropecuaria
masculino;servicio;tienda;buenos aires;1;10.0;13/06/2017;6000000;agropecuaria
masculino;comercio;peluqueria;moravia;3;2.0;27/07/2016;7300000;agropecuaria
femenino;industria;ebanistaria;nuevos conquistadores;2;12.0;30/05/2019;73000000;agropecuaria
femenino;industria;variedades de helados;girardot;2;60.0;24/02/2017;8200000;agropecuaria
masculino;servicio;fabrica de;robledo;1;4.0;10/07/2018;7800000;agropecuaria
masculino;servicio;comidas rapidas;santa cruz;1;13.0;23/07/2018;4000000;agropecuaria
masculino;servicio;tienda;aranjuez;1;10.0;28/02/2018;6000000;agropecuaria
masculino;comercio;peluqueria;la milagrosa;3;5.0;15/08/2017;7300000;agropecuaria
femenino;comercio;mantenimiento en;andalucia;3;2.0;26/08/2016;7377000;agropecuaria
masculino;servicio;fabrica de;manrique central no. 1;1;4.0;25/07/2018;7800000;agropecuaria
femenino;industria;joyeria;jesus nazareno;2;12.0;17/02/2016;4600000;agropecuaria
femenino;industria;bares;cordoba;2;80.0;18/05/2017;6894000;agropecuaria
femenino;agropecuaria;fabrica de ceramica;laureles;2;90.0;14/03/2016;4426000;microempresarial
masculino;servicio;almacen de ropa en;campo valdes no. 1;3;8.0;7/02/2017;6890000;agropecuaria
masculino;comercio;peluqueria;moravia;3;2.0;16/12/2016;7300000;agropecuaria
masculino;servicio;almacen de ropa en;campo valdes no. 1;3;8.0;14/06/2016;3000000;agropecuaria
masculino;servicio;fabrica de;robledo;1;4.0;25/10/2018;7800000;agropecuaria
masculino;comercio;peluqueria;doce de octubre no.1;3;5.0;13/09/2016;7300000;agropecuaria
masculino;servicio;variedades;enciso;1;13.0;1/06/2017;4000000;agropecuaria
femenino;comercio;distribuidora de;pedregal;3;3.0;11/05/2017;2000000;agropecuaria
femenino;industria;fabrica de alimentos;picacho;3;6.0;14/12/2016;6800000;agropecuaria
femenino;industria;criadero de animales;boyaca;2;60.0;25/04/2019;8000000;agropecuaria
masculino;comercio;almacen de ropa en;barrio caicedo;3;8.0;2/08/2017;6890000;agropecuaria
masculino;servicio;fabrica de;san javier no.1;1;7.0;29/05/2018;7000000;agropecuaria
masculino;servicio;fabrica de;robledo;1;4.0;6/02/2018;7800000;agropecuaria
femenino;industria;variedades naturista;la avanzada;2;80.0;4/02/2016;1300000;agropecuaria
masculino;servicio;fabrica de;san javier no.1;1;7.0;26/07/2017;7000000;agropecuaria
femenino;industria;sembrados;prado;2;9.0;13/06/2019;8281000;agropecuaria
femenino;comercio;barberia;20 de julio;3;3.0;4/04/2017;7370000;agropecuaria
femenino;comercio;fabrica de calzado;florencia;3;6.0;2/11/2016;6800000;agropecuaria
masculino;servicio;fabrica de;robledo;1;4.0;14/03/2018;7800000;agropecuaria
masculino;servicio;tienda;belen;1;7.0;13/09/2017;7000000;agropecuaria
masculino;servicio;variedades;castilla;1;1.0;6/06/2018;5000000;agropecuaria
masculino;servicio;comidas rapidas;cabecera san antonio;3;8.0;13/01/2017;3000000;agropecuaria
masculino;servicio;almacen de ropa en;campo valdes no. 1;3;8.0;7/02/2017;6890000;agropecuaria
masculino;servicio;almacen de ropa en;campo valdes no. 1;3;8.0;18/08/2017;3000000;agropecuaria
masculino;servicio;variedades;castilla;1;1.0;2/10/2017;5000000;agropecuaria
masculino;servicio;fabrica de;manrique central no. 1;1;4.0;4/05/2018;7000000;agropecuaria
masculino;servicio;fabrica de;manrique central no. 1;1;4.0;13/07/2017;7800000;agropecuaria
masculino;servicio;fabrica de;robledo;1;4.0;11/10/2018;7800000;agropecuaria
masculino;servicio;almacen de ropa en;campo valdes no. 1;3;8.0;18/04/2018;3000000;agropecuaria
masculino;comercio;peluqueria;moravia;3;2.0;13/08/2018;7300000;agropecuaria
femenino;comercio;distribuidora de;pedregal;3;3.0;13/03/2017;2000000;agropecuaria
masculino;comercio;peluqueria;moravia;3;2.0;4/11/2016;7300000;agropecuaria
masculino;servicio;fabrica de;san javier no.1;1;7.0;7/05/2018;7000000;agropecuaria
masculino;servicio;fabrica de;san javier no.1;1;7.0;23/02/2017;7000000;agropecuaria
femenino;comercio;distribuidora de;andalucia;3;3.0;26/05/2017;7377000;agropecuaria
femenino;industria;criadero de animales;villa niza;2;60.0;27/08/2018;8000000;agropecuaria
femenino;comercio;distribuidora de;andalucia;3;3.0;29/03/2016;2000000;agropecuaria
masculino;servicio;tienda;belen;1;7.0;19/04/2018;7000000;agropecuaria
femenino;comercio;papeleria;aranjuezcito;3;3.0;24/02/2016;2000000;agropecuaria
femenino;industria;organización y;campo valdes no. 2;2;80.0;10/03/2016;14000000;agropecuaria
femenino;industria;fabrica de calzado;florencia;3;6.0;17/01/2018;6800000;agropecuaria
masculino;servicio;fabrica de;manrique central no. 1;1;7.0;5/02/2018;7000000;agropecuaria
masculino;servicio;comidas rapidas;santo domingo savio;3;13.0;19/10/2017;3000000;agropecuaria
femenino;industria;legumbreria;las palmas;2;16.0;31/03/2017;2500000;agropecuaria
masculino;comercio;peluqueria;la milagrosa;3;5.0;28/11/2016;7300000;agropecuaria
masculino;servicio;fabrica de;robledo;1;4.0;5/07/2018;7800000;agropecuaria
femenino;industria;legumbreria;trinidad;2;16.0;7/03/2019;2500000;agropecuaria
masculino;servicio;comidas rapidas;santa cruz;1;13.0;18/09/2017;4000000;agropecuaria
masculino;servicio;comidas rapidas;santa cruz;1;13.0;8/11/2016;4000000;agropecuaria
masculino;servicio;fabrica de;robledo;1;4.0;25/10/2018;7800000;agropecuaria
femenino;industria;variedades de helados;girardot;2;60.0;24/02/2017;8200000;agropecuaria
masculino;servicio;tienda;cabecera san cristobal;1;1.0;11/10/2016;5000000;agropecuaria
masculino;comercio;peluqueria;moravia;3;2.0;29/05/2019;7300000;agropecuaria
femenino;industria;fabrica de repuestos;el vergel;2;15.0;10/10/2017;3800000;agropecuaria
masculino;servicio;tienda;aranjuez;1;10.0;18/06/2018;6000000;agropecuaria
masculino;servicio;variedades;cabecera san cristobal;1;1.0;22/02/2018;5000000;agropecuaria
masculino;servicio;variedades;manrique central no. 2;1;13.0;13/10/2017;4000000;agropecuaria
femenino;industria;cafeteria;juan xxiii la quiebra;2;16.0;20/03/2019;1500000;agropecuaria
masculino;comercio;peluqueria;moravia;3;2.0;20/10/2017;7300000;agropecuaria
femenino;comercio;barberia;villatina;3;3.0;4/08/2016;7370000;agropecuaria
femenino;industria;variedades de helados;pablo vi;2;60.0;22/04/2019;6500000;agropecuaria
masculino;servicio;comidas rapidas;santa cruz;1;13.0;6/04/2018;4000000;agropecuaria
masculino;servicio;comidas rapidas;manrique central no. 2;1;13.0;11/07/2018;4000000;agropecuaria
femenino;industria;productos de belleza;juan xxiii la quiebra;2;16.0;20/03/2019;1500000;agropecuaria
femenino;industria;taller de mecanica;olaya herrera;2;60.0;16/05/2016;6500000;agropecuaria
masculino;servicio;variedades;castilla;1;1.0;22/03/2017;5000000;agropecuaria
masculino;servicio;fabrica de;san javier no.1;1;7.0;9/04/2018;7000000;agropecuaria
femenino;comercio;restaurante;villa hermosa;3;2.0;4/03/2016;7377000;agropecuaria
femenino;industria;fabrica de helados;lopez de mesa;2;9.0;15/01/2018;7812000;agropecuaria
femenino;industria;cafe e internet;carpinelo;2;16.0;13/12/2017;1500000;agropecuaria
masculino;servicio;fabrica de;san javier no.1;1;7.0;7/05/2018;7000000;agropecuaria
masculino;comercio;peluqueria;la milagrosa;3;5.0;28/11/2016;7300000;agropecuaria
masculino;servicio;tienda;cabecera san cristobal;1;1.0;4/07/2018;5000000;agropecuaria
masculino;servicio;comidas rapidas;cabecera san antonio;3;8.0;20/11/2018;3000000;agropecuaria
masculino;servicio;fabrica de;robledo;1;4.0;1/08/2018;7800000;agropecuaria
masculino;servicio;variedades;castilla;1;1.0;20/06/2018;5000000;agropecuaria
masculino;servicio;fabrica de;manrique central no. 1;1;4.0;16/04/2018;7800000;agropecuaria
femenino;industria;panaderia;boston;3;6.0;3/06/2016;3500000;agropecuaria
femenino;comercio;distribuidora de;andalucia;3;3.0;23/02/2018;2000000;agropecuaria
masculino;comercio;peluqueria;la milagrosa;3;5.0;28/11/2016;7300000;agropecuaria
femenino;industria;productos de belleza;la francia;2;16.0;16/09/2016;1500000;agropecuaria
masculino;servicio;almacen de ropa en;campo valdes no. 1;3;8.0;18/07/2018;3000000;agropecuaria
masculino;servicio;tienda;buenos aires;1;10.0;28/05/2018;6000000;agropecuaria
masculino;servicio;tienda;buenos aires;1;7.0;1/03/2018;6000000;agropecuaria
masculino;servicio;tienda;aranjuez;1;10.0;15/03/2018;6000000;agropecuaria
masculino;comercio;almacen de ropa en;barrio caicedo;3;8.0;19/01/2017;6890000;agropecuaria
femenino;industria;panaderia;calasanz;3;6.0;9/08/2016;1000000;agropecuaria
masculino;servicio;fabrica de;robledo;1;4.0;14/09/2018;7800000;agropecuaria
femenino;industria;granero;belalcazar;2;9.0;21/06/2016;1200000;agropecuaria
femenino;comercio;restaurante;el salvador;3;2.0;25/11/2016;7377000;agropecuaria
femenino;industria;ebanistaria;el chagualo;2;12.0;29/06/2016;4100000;agropecuaria
masculino;servicio;comidas rapidas;santa cruz;1;13.0;13/02/2019;4000000;agropecuaria
masculino;servicio;fabrica de;manrique central no. 1;1;4.0;13/07/2017;7800000;agropecuaria
masculino;servicio;comidas rapidas;manrique central no. 2;1;13.0;5/03/2018;4000000;agropecuaria
masculino;servicio;fabrica de;robledo;1;4.0;6/06/2017;7800000;agropecuaria
femenino;industria;bares;cordoba;2;80.0;28/06/2019;6894000;agropecuaria
masculino;servicio;fabrica de;robledo;1;4.0;21/02/2018;7800000;agropecuaria
masculino;servicio;tienda;popular;1;10.0;30/05/2018;6000000;agropecuaria
masculino;servicio;fabrica de;manrique central no. 1;1;7.0;6/07/2018;7000000;agropecuaria
masculino;servicio;tienda;buenos aires;1;7.0;12/06/2017;6000000;agropecuaria
masculino;servicio;fabrica de;robledo;1;4.0;1/08/2018;7800000;agropecuaria
masculino;servicio;comidas rapidas;santo domingo savio;1;13.0;12/07/2016;3000000;agropecuaria
femenino;industria;variedades de helados;olaya herrera;2;60.0;12/06/2019;6500000;agropecuaria
femenino;comercio;restaurante;villa hermosa;3;2.0;30/05/2017;7377000;agropecuaria
masculino;servicio;fabrica de;robledo;1;4.0;1/08/2018;7800000;agropecuaria
masculino;comercio;peluqueria;doce de octubre no.1;3;5.0;5/08/2016;6890000;agropecuaria
masculino;servicio;tienda;popular;1;10.0;15/03/2018;6000000;agropecuaria
masculino;servicio;comidas rapidas;manrique central no. 2;1;13.0;5/03/2018;4000000;agropecuaria
masculino;servicio;fabrica de;manrique central no. 1;1;4.0;16/04/2018;7800000;agropecuaria
masculino;comercio;peluqueria;manrique oriental;3;5.0;12/05/2017;6890000;agropecuaria
masculino;servicio;fabrica de;manrique central no. 1;1;4.0;29/08/2018;7800000;agropecuaria
masculino;servicio;variedades;enciso;1;13.0;6/10/2017;4000000;agropecuaria
femenino;comercio;restaurante;villa hermosa;3;2.0;7/10/2016;7377000;agropecuaria
masculino;servicio;tienda;popular;1;10.0;3/02/2017;6000000;agropecuaria
masculino;comercio;peluqueria;doce de octubre no.1;3;5.0;22/06/2017;6890000;agropecuaria
masculino;comercio;almacen de ropa en;barrio caicedo;3;8.0;8/03/2017;6890000;agropecuaria
masculino;servicio;fabrica de;manrique central no. 1;1;7.0;14/11/2018;7000000;agropecuaria
femenino;comercio;distribuidora de;pedregal;3;3.0;7/12/2017;2000000;agropecuaria
masculino;servicio;fabrica de;manrique central no. 1;1;4.0;27/06/2018;7000000;agropecuaria
femenino;industria;taller de mecanica;boyaca;2;60.0;27/03/2019;8000000;agropecuaria
masculino;servicio;fabrica de;san javier no.1;1;7.0;27/04/2018;7000000;agropecuaria
masculino;servicio;tienda;buenos aires;1;10.0;1/06/2018;6000000;agropecuaria
femenino;comercio;fabrica de calzado;florencia;3;6.0;1/04/2019;6800000;agropecuaria
femenino;industria;fabrica de alimentos;calasanz;3;6.0;17/01/2017;1000000;agropecuaria
femenino;industria;legumbreria;villa del socorro;2;16.0;9/09/2016;2500000;agropecuaria
femenino;comercio;mantenimiento en;guayabal;3;2.0;13/04/2018;7377000;agropecuaria
masculino;servicio;comidas rapidas;manrique central no. 2;1;13.0;7/11/2018;4000000;agropecuaria
masculino;servicio;variedades;cabecera san cristobal;1;1.0;22/02/2018;5000000;agropecuaria
masculino;servicio;variedades;cabecera san cristobal;1;1.0;30/06/2017;5000000;agropecuaria
masculino;servicio;variedades;enciso;1;1.0;26/01/2018;5000000;agropecuaria
masculino;servicio;fabrica de;robledo;1;4.0;25/05/2018;7800000;agropecuaria
masculino;servicio;variedades;castilla;1;1.0;12/06/2018;5000000;agropecuaria
masculino;servicio;tienda;cabecera san cristobal;1;1.0;4/07/2018;5000000;agropecuaria
masculino;servicio;comidas rapidas;cabecera san antonio;3;8.0;30/08/2017;3000000;agropecuaria
masculino;comercio;peluqueria;doce de octubre no.1;3;5.0;31/07/2017;6890000;agropecuaria
masculino;servicio;comidas rapidas;santa cruz;1;13.0;18/09/2017;4000000;agropecuaria
masculino;servicio;fabrica de;manrique central no. 1;1;4.0;22/06/2018;7800000;agropecuaria
masculino;comercio;peluqueria;la milagrosa;3;5.0;17/04/2017;7300000;agropecuaria
femenino;industria;cafe e internet;carpinelo;2;16.0;13/12/2017;1500000;agropecuaria
masculino;servicio;tienda;popular;1;10.0;20/04/2018;6000000;agropecuaria
masculino;servicio;fabrica de;manrique central no. 1;1;4.0;7/12/2016;7800000;agropecuaria
masculino;servicio;comidas rapidas;manrique central no. 2;1;13.0;25/04/2017;4000000;agropecuaria
femenino;industria;taller de mecanica;picachito;2;60.0;23/12/2016;6500000;agropecuaria
masculino;servicio;comidas rapidas;santo domingo savio;1;13.0;19/08/2016;4000000;agropecuaria
femenino;industria;criadero de animales;boyaca;2;60.0;10/03/2017;8000000;agropecuaria
femenino;comercio;papeleria;la floresta;3;3.0;16/06/2017;2000000;agropecuaria
masculino;servicio;fabrica de;robledo;1;4.0;22/05/2018;7800000;agropecuaria
femenino;industria;carpinteria;13 de noviembre;2;9.0;29/08/2016;8281000;agropecuaria
masculino;servicio;fabrica de;robledo;1;4.0;14/03/2018;7800000;agropecuaria
masculino;servicio;tienda;belen;1;7.0;26/04/2018;7000000;agropecuaria
masculino;servicio;variedades;enciso;1;1.0;8/03/2018;4000000;agropecuaria
femenino;industria;panaderia;calasanz;3;6.0;9/08/2016;1000000;agropecuaria
masculino;comercio;almacen de ropa en;barrio caicedo;3;8.0;8/03/2017;6890000;agropecuaria
femenino;industria;licorera;la cruz;2;15.0;1/04/2016;6750000;agropecuaria
masculino;servicio;fabrica de;san javier no.1;1;7.0;12/04/2018;7000000;agropecuaria
masculino;servicio;tienda;belen;1;7.0;3/04/2018;7000000;agropecuaria
femenino;comercio;restaurante;el salvador;3;2.0;4/12/2018;7377000;agropecuaria
masculino;servicio;comidas rapidas;santa cruz;1;13.0;29/11/2017;4000000;agropecuaria
masculino;servicio;tienda;buenos aires;1;10.0;1/06/2018;6000000;agropecuaria
masculino;servicio;tienda;belen;1;7.0;2/05/2018;7000000;agropecuaria
femenino;industria;criadero de animales;villa del socorro;2;16.0;8/03/2016;8000000;agropecuaria
masculino;servicio;fabrica de;robledo;1;4.0;6/03/2018;7800000;agropecuaria
masculino;servicio;almacen de ropa en;campo valdes no. 1;3;8.0;14/06/2016;3000000;agropecuaria
femenino;industria;drogueria;antonio nariño;2;12.0;27/05/2019;6300000;agropecuaria
femenino;industria;recreativo educativo;las palmas;2;16.0;30/09/2016;2500000;agropecuaria
masculino;servicio;tienda;belen;1;7.0;9/05/2017;7000000;agropecuaria
masculino;servicio;comidas rapidas;santo domingo savio;3;8.0;10/11/2016;3000000;agropecuaria
masculino;servicio;tienda;aranjuez;1;10.0;18/01/2019;6000000;agropecuaria
masculino;servicio;fabrica de;san javier no.1;1;7.0;7/05/2018;7000000;agropecuaria
masculino;servicio;fabrica de;robledo;1;4.0;6/03/2018;7800000;agropecuaria
masculino;comercio;peluqueria;manrique oriental;3;5.0;1/08/2017;6890000;agropecuaria
masculino;servicio;tienda;belen;1;7.0;19/04/2018;7000000;agropecuaria
masculino;servicio;tienda;aranjuez;1;10.0;20/03/2018;6000000;agropecuaria
femenino;industria;productos de belleza;la francia;2;16.0;25/07/2016;1500000;agropecuaria
femenino;industria;criadero de animales;villa niza;2;60.0;25/04/2019;8000000;agropecuaria
masculino;servicio;tienda;popular;1;10.0;20/11/2017;6000000;agropecuaria
masculino;servicio;fabrica de;robledo;1;4.0;1/08/2018;7800000;agropecuaria
masculino;comercio;almacen de ropa en;manrique oriental;3;5.0;20/10/2016;6890000;agropecuaria
masculino;comercio;almacen de ropa en;barrio caicedo;3;8.0;6/03/2017;6890000;agropecuaria
masculino;comercio;almacen de ropa en;barrio caicedo;3;8.0;23/03/2017;6890000;agropecuaria
masculino;comercio;almacen de ropa en;barrio caicedo;3;8.0;2/06/2017;6890000;agropecuaria
masculino;comercio;peluqueria;manrique oriental;3;5.0;15/05/2018;6890000;agropecuaria
masculino;servicio;variedades;castilla;1;1.0;28/08/2017;5000000;agropecuaria
masculino;servicio;fabrica de;robledo;1;4.0;24/10/2017;7800000;agropecuaria
masculino;servicio;fabrica de;manrique central no. 1;1;7.0;16/07/2018;7000000;agropecuaria
masculino;servicio;fabrica de;san javier no.1;1;7.0;22/09/2017;7000000;agropecuaria
femenino;industria;panaderia;santa elena central;3;6.0;3/11/2017;1000000;agropecuaria
masculino;servicio;tienda;popular;1;10.0;29/03/2017;5000000;agropecuaria
femenino;industria;granero;belalcazar;2;9.0;21/06/2016;1200000;agropecuaria
femenino;industria;panaderia;boston;3;6.0;13/06/2018;3500000;agropecuaria
femenino;comercio;barberia;20 de julio;3;3.0;11/02/2019;2000000;agropecuaria
femenino;industria;fabrica de alimentos;santander;3;6.0;27/04/2017;6800000;agropecuaria
femenino;industria;fabrica de productos;sucre;2;80.0;9/03/2016;19000000;agropecuaria
femenino;industria;recreativo educativo;las palmas;2;16.0;21/12/2016;2500000;agropecuaria
masculino;comercio;peluqueria;manrique oriental;3;5.0;15/05/2018;6890000;agropecuaria
masculino;servicio;fabrica de;robledo;1;4.0;5/06/2018;7800000;agropecuaria
femenino;comercio;restaurante;villa hermosa;3;2.0;31/07/2018;7377000;agropecuaria
masculino;servicio;tienda;cabecera san cristobal;1;1.0;22/02/2017;5000000;agropecuaria
femenino;comercio;papeleria;la floresta;3;3.0;18/04/2016;2000000;agropecuaria
femenino;comercio;restaurante;villa hermosa;3;2.0;14/11/2017;7377000;agropecuaria
masculino;servicio;fabrica de;manrique central no. 1;1;4.0;7/12/2016;7800000;agropecuaria
masculino;servicio;comidas rapidas;santo domingo savio;1;13.0;24/04/2017;4000000;agropecuaria
femenino;industria;carniceria;aguas frias;2;12.0;18/01/2016;5600000;agropecuaria
masculino;servicio;fabrica de;san javier no.1;1;7.0;9/04/2018;7000000;agropecuaria
femenino;comercio;mantenimiento en;guayabal;3;2.0;22/12/2016;7377000;agropecuaria
masculino;servicio;fabrica de;san javier no.1;1;7.0;17/05/2018;7000000;agropecuaria
masculino;servicio;tienda;buenos aires;1;10.0;26/10/2017;6000000;agropecuaria
masculino;servicio;fabrica de;robledo;1;4.0;5/07/2018;7800000;agropecuaria
masculino;servicio;tienda;belen;1;7.0;21/03/2017;6000000;agropecuaria
femenino;comercio;restaurante;villa hermosa;3;2.0;25/09/2017;7377000;agropecuaria
masculino;servicio;variedades;manrique central no. 2;1;13.0;27/02/2018;4000000;agropecuaria
masculino;servicio;variedades;castilla;1;1.0;17/07/2018;5000000;agropecuaria
masculino;servicio;fabrica de;robledo;1;4.0;24/10/2018;7800000;agropecuaria
masculino;servicio;tienda;belen;1;7.0;31/10/2018;7000000;agropecuaria
femenino;comercio;papeleria;la floresta;3;3.0;21/08/2018;2000000;agropecuaria
femenino;industria;variedades de helados;pablo vi;2;60.0;15/02/2019;6500000;agropecuaria
femenino;comercio;restaurante;villa hermosa;3;2.0;13/02/2017;7377000;agropecuaria
femenino;industria;cerrajeria;la esperanza;2;80.0;5/02/2019;6900000;agropecuaria
masculino;comercio;almacen de ropa en;barrio caicedo;3;8.0;29/11/2016;6890000;agropecuaria
femenino;agropecuaria;hoteles moteles;veinte de julio;2;50.0;2017/07/28;7860000;juridica y cap.semilla
masculino;servicio;tienda;popular;1;10.0;8/05/2017;6000000;agropecuaria
femenino;comercio;peluqueria;moravia;3;2.0;8/06/2017;7300000;agropecuaria
masculino;servicio;fabrica de;manrique central no. 1;1;7.0;7/02/2018;7000000;agropecuaria
masculino;servicio;tienda;buenos aires;1;7.0;18/04/2017;6000000;agropecuaria
masculino;servicio;fabrica de;robledo;1;4.0;22/05/2018;7800000;agropecuaria
femenino;industria;venta de calzado;tejelo;2;80.0;28/06/2018;800000;agropecuaria
masculino;servicio;fabrica de;san javier no.1;1;7.0;23/02/2017;7000000;agropecuaria
femenino;comercio;miscelanea;playon de los;3;6.0;31/05/2016;7370000;agropecuaria
masculino;servicio;fabrica de;san javier no.1;1;7.0;30/01/2018;7000000;agropecuaria
masculino;servicio;fabrica de;manrique central no. 1;1;7.0;16/07/2018;7000000;agropecuaria
masculino;servicio;fabrica de;robledo;1;4.0;24/10/2017;7800000;agropecuaria
femenino;comercio;restaurante;villa hermosa;3;2.0;25/09/2017;7377000;agropecuaria
femenino;industria;productos de belleza;juan xxiii la quiebra;2;16.0;22/11/2017;1500000;agropecuaria
masculino;servicio;tienda;buenos aires;1;7.0;30/10/2018;6000000;agropecuaria
masculino;servicio;tienda;buenos aires;1;7.0;12/06/2017;6000000;agropecuaria
masculino;servicio;fabrica de;robledo;1;4.0;25/04/2018;7800000;agropecuaria
masculino;servicio;comidas rapidas;santo domingo savio;1;13.0;5/04/2018;3000000;agropecuaria
masculino;comercio;almacen de ropa en;barrio caicedo;3;8.0;6/03/2017;6890000;agropecuaria
masculino;comercio;almacen de ropa en;barrio caicedo;3;8.0;6/10/2016;6890000;agropecuaria
masculino;servicio;tienda;aranjuez;1;10.0;19/05/2017;6000000;agropecuaria
masculino;servicio;fabrica de;manrique central no. 1;1;4.0;29/08/2018;7800000;agropecuaria
masculino;servicio;almacen de ropa en;campo valdes no. 1;3;8.0;18/08/2017;3000000;agropecuaria
masculino;servicio;fabrica de;robledo;1;4.0;6/06/2017;7800000;agropecuaria
femenino;industria;cafe e internet;boston;2;6.0;11/09/2017;3500000;agropecuaria
femenino;industria;fabrica de calzado;picacho;3;6.0;18/02/2019;6800000;agropecuaria
femenino;industria;legumbreria;trinidad;2;16.0;16/08/2018;2500000;agropecuaria
masculino;servicio;comidas rapidas;cabecera san antonio;3;8.0;3/08/2017;3000000;agropecuaria
masculino;comercio;peluqueria;moravia;3;2.0;5/05/2017;7300000;agropecuaria
masculino;servicio;fabrica de;manrique central no. 1;1;7.0;16/07/2018;7000000;agropecuaria
masculino;servicio;tienda;belen;1;7.0;21/03/2017;6000000;agropecuaria
masculino;servicio;fabrica de;manrique central no. 1;1;7.0;14/11/2018;7000000;agropecuaria
femenino;comercio;mantenimiento en;el salvador;3;2.0;18/12/2017;7377000;agropecuaria
masculino;servicio;comidas rapidas;santo domingo savio;1;13.0;14/08/2018;4000000;agropecuaria
masculino;servicio;variedades;cabecera san cristobal;1;1.0;10/08/2018;5000000;agropecuaria
femenino;industria;cerrajeria;san javier no.2;2;80.0;21/12/2018;5200000;agropecuaria
masculino;servicio;almacen de ropa en;campo valdes no. 1;3;8.0;18/08/2017;3000000;agropecuaria
femenino;comercio;barberia;20 de julio;3;3.0;8/09/2017;2000000;agropecuaria
masculino;servicio;comidas rapidas;santo domingo savio;3;13.0;27/07/2017;3000000;agropecuaria
femenino;industria;cafe e internet;carpinelo;2;16.0;13/12/2017;1500000;agropecuaria
masculino;servicio;comidas rapidas;santa cruz;1;13.0;8/11/2016;4000000;agropecuaria
femenino;industria;bares;tejelo;2;80.0;12/08/2016;800000;agropecuaria
masculino;servicio;variedades;cabecera san cristobal;1;1.0;12/10/2017;5000000;agropecuaria
masculino;comercio;peluqueria;doce de octubre no.1;3;5.0;21/11/2018;7300000;agropecuaria
femenino;industria;lavanderia;san german;2;12.0;28/01/2019;7600000;agropecuaria
femenino;comercio;mantenimiento en;guayabal;3;2.0;1/02/2017;7377000;agropecuaria
femenino;industria;cerrajeria;san javier no.2;2;80.0;21/12/2018;5200000;agropecuaria
femenino;comercio;restaurante;el salvador;3;2.0;9/11/2016;7377000;agropecuaria
masculino;servicio;fabrica de;san javier no.1;1;7.0;29/05/2018;7000000;agropecuaria
masculino;servicio;tienda;belen;1;7.0;9/05/2017;7000000;agropecuaria
masculino;servicio;tienda;belen;1;7.0;31/10/2018;7000000;agropecuaria
femenino;industria;venta de calzado;san jose de la cima no.;2;80.0;25/04/2016;7200000;agropecuaria
femenino;comercio;fabrica de calzado;granizal;3;6.0;22/01/2018;7370000;agropecuaria
masculino;comercio;peluqueria;moravia;3;5.0;27/07/2016;7300000;agropecuaria
masculino;comercio;almacen de ropa en;barrio caicedo;3;8.0;6/10/2016;6890000;agropecuaria
masculino;servicio;tienda;cabecera san cristobal;1;10.0;12/07/2017;5000000;agropecuaria
masculino;servicio;tienda;popular;1;10.0;8/05/2017;6000000;agropecuaria
femenino;comercio;restaurante;el salvador;3;2.0;21/09/2017;7377000;agropecuaria
masculino;servicio;variedades;castilla;1;1.0;6/12/2018;5000000;agropecuaria
femenino;comercio;distribuidora de;pedregal;3;3.0;29/09/2016;2000000;agropecuaria
femenino;comercio;restaurante;el salvador;3;2.0;4/12/2018;7377000;agropecuaria
femenino;comercio;papeleria;aranjuezcito;3;3.0;5/10/2017;2000000;agropecuaria
masculino;comercio;peluqueria;doce de octubre no.1;3;5.0;3/08/2018;7300000;agropecuaria
masculino;servicio;variedades;enciso;1;1.0;19/04/2017;5000000;agropecuaria
masculino;servicio;fabrica de;robledo;1;4.0;22/05/2018;7800000;agropecuaria
masculino;servicio;tienda;belen;1;7.0;23/05/2017;6000000;agropecuaria
masculino;comercio;peluqueria;la milagrosa;3;5.0;28/11/2016;7300000;agropecuaria
femenino;industria;venta de calzado;tejelo;2;80.0;21/10/2016;800000;agropecuaria
masculino;servicio;almacen de ropa en;campo valdes no. 1;3;8.0;29/01/2018;3000000;agropecuaria
masculino;servicio;tienda;popular;1;10.0;20/11/2017;6000000;agropecuaria
masculino;comercio;peluqueria;la milagrosa;3;5.0;24/08/2018;7300000;agropecuaria
femenino;industria;recreativo educativo;altavista;2;16.0;13/07/2016;4500000;agropecuaria
masculino;comercio;almacen de ropa en;barrio caicedo;3;8.0;6/10/2016;6890000;agropecuaria
masculino;comercio;peluqueria;moravia;3;2.0;13/08/2018;7300000;agropecuaria
masculino;servicio;tienda;belen;1;7.0;8/06/2018;7000000;agropecuaria
masculino;comercio;peluqueria;doce de octubre no.1;3;5.0;21/11/2018;7300000;agropecuaria
masculino;comercio;peluqueria;manrique oriental;3;5.0;5/07/2017;6890000;agropecuaria
masculino;servicio;comidas rapidas;cabecera san antonio;3;8.0;7/04/2016;3000000;agropecuaria
femenino;comercio;restaurante;moravia;3;2.0;24/05/2017;7300000;agropecuaria
masculino;servicio;tienda;san javier no.1;1;7.0;20/06/2017;7000000;agropecuaria
masculino;servicio;tienda;aranjuez;1;10.0;20/09/2018;6000000;agropecuaria
femenino;industria;ferreteria;kennedy;2;60.0;22/08/2017;7500000;agropecuaria
femenino;industria;cafe e internet;boston;2;6.0;11/09/2017;3500000;agropecuaria
femenino;industria;cafeteria;alfonso lopez;2;16.0;20/01/2017;4500000;agropecuaria
femenino;comercio;restaurante;villa hermosa;3;2.0;7/09/2017;7300000;agropecuaria
femenino;industria;fabrica de alimentos;calasanz;3;6.0;11/04/2016;1000000;agropecuaria
femenino;industria;productos de belleza;san pablo;2;16.0;14/12/2018;1500000;agropecuaria
masculino;servicio;variedades;cabecera san cristobal;1;1.0;31/01/2018;5000000;agropecuaria
femenino;comercio;miscelanea;granizal;3;6.0;2/05/2017;7370000;agropecuaria
femenino;industria;fotografia;la candelaria;2;9.0;14/09/2016;4400000;agropecuaria
masculino;servicio;tienda;belen;1;7.0;2/03/2018;7000000;agropecuaria
femenino;industria;cafeteria;juan xxiii la quiebra;2;16.0;27/01/2017;1500000;agropecuaria
masculino;servicio;variedades;castilla;1;1.0;2/10/2017;5000000;agropecuaria
masculino;servicio;variedades;castilla;1;1.0;17/03/2017;5000000;agropecuaria
masculino;servicio;comidas rapidas;santo domingo savio;1;13.0;14/08/2018;4000000;agropecuaria
masculino;servicio;tienda;popular;1;10.0;26/09/2017;5000000;agropecuaria
masculino;servicio;tienda;aranjuez;1;10.0;20/09/2018;6000000;agropecuaria
femenino;industria;fabrica de muebles;bombona no. 1;2;12.0;6/03/2019;8281160;agropecuaria
masculino;servicio;tienda;buenos aires;1;7.0;16/05/2018;6000000;agropecuaria
femenino;industria;panaderia;santa elena central;3;6.0;5/05/2016;1000000;agropecuaria
masculino;servicio;fabrica de;manrique central no. 1;1;4.0;13/07/2017;7800000;agropecuaria
femenino;industria;productos de belleza;la francia;2;16.0;22/11/2017;1500000;agropecuaria
masculino;servicio;comidas rapidas;santa cruz;1;13.0;23/07/2018;4000000;agropecuaria
masculino;servicio;tienda;buenos aires;1;7.0;13/12/2016;6000000;agropecuaria
masculino;servicio;comidas rapidas;cabecera san antonio;3;8.0;16/11/2016;3000000;agropecuaria
masculino;servicio;tienda;aranjuez;1;10.0;19/05/2017;6000000;agropecuaria
masculino;servicio;variedades;castilla;1;1.0;22/03/2017;5000000;agropecuaria
masculino;servicio;tienda;belen;1;7.0;22/03/2018;7000000;agropecuaria
masculino;servicio;comidas rapidas;santa cruz;1;13.0;23/10/2017;4000000;agropecuaria
masculino;servicio;variedades;castilla;1;1.0;28/08/2017;5000000;agropecuaria
femenino;industria;charcuteria;loreto;2;60.0;30/11/2018;8200000;agropecuaria
masculino;servicio;tienda;buenos aires;1;10.0;12/07/2018;6000000;agropecuaria
masculino;servicio;fabrica de;manrique central no. 1;1;4.0;14/02/2018;7000000;agropecuaria
masculino;servicio;fabrica de;san javier no.1;1;7.0;23/02/2017;7000000;agropecuaria
femenino;industria;fabrica de alimentos;calasanz;3;6.0;11/04/2016;1000000;agropecuaria
femenino;industria;taller de mecanica;olaya herrera;2;60.0;16/05/2019;6500000;agropecuaria
masculino;servicio;tienda;belen;1;7.0;24/07/2017;7000000;agropecuaria
masculino;servicio;tienda;cabecera san cristobal;1;10.0;7/03/2018;5000000;agropecuaria
femenino;comercio;mantenimiento en;guayabal;3;2.0;9/08/2018;7377000;agropecuaria
masculino;comercio;peluqueria;moravia;3;5.0;24/08/2018;7300000;agropecuaria
femenino;comercio;distribuidora de;pedregal;3;3.0;7/12/2017;2000000;agropecuaria
masculino;servicio;tienda;buenos aires;1;7.0;1/03/2018;6000000;agropecuaria
masculino;servicio;fabrica de;san javier no.1;1;7.0;13/03/2018;7000000;agropecuaria
masculino;servicio;comidas rapidas;manrique central no. 2;1;13.0;28/07/2017;4000000;agropecuaria
masculino;servicio;tienda;popular;1;10.0;27/09/2017;5000000;agropecuaria
femenino;industria;ferreteria;kennedy;2;60.0;1/12/2017;7500000;agropecuaria
femenino;comercio;distribuidora de;pedregal;3;3.0;7/12/2017;2000000;agropecuaria
masculino;servicio;tienda;belen;1;7.0;3/04/2018;7000000;agropecuaria
masculino;servicio;fabrica de;robledo;1;4.0;18/10/2018;7800000;agropecuaria
masculino;servicio;fabrica de;robledo;1;4.0;6/02/2018;7800000;agropecuaria
femenino;industria;joyeria;villa guadalupe;2;12.0;17/02/2016;3200000;agropecuaria
masculino;servicio;variedades;enciso;1;1.0;20/09/2017;5000000;agropecuaria
femenino;industria;bares;cordoba;2;80.0;13/10/2016;6894000;agropecuaria
masculino;comercio;peluqueria;doce de octubre no.1;3;5.0;18/11/2016;7300000;agropecuaria
masculino;servicio;comidas rapidas;santo domingo savio;1;13.0;26/10/2016;4000000;agropecuaria
masculino;servicio;almacen de ropa en;campo valdes no. 1;3;8.0;4/09/2017;3000000;agropecuaria
femenino;industria;productos de belleza;san pablo;2;16.0;5/04/2019;1500000;agropecuaria
masculino;servicio;comidas rapidas;santo domingo savio;1;13.0;26/10/2016;4000000;agropecuaria
masculino;comercio;almacen de ropa en;barrio caicedo;3;8.0;6/10/2016;6890000;agropecuaria
masculino;servicio;comidas rapidas;manrique central no. 2;1;13.0;11/07/2018;4000000;agropecuaria
masculino;servicio;variedades;castilla;1;1.0;26/02/2018;5000000;agropecuaria
masculino;servicio;comidas rapidas;santo domingo savio;3;13.0;8/08/2017;3000000;agropecuaria
masculino;servicio;variedades;enciso;1;1.0;24/04/2018;5000000;agropecuaria
masculino;servicio;fabrica de;san javier no.1;1;7.0;12/04/2018;7000000;agropecuaria
femenino;industria;panaderia;santa elena central;3;6.0;3/11/2017;1000000;agropecuaria
femenino;comercio;miscelanea;playon de los;3;3.0;16/11/2018;7370000;agropecuaria
femenino;industria;cafeteria;llanaditas;2;16.0;7/09/2016;4500000;agropecuaria
femenino;industria;legumbreria;las palmas;2;16.0;8/07/2016;2500000;agropecuaria
femenino;industria;joyeria;jesus nazareno;2;12.0;10/01/2018;2300000;agropecuaria
masculino;comercio;peluqueria;doce de octubre no.1;3;5.0;24/07/2018;7300000;agropecuaria
femenino;industria;cafeteria;juan xxiii la quiebra;2;16.0;15/09/2016;1500000;agropecuaria
masculino;servicio;comidas rapidas;santa cruz;1;13.0;6/07/2017;4000000;agropecuaria
masculino;servicio;fabrica de;san javier no.1;1;7.0;12/04/2018;7000000;agropecuaria
masculino;servicio;tienda;cabecera san cristobal;1;1.0;4/07/2018;5000000;agropecuaria
masculino;servicio;fabrica de;robledo;1;4.0;11/10/2018;7800000;agropecuaria
masculino;servicio;tienda;belen;1;7.0;9/05/2017;7000000;agropecuaria
femenino;comercio;mantenimiento en;guayabal;3;2.0;7/07/2017;7377000;agropecuaria
femenino;industria;taller de mecanica;boyaca;2;60.0;27/02/2019;8000000;agropecuaria
femenino;industria;recreativo educativo;alfonso lopez;2;16.0;14/08/2017;4500000;agropecuaria
femenino;industria;productos de belleza;la francia;2;16.0;25/07/2016;1500000;agropecuaria
masculino;servicio;variedades;manrique central no. 2;1;13.0;22/11/2016;4000000;agropecuaria
femenino;comercio;mantenimiento en;andalucia;3;2.0;20/04/2017;7377000;agropecuaria
masculino;servicio;almacen de ropa en;campo valdes no. 1;3;8.0;1/11/2018;3000000;agropecuaria
masculino;servicio;tienda;popular;1;10.0;30/05/2018;6000000;agropecuaria
femenino;comercio;miscelanea;villatina;3;3.0;28/04/2017;7370000;agropecuaria
masculino;servicio;variedades;enciso;1;1.0;8/03/2018;4000000;agropecuaria
femenino;comercio;mantenimiento en;guayabal;3;2.0;9/10/2017;7377000;agropecuaria
masculino;comercio;peluqueria;doce de octubre no.1;3;5.0;18/11/2016;7300000;agropecuaria
masculino;servicio;tienda;popular;1;10.0;20/04/2018;6000000;agropecuaria
masculino;servicio;variedades;manrique central no. 2;1;13.0;17/08/2018;4000000;agropecuaria
masculino;servicio;fabrica de;san javier no.1;1;7.0;17/05/2018;7000000;agropecuaria
femenino;comercio;fabrica de calzado;granizal;3;6.0;14/07/2017;7370000;agropecuaria
femenino;industria;fabrica de muebles;bombona no. 1;2;12.0;29/03/2019;8281160;agropecuaria
masculino;servicio;fabrica de;robledo;1;4.0;18/10/2018;7800000;agropecuaria
femenino;comercio;restaurante;el salvador;3;2.0;21/09/2017;7377000;agropecuaria
masculino;servicio;comidas rapidas;santa cruz;1;13.0;23/10/2017;4000000;agropecuaria
masculino;servicio;fabrica de;manrique central no. 1;1;4.0;25/07/2018;7800000;agropecuaria
masculino;servicio;fabrica de;robledo;1;4.0;13/02/2018;7800000;agropecuaria
masculino;servicio;fabrica de;manrique central no. 1;1;4.0;4/05/2018;7000000;agropecuaria
masculino;servicio;comidas rapidas;santa cruz;1;13.0;8/11/2016;4000000;agropecuaria
masculino;servicio;variedades;enciso;1;1.0;26/01/2018;5000000;agropecuaria
masculino;servicio;comidas rapidas;santa cruz;1;13.0;23/10/2017;4000000;agropecuaria
masculino;servicio;fabrica de;san javier no.1;1;7.0;29/05/2018;7000000;agropecuaria
femenino;industria;cafe e internet;centro admtivo;2;6.0;8/09/2016;3500000;agropecuaria
masculino;servicio;comidas rapidas;santo domingo savio;1;13.0;12/07/2016;3000000;agropecuaria
masculino;servicio;variedades;cabecera san cristobal;1;1.0;20/02/2018;5000000;agropecuaria
masculino;servicio;tienda;aranjuez;1;10.0;3/05/2017;6000000;agropecuaria
masculino;servicio;tienda;san javier no.1;1;7.0;20/06/2017;7000000;agropecuaria
femenino;industria;recreativo educativo;las palmas;2;16.0;30/09/2016;2500000;agropecuaria
masculino;servicio;tienda;belen;1;7.0;8/06/2018;7000000;agropecuaria
masculino;servicio;comidas rapidas;santa cruz;1;13.0;18/09/2017;4000000;agropecuaria
masculino;servicio;variedades;manrique central no. 2;1;13.0;13/10/2017;4000000;agropecuaria
masculino;servicio;fabrica de;manrique central no. 1;1;4.0;7/12/2016;7800000;agropecuaria
femenino;comercio;barberia;20 de julio;3;3.0;11/02/2019;2000000;agropecuaria
femenino;industria;recreativo educativo;altavista;2;16.0;13/07/2016;4500000;agropecuaria
masculino;servicio;comidas rapidas;santa cruz;1;13.0;18/09/2017;4000000;agropecuaria
femenino;comercio;distribuidora de;pedregal;3;3.0;8/11/2018;2000000;agropecuaria
femenino;industria;criadero de animales;villa niza;2;60.0;19/09/2016;8000000;agropecuaria
femenino;industria;productos de belleza;la francia;2;16.0;15/02/2016;1500000;agropecuaria
masculino;servicio;variedades;castilla;1;1.0;12/12/2017;5000000;agropecuaria
masculino;servicio;fabrica de;manrique central no. 1;1;4.0;25/07/2018;7800000;agropecuaria
femenino;industria;cafeteria;llanaditas;2;16.0;31/01/2019;4500000;agropecuaria
masculino;servicio;variedades;enciso;1;1.0;19/04/2017;5000000;agropecuaria
masculino;servicio;tienda;cabecera san cristobal;1;10.0;7/03/2018;5000000;agropecuaria
masculino;servicio;comidas rapidas;santo domingo savio;1;13.0;26/10/2016;4000000;agropecuaria
femenino;comercio;distribuidora de;andalucia;3;3.0;23/02/2018;2000000;agropecuaria
masculino;servicio;comidas rapidas;cabecera san antonio;3;8.0;16/01/2018;3000000;agropecuaria
masculino;servicio;tienda;popular;1;10.0;8/05/2017;6000000;agropecuaria
femenino;comercio;fabrica de calzado;granizal;3;6.0;21/07/2017;7370000;agropecuaria
masculino;servicio;fabrica de;robledo;1;4.0;11/10/2018;7800000;agropecuaria
femenino;comercio;mantenimiento en;guayabal;3;2.0;17/05/2017;7377000;agropecuaria
masculino;servicio;fabrica de;robledo;1;4.0;24/10/2018;7800000;agropecuaria
masculino;servicio;fabrica de;robledo;1;4.0;25/04/2018;7800000;agropecuaria
masculino;servicio;comidas rapidas;santo domingo savio;3;8.0;23/11/2017;3000000;agropecuaria
masculino;servicio;variedades;enciso;1;1.0;26/01/2018;5000000;agropecuaria
masculino;servicio;almacen de ropa en;campo valdes no. 1;3;8.0;18/07/2018;3000000;agropecuaria
masculino;servicio;fabrica de;robledo;1;4.0;14/09/2018;7800000;agropecuaria
masculino;servicio;fabrica de;robledo;1;4.0;14/03/2018;7800000;agropecuaria
masculino;servicio;comidas rapidas;santa cruz;1;13.0;15/11/2018;4000000;agropecuaria
masculino;servicio;comidas rapidas;santa cruz;1;13.0;23/07/2018;4000000;agropecuaria
femenino;industria;cafeteria;juan xxiii la quiebra;2;16.0;27/01/2017;1500000;agropecuaria
femenino;industria;taller de mecanica;picachito;2;60.0;23/12/2016;6500000;agropecuaria
masculino;servicio;tienda;belen;1;7.0;24/07/2017;7000000;agropecuaria
masculino;servicio;fabrica de;san javier no.1;1;7.0;9/04/2018;7000000;agropecuaria
masculino;servicio;fabrica de;manrique central no. 1;1;4.0;7/12/2016;7800000;agropecuaria
masculino;servicio;fabrica de;robledo;1;4.0;23/05/2018;7800000;agropecuaria
masculino;servicio;variedades;enciso;1;1.0;20/09/2017;5000000;agropecuaria
femenino;industria;fabrica de alimentos;santander;3;6.0;29/02/2016;6800000;agropecuaria
femenino;industria;productos de belleza;la francia;2;16.0;24/01/2017;1500000;agropecuaria
masculino;servicio;comidas rapidas;santa cruz;1;13.0;13/02/2019;4000000;agropecuaria
masculino;servicio;fabrica de;san javier no.1;1;7.0;29/10/2018;7000000;agropecuaria
masculino;servicio;fabrica de;san javier no.1;1;7.0;22/09/2017;7000000;agropecuaria
femenino;comercio;distribuidora de;andalucia;3;2.0;2/03/2017;7377000;agropecuaria
femenino;industria;cafeteria;llanaditas;2;16.0;7/09/2016;4500000;agropecuaria
masculino;comercio;peluqueria;la milagrosa;3;5.0;10/05/2017;7300000;agropecuaria
masculino;servicio;comidas rapidas;cabecera san antonio;3;8.0;16/11/2016;3000000;agropecuaria
masculino;servicio;tienda;cabecera san cristobal;1;10.0;31/05/2017;5000000;agropecuaria
femenino;comercio;mantenimiento en;guayabal;3;2.0;13/04/2018;7377000;agropecuaria
masculino;servicio;fabrica de;robledo;1;4.0;24/10/2018;7800000;agropecuaria
masculino;comercio;peluqueria;la milagrosa;3;5.0;10/05/2017;7300000;agropecuaria
masculino;servicio;variedades;cabecera san cristobal;1;1.0;27/07/2018;5000000;agropecuaria
masculino;servicio;variedades;castilla;1;1.0;17/03/2017;5000000;agropecuaria
masculino;servicio;fabrica de;manrique central no. 1;1;4.0;27/06/2018;7800000;agropecuaria
masculino;servicio;fabrica de;robledo;1;4.0;25/04/2018;7800000;agropecuaria
masculino;servicio;fabrica de;robledo;1;4.0;5/06/2018;7800000;agropecuaria
femenino;comercio;restaurante;villa hermosa;3;2.0;24/05/2017;7300000;agropecuaria
masculino;servicio;fabrica de;robledo;1;4.0;11/05/2018;7800000;agropecuaria
femenino;comercio;restaurante;el salvador;3;2.0;21/09/2017;7377000;agropecuaria
masculino;servicio;tienda;aranjuez;1;10.0;21/06/2018;6000000;agropecuaria
masculino;servicio;almacen de ropa en;campo valdes no. 1;3;8.0;18/07/2018;3000000;agropecuaria
masculino;servicio;comidas rapidas;santa cruz;1;13.0;19/01/2018;4000000;agropecuaria
femenino;industria;fabrica de productos;miranda;2;80.0;20/06/2016;4300000;agropecuaria
femenino;industria;cafe e internet;boston;3;6.0;7/06/2019;3500000;agropecuaria
femenino;comercio;papeleria;aranjuezcito;3;3.0;27/10/2017;2000000;agropecuaria
femenino;comercio;restaurante;villa hermosa;3;2.0;30/05/2017;7377000;agropecuaria
femenino;industria;productos de belleza;san pablo;2;16.0;7/06/2017;1500000;agropecuaria
femenino;industria;licorera;bel¿n;2;15.0;20/12/2017;6350000;agropecuaria
masculino;servicio;comidas rapidas;cabecera san antonio;3;8.0;27/11/2017;3000000;agropecuaria
femenino;industria;cafe e internet;centro admtivo;2;6.0;1/12/2016;3500000;agropecuaria
masculino;servicio;variedades;cabecera san cristobal;1;1.0;20/02/2018;5000000;agropecuaria
femenino;comercio;mantenimiento en;andalucia;3;2.0;26/08/2016;7377000;agropecuaria
masculino;comercio;peluqueria;la milagrosa;3;5.0;5/12/2017;7300000;agropecuaria
femenino;industria;fabrica de arepas;aures no. 2;2;12.0;21/06/2019;73770000;agropecuaria
femenino;industria;panaderia;santa elena central;3;6.0;26/07/2016;1000000;agropecuaria
femenino;industria;taller de mecanica;picachito;2;60.0;20/02/2016;6500000;agropecuaria
femenino;agropecuaria;venta de repuestos;las independencias;2;50.0;2017/07/28;11000000;juridica y cap.semilla
masculino;servicio;fabrica de;robledo;1;4.0;25/05/2018;7800000;agropecuaria
masculino;servicio;tienda;buenos aires;1;10.0;12/07/2018;6000000;agropecuaria
masculino;servicio;tienda;belen;1;7.0;10/04/2018;6000000;agropecuaria
femenino;comercio;papeleria;aranjuezcito;3;3.0;30/07/2018;2000000;agropecuaria
femenino;industria;criadero de animales;villa niza;2;60.0;25/04/2019;8000000;agropecuaria
masculino;servicio;fabrica de;san javier no.1;1;7.0;29/10/2018;7000000;agropecuaria
femenino;industria;bares;cordoba;2;80.0;21/09/2016;6894000;agropecuaria
masculino;servicio;tienda;belen;1;7.0;31/05/2018;7000000;agropecuaria
femenino;industria;drogueria;antonio nariño;2;12.0;26/12/2016;6300000;agropecuaria
masculino;servicio;variedades;cabecera san cristobal;1;1.0;30/06/2017;5000000;agropecuaria
masculino;servicio;fabrica de;san javier no.1;1;7.0;17/05/2018;7000000;agropecuaria
femenino;comercio;distribuidora de;pedregal;3;3.0;23/08/2016;2000000;agropecuaria
masculino;servicio;tienda;popular;1;10.0;8/05/2017;6000000;agropecuaria
masculino;servicio;tienda;aranjuez;1;10.0;30/10/2017;6000000;agropecuaria
femenino;agropecuaria;marqueteria;metropolitano;2;90.0;2016/09/26;14700000;empresarial ed.
masculino;servicio;fabrica de;san javier no.1;1;7.0;7/02/2018;7000000;agropecuaria
femenino;industria;productos de belleza;san pablo;2;16.0;7/06/2017;1500000;agropecuaria
masculino;servicio;fabrica de;manrique central no. 1;1;7.0;6/07/2018;7000000;agropecuaria
masculino;servicio;comidas rapidas;manrique central no. 2;1;13.0;7/11/2018;4000000;agropecuaria
masculino;servicio;comidas rapidas;manrique central no. 2;1;13.0;11/07/2018;4000000;agropecuaria
femenino;industria;fabrica de alimentos;santander;3;6.0;27/04/2017;6800000;agropecuaria
femenino;industria;fabrica de arepas;aures no. 2;2;12.0;19/05/2016;73770000;agropecuaria
masculino;servicio;fabrica de;robledo;1;4.0;5/07/2018;7800000;agropecuaria
masculino;servicio;almacen de ropa en;campo valdes no. 1;3;8.0;29/06/2017;3000000;agropecuaria
masculino;comercio;almacen de ropa en;barrio caicedo;3;8.0;16/02/2017;6890000;agropecuaria
masculino;servicio;fabrica de;san javier no.1;1;7.0;26/07/2017;7000000;agropecuaria
masculino;servicio;comidas rapidas;cabecera san antonio;3;8.0;20/02/2017;3000000;agropecuaria
femenino;agropecuaria;lavadero de;cataluna;2;15.0;5/07/2016;1405000;empresarial ed.
femenino;industria;panaderia;santa elena central;3;6.0;15/03/2019;1000000;agropecuaria
femenino;industria;fabrica de helados;blanquizal;2;9.0;18/03/2016;7812000;agropecuaria
femenino;industria;ferreteria;kennedy;2;60.0;1/12/2017;7500000;agropecuaria
masculino;servicio;tienda;belen;1;7.0;16/02/2018;7000000;agropecuaria
masculino;servicio;variedades;castilla;1;1.0;5/09/2017;5000000;agropecuaria
femenino;comercio;restaurante;villa hermosa;3;2.0;14/11/2017;7377000;agropecuaria
femenino;industria;sembrados;la pradera;2;9.0;20/12/2018;7500000;agropecuaria
femenino;industria;drogueria;el compromiso;2;12.0;30/04/2019;700000;agropecuaria
masculino;comercio;peluqueria;la milagrosa;3;5.0;24/08/2018;7300000;agropecuaria
femenino;comercio;distribuidora de;pedregal;3;3.0;8/06/2016;2000000;agropecuaria
masculino;servicio;comidas rapidas;santa cruz;1;13.0;15/11/2018;4000000;agropecuaria
masculino;servicio;tienda;aranjuez;1;10.0;27/03/2017;6000000;agropecuaria
masculino;servicio;comidas rapidas;santo domingo savio;1;13.0;5/04/2018;3000000;agropecuaria
masculino;servicio;comidas rapidas;manrique central no. 2;1;13.0;3/11/2016;4000000;agropecuaria
femenino;industria;criadero de animales;villa niza;2;60.0;11/12/2017;8000000;agropecuaria
masculino;servicio;comidas rapidas;manrique central no. 2;1;13.0;7/11/2018;4000000;agropecuaria
femenino;industria;publicidad y;blanquizal;2;9.0;28/05/2019;7812000;agropecuaria
masculino;servicio;tienda;buenos aires;1;10.0;1/06/2018;6000000;agropecuaria
masculino;comercio;peluqueria;la milagrosa;3;5.0;10/05/2017;7300000;agropecuaria
masculino;servicio;fabrica de;robledo;1;4.0;26/10/2018;7800000;agropecuaria
femenino;industria;fabrica de alimentos;santander;3;6.0;25/01/2019;1000000;agropecuaria
masculino;servicio;variedades;manrique central no. 2;1;13.0;17/08/2018;4000000;agropecuaria
masculino;servicio;variedades;castilla;1;1.0;6/06/2018;5000000;agropecuaria
masculino;servicio;fabrica de;san javier no.1;1;7.0;26/07/2017;7000000;agropecuaria
masculino;servicio;comidas rapidas;cabecera san antonio;3;8.0;7/04/2016;3000000;agropecuaria
masculino;servicio;variedades;castilla;1;1.0;5/09/2017;5000000;agropecuaria
masculino;servicio;variedades;enciso;1;13.0;28/06/2017;4000000;agropecuaria
femenino;comercio;miscelanea;villatina;3;3.0;25/08/2017;7370000;agropecuaria
masculino;servicio;tienda;aranjuez;1;10.0;28/02/2018;6000000;agropecuaria
masculino;servicio;comidas rapidas;manrique central no. 2;1;13.0;25/04/2017;4000000;agropecuaria
masculino;servicio;almacen de ropa en;campo valdes no. 1;3;8.0;18/07/2018;3000000;agropecuaria
femenino;industria;taller de mecanica;olaya herrera;2;60.0;16/05/2019;6500000;agropecuaria
femenino;industria;productos de belleza;san pablo;2;16.0;7/06/2017;1500000;agropecuaria
masculino;servicio;fabrica de;san javier no.1;1;7.0;17/05/2018;7000000;agropecuaria
femenino;industria;bares;cordoba;2;80.0;21/09/2016;6894000;agropecuaria
masculino;servicio;tienda;popular;1;10.0;15/03/2018;6000000;agropecuaria
masculino;servicio;variedades;enciso;1;1.0;18/05/2018;5000000;agropecuaria
masculino;servicio;fabrica de;robledo;1;4.0;10/07/2018;7800000;agropecuaria
femenino;industria;variedades naturista;sucre;2;80.0;2/06/2016;19000000;agropecuaria
femenino;comercio;barberia;la floresta;3;3.0;8/02/2017;2000000;agropecuaria
masculino;servicio;tienda;aranjuez;1;10.0;27/03/2017;6000000;agropecuaria
femenino;industria;sembrados;la pradera;2;60.0;1/03/2016;7500000;agropecuaria
femenino;industria;ebanistaria;cristo rey;2;12.0;4/04/2019;4100000;agropecuaria
masculino;servicio;fabrica de;san javier no.1;1;7.0;17/05/2018;7000000;agropecuaria
masculino;servicio;variedades;castilla;1;1.0;6/12/2018;5000000;agropecuaria
masculino;servicio;fabrica de;san javier no.1;1;7.0;9/05/2018;7000000;agropecuaria
femenino;industria;criadero de animales;villa niza;2;60.0;27/08/2018;8000000;agropecuaria
masculino;comercio;peluqueria;doce de octubre no.1;3;5.0;21/04/2017;7300000;agropecuaria
masculino;servicio;comidas rapidas;santo domingo savio;3;8.0;21/03/2018;3000000;agropecuaria
masculino;servicio;variedades;castilla;1;1.0;28/08/2017;5000000;agropecuaria
femenino;industria;cafe e internet;carpinelo;2;6.0;2/11/2018;3500000;agropecuaria
masculino;servicio;variedades;castilla;1;1.0;2/10/2017;5000000;agropecuaria
masculino;comercio;almacen de ropa en;manrique oriental;3;5.0;19/11/2016;6890000;agropecuaria
masculino;comercio;almacen de ropa en;manrique oriental;3;5.0;21/02/2017;6890000;agropecuaria
femenino;industria;carpinteria;13 de noviembre;2;9.0;29/08/2016;8281000;agropecuaria
femenino;industria;fabrica de alimentos;santander;3;6.0;4/12/2017;6800000;agropecuaria
femenino;industria;legumbreria;trinidad;2;16.0;16/08/2018;2500000;agropecuaria
masculino;servicio;comidas rapidas;santo domingo savio;3;13.0;8/08/2017;3000000;agropecuaria
masculino;servicio;tienda;belen;1;7.0;10/04/2018;6000000;agropecuaria
masculino;servicio;variedades;enciso;1;13.0;28/06/2017;4000000;agropecuaria
masculino;servicio;comidas rapidas;campo valdes no. 1;3;8.0;22/09/2016;3000000;agropecuaria
masculino;servicio;fabrica de;manrique central no. 1;1;7.0;7/02/2018;7000000;agropecuaria
masculino;servicio;tienda;belen;1;7.0;7/06/2018;7000000;agropecuaria
femenino;comercio;barberia;20 de julio;3;3.0;26/07/2018;7370000;agropecuaria
masculino;servicio;tienda;buenos aires;1;7.0;1/03/2018;6000000;agropecuaria
femenino;comercio;papeleria;la floresta;3;3.0;17/11/2016;2000000;agropecuaria
masculino;servicio;tienda;popular;1;10.0;13/07/2018;6000000;agropecuaria
masculino;servicio;tienda;san javier no.1;1;7.0;20/06/2017;7000000;agropecuaria
masculino;comercio;peluqueria;la milagrosa;3;5.0;12/04/2016;7300000;agropecuaria
masculino;servicio;comidas rapidas;manrique central no. 2;1;13.0;22/05/2019;4000000;agropecuaria
masculino;servicio;variedades;cabecera san cristobal;1;1.0;27/07/2018;5000000;agropecuaria
masculino;servicio;variedades;castilla;1;1.0;4/08/2017;5000000;agropecuaria
masculino;servicio;variedades;enciso;1;13.0;1/06/2017;4000000;agropecuaria
masculino;servicio;fabrica de;robledo;1;4.0;7/11/2017;7800000;agropecuaria
masculino;comercio;almacen de ropa en;manrique oriental;3;5.0;13/11/2018;6890000;agropecuaria
masculino;servicio;fabrica de;robledo;1;4.0;14/03/2018;7800000;agropecuaria
masculino;servicio;almacen de ropa en;campo valdes no. 1;3;8.0;1/11/2018;3000000;agropecuaria
femenino;industria;panaderia;santa elena central;3;6.0;5/05/2016;1000000;agropecuaria
masculino;servicio;fabrica de;robledo;1;4.0;25/04/2018;7800000;agropecuaria
femenino;industria;legumbreria;villa del socorro;2;16.0;9/09/2016;2500000;agropecuaria
masculino;servicio;comidas rapidas;cabecera san antonio;3;8.0;13/01/2017;3000000;agropecuaria
femenino;comercio;papeleria;la floresta;3;3.0;21/08/2018;2000000;agropecuaria
masculino;servicio;fabrica de;robledo;1;4.0;25/05/2018;7800000;agropecuaria
femenino;comercio;restaurante;el salvador;3;2.0;19/12/2016;7377000;agropecuaria
masculino;servicio;comidas rapidas;cabecera san antonio;3;8.0;3/03/2017;3000000;agropecuaria
masculino;servicio;variedades;manrique central no. 2;1;13.0;17/08/2018;4000000;agropecuaria
femenino;comercio;restaurante;villa hermosa;3;2.0;25/09/2017;7377000;agropecuaria
masculino;servicio;tienda;aranjuez;1;10.0;17/07/2017;6000000;agropecuaria
masculino;servicio;comidas rapidas;santa cruz;1;13.0;23/07/2018;4000000;agropecuaria
masculino;servicio;fabrica de;robledo;1;4.0;5/06/2018;7800000;agropecuaria
femenino;industria;taller de mecanica;picachito;2;60.0;27/03/2019;8000000;agropecuaria
masculino;servicio;comidas rapidas;campo valdes no. 1;3;8.0;3/08/2017;3000000;agropecuaria
masculino;servicio;fabrica de;robledo;1;4.0;1/08/2018;7800000;agropecuaria
masculino;servicio;tienda;buenos aires;1;10.0;9/03/2017;6000000;agropecuaria
femenino;industria;panaderia;santa elena central;3;6.0;5/05/2016;1000000;agropecuaria
femenino;industria;ferreteria;kennedy;2;60.0;19/07/2016;7500000;agropecuaria
masculino;servicio;tienda;buenos aires;1;10.0;13/06/2017;6000000;agropecuaria
masculino;servicio;fabrica de;robledo;1;4.0;1/08/2018;7800000;agropecuaria
femenino;industria;fotografia;la candelaria;2;9.0;2/02/2017;4400000;agropecuaria
masculino;servicio;tienda;popular;1;10.0;31/10/2017;6000000;agropecuaria
masculino;servicio;fabrica de;robledo;1;4.0;3/10/2018;7800000;agropecuaria
masculino;servicio;tienda;aranjuez;1;10.0;28/02/2018;6000000;agropecuaria
masculino;servicio;almacen de ropa en;campo valdes no. 1;3;8.0;18/07/2018;3000000;agropecuaria
masculino;servicio;tienda;san javier no.1;1;7.0;20/06/2017;7000000;agropecuaria
masculino;servicio;variedades;enciso;1;13.0;6/10/2017;4000000;agropecuaria
femenino;comercio;fabrica de calzado;florencia;3;6.0;1/04/2019;6800000;agropecuaria
masculino;servicio;fabrica de;robledo;1;4.0;18/10/2018;7800000;agropecuaria
masculino;servicio;tienda;belen;1;7.0;23/05/2017;6000000;agropecuaria
femenino;industria;recreativo educativo;las palmas;2;16.0;3/10/2016;2500000;agropecuaria
masculino;comercio;peluqueria;moravia;3;2.0;15/06/2017;7300000;agropecuaria
masculino;comercio;peluqueria;doce de octubre no.1;3;5.0;13/09/2016;7300000;agropecuaria
masculino;servicio;comidas rapidas;santa cruz;1;13.0;29/11/2017;4000000;agropecuaria
masculino;servicio;fabrica de;manrique central no. 1;1;7.0;1/02/2018;7000000;agropecuaria
femenino;industria;fabrica de colchones;san pedro;2;15.0;2018/06/7;27000000;agropecuaria
masculino;servicio;tienda;buenos aires;1;10.0;28/05/2018;6000000;agropecuaria
masculino;servicio;fabrica de;robledo;1;4.0;26/10/2018;7800000;agropecuaria
masculino;servicio;fabrica de;san javier no.1;1;7.0;23/02/2017;7000000;agropecuaria
masculino;comercio;almacen de ropa en;manrique oriental;3;5.0;14/06/2017;6890000;agropecuaria
masculino;servicio;variedades;cabecera san cristobal;1;1.0;10/08/2018;5000000;agropecuaria
masculino;servicio;tienda;buenos aires;1;10.0;14/06/2018;6000000;agropecuaria
femenino;comercio;distribuidora de;pedregal;3;3.0;8/06/2016;2000000;agropecuaria
femenino;industria;charcuteria;loreto;2;60.0;20/02/2019;8200000;agropecuaria
masculino;servicio;fabrica de;san javier no.1;1;7.0;29/10/2018;7000000;agropecuaria
masculino;servicio;variedades;enciso;1;1.0;26/01/2018;5000000;agropecuaria
masculino;servicio;fabrica de;san javier no.1;1;7.0;9/04/2018;7000000;agropecuaria
masculino;servicio;variedades;castilla;1;1.0;2/10/2017;5000000;agropecuaria
femenino;industria;fabrica de colchones;eduardo santos;2;15.0;1/03/2019;7100000;agropecuaria
femenino;industria;gimnasio;pedregal alto;2;15.0;4/06/2019;17100000;empresarial ed.
masculino;servicio;comidas rapidas;manrique central no. 2;1;13.0;11/07/2018;4000000;agropecuaria
masculino;servicio;variedades;cabecera san cristobal;1;1.0;31/01/2018;5000000;agropecuaria
masculino;servicio;variedades;cabecera san cristobal;1;1.0;27/07/2018;5000000;agropecuaria
masculino;servicio;fabrica de;san javier no.1;1;7.0;22/09/2017;7000000;agropecuaria
masculino;servicio;fabrica de;san javier no.1;1;7.0;13/03/2018;7000000;agropecuaria
masculino;servicio;almacen de ropa en;campo valdes no. 1;3;8.0;18/08/2017;3000000;agropecuaria
masculino;servicio;tienda;cabecera san cristobal;1;1.0;11/10/2016;5000000;agropecuaria
femenino;industria;criadero de animales;villa niza;2;60.0;11/12/2017;8000000;agropecuaria
masculino;servicio;fabrica de;robledo;1;4.0;3/10/2018;7800000;agropecuaria
femenino;agropecuaria;mensajeria;el rincon;2;90.0;20/06/2019;250000;microempresarial
femenino;comercio;restaurante;villa hermosa;3;2.0;4/10/2017;7377000;agropecuaria
femenino;industria;cafeteria;alfonso lopez;2;16.0;25/10/2016;4500000;agropecuaria
masculino;servicio;variedades;castilla;1;1.0;28/08/2017;5000000;agropecuaria
masculino;servicio;fabrica de;robledo;1;4.0;24/10/2018;7800000;agropecuaria
masculino;servicio;comidas rapidas;santa cruz;1;13.0;28/11/2017;4000000;agropecuaria
femenino;agropecuaria;venta de pollos;progreso;2;70.0;2017/06/8;6690000;microempresarial
masculino;servicio;tienda;cabecera san cristobal;1;1.0;4/07/2018;5000000;agropecuaria
femenino;industria;organización y;la libertad;2;80.0;16/02/2016;20000000;agropecuaria
masculino;servicio;comidas rapidas;santa cruz;1;13.0;6/04/2018;4000000;agropecuaria
femenino;industria;fabrica de helados;lopez de mesa;2;9.0;18/03/2016;7812000;agropecuaria
masculino;servicio;comidas rapidas;santa cruz;1;13.0;6/04/2018;4000000;agropecuaria
masculino;servicio;comidas rapidas;santa cruz;1;13.0;15/11/2018;4000000;agropecuaria
masculino;servicio;comidas rapidas;manrique central no. 2;1;13.0;5/03/2018;4000000;agropecuaria
femenino;comercio;distribuidora de;andalucia;3;3.0;23/02/2018;2000000;agropecuaria
masculino;servicio;tienda;popular;1;10.0;3/02/2017;6000000;agropecuaria
femenino;comercio;mantenimiento en;el salvador;3;2.0;16/03/2017;7377000;agropecuaria
masculino;servicio;variedades;cabecera san cristobal;1;1.0;27/07/2018;5000000;agropecuaria
femenino;industria;recreativo educativo;alfonso lopez;2;16.0;17/03/2016;4500000;agropecuaria
masculino;servicio;fabrica de;manrique central no. 1;1;7.0;7/02/2018;7000000;agropecuaria
masculino;servicio;tienda;popular;1;10.0;10/09/2018;6000000;agropecuaria
masculino;servicio;fabrica de;manrique central no. 1;1;4.0;13/07/2017;7800000;agropecuaria
femenino;industria;legumbreria;trinidad;2;16.0;31/03/2017;2500000;agropecuaria
femenino;industria;fotografia;la candelaria;2;9.0;1/06/2016;4400000;agropecuaria
masculino;comercio;almacen de ropa en;barrio caicedo;3;5.0;1/09/2017;6890000;agropecuaria
masculino;servicio;comidas rapidas;cabecera san antonio;3;8.0;28/03/2017;3000000;agropecuaria
femenino;industria;sembrados;prado;2;9.0;13/06/2019;8281000;agropecuaria
masculino;servicio;fabrica de;robledo;1;4.0;25/05/2018;7800000;agropecuaria
masculino;servicio;variedades;castilla;1;1.0;12/12/2017;5000000;agropecuaria
masculino;comercio;peluqueria;doce de octubre no.1;3;5.0;26/05/2016;6890000;agropecuaria
femenino;industria;fabrica de alimentos;picacho;3;6.0;15/05/2017;6800000;agropecuaria
masculino;servicio;comidas rapidas;cabecera san antonio;3;8.0;7/03/2017;3000000;agropecuaria
masculino;servicio;comidas rapidas;campo valdes no. 1;3;8.0;22/09/2016;3000000;agropecuaria
femenino;industria;fabrica de productos;miranda;2;80.0;1/08/2016;4300000;agropecuaria
masculino;servicio;almacen de ropa en;campo valdes no. 1;3;8.0;4/09/2017;3000000;agropecuaria
masculino;comercio;peluqueria;doce de octubre no.1;3;5.0;14/03/2017;7300000;agropecuaria
femenino;industria;ferreteria;santa lucia;2;60.0;1/09/2016;7500000;agropecuaria
masculino;comercio;peluqueria;moravia;3;2.0;13/08/2018;7300000;agropecuaria
masculino;servicio;comidas rapidas;santo domingo savio;1;13.0;12/07/2016;4000000;agropecuaria
femenino;industria;sembrados;la pradera;2;9.0;20/12/2018;7500000;agropecuaria
femenino;comercio;mantenimiento en;guayabal;3;2.0;9/08/2018;7377000;agropecuaria
masculino;servicio;fabrica de;robledo;1;4.0;24/10/2018;7800000;agropecuaria
femenino;industria;montallantas;santa ines;2;15.0;26/02/2016;13000000;agropecuaria
femenino;industria;cafeteria;llanaditas;2;16.0;10/05/2016;4500000;agropecuaria
femenino;comercio;restaurante;villa hermosa;3;2.0;25/09/2017;7377000;agropecuaria
masculino;servicio;fabrica de;manrique central no. 1;1;4.0;25/07/2018;7800000;agropecuaria
masculino;servicio;fabrica de;robledo;1;4.0;25/04/2018;7800000;agropecuaria
femenino;industria;cafeteria;alfonso lopez;2;16.0;25/10/2016;4500000;agropecuaria
masculino;servicio;comidas rapidas;cabecera san antonio;3;8.0;7/03/2017;3000000;agropecuaria
femenino;comercio;mantenimiento en;guayabal;3;2.0;9/10/2017;7377000;agropecuaria
masculino;servicio;tienda;belen;1;7.0;2/05/2018;7000000;agropecuaria
masculino;comercio;peluqueria;doce de octubre no.1;3;5.0;21/11/2018;7300000;agropecuaria
femenino;industria;organización y;campo valdes no. 2;2;80.0;10/03/2016;14000000;agropecuaria
masculino;servicio;tienda;belen;1;7.0;13/09/2017;7000000;agropecuaria
masculino;comercio;peluqueria;moravia;3;2.0;16/12/2016;7300000;agropecuaria
masculino;servicio;fabrica de;san javier no.1;1;7.0;5/09/2018;7000000;agropecuaria
masculino;servicio;fabrica de;san javier no.1;1;7.0;12/04/2018;7000000;agropecuaria
masculino;servicio;variedades;castilla;1;1.0;6/12/2018;5000000;agropecuaria
masculino;servicio;fabrica de;robledo;1;4.0;21/02/2018;7800000;agropecuaria
masculino;servicio;variedades;manrique central no. 2;1;13.0;16/11/2017;4000000;agropecuaria
masculino;servicio;variedades;enciso;1;13.0;28/11/2018;4000000;agropecuaria
femenino;comercio;papeleria;la floresta;3;3.0;8/04/2019;2000000;agropecuaria
femenino;industria;cafe e internet;centro admtivo;2;6.0;23/06/2017;3500000;agropecuaria
masculino;servicio;tienda;popular;1;10.0;26/09/2017;5000000;agropecuaria
femenino;industria;fabrica de productos;miranda;2;80.0;20/06/2016;4300000;agropecuaria
masculino;servicio;almacen de ropa en;campo valdes no. 1;3;8.0;6/02/2017;3000000;agropecuaria
masculino;servicio;fabrica de;robledo;1;4.0;23/05/2018;7800000;agropecuaria
masculino;servicio;comidas rapidas;manrique central no. 2;1;13.0;3/11/2016;4000000;agropecuaria
femenino;industria;legumbreria;trinidad;2;16.0;7/03/2019;2500000;agropecuaria
femenino;industria;cafe e internet;centro admtivo;2;6.0;26/01/2017;3500000;agropecuaria
masculino;comercio;peluqueria;doce de octubre no.1;3;5.0;29/08/2017;7300000;agropecuaria
masculino;servicio;tienda;buenos aires;1;10.0;14/06/2018;6000000;agropecuaria
femenino;comercio;papeleria;la floresta;3;3.0;19/10/2016;2000000;agropecuaria
femenino;industria;carpinteria;toscana;2;9.0;15/04/2016;8281000;agropecuaria
masculino;servicio;tienda;aranjuez;1;10.0;3/05/2017;6000000;agropecuaria
masculino;servicio;variedades;castilla;1;1.0;4/08/2017;5000000;agropecuaria
femenino;industria;fabrica de productos;miranda;2;80.0;19/06/2018;10000000;agropecuaria
masculino;comercio;peluqueria;moravia;3;2.0;20/10/2017;7300000;agropecuaria
masculino;servicio;comidas rapidas;santo domingo savio;3;8.0;10/11/2016;3000000;agropecuaria
masculino;servicio;fabrica de;san javier no.1;1;7.0;27/04/2018;7000000;agropecuaria
masculino;servicio;comidas rapidas;santo domingo savio;3;8.0;23/11/2017;3000000;agropecuaria
masculino;servicio;comidas rapidas;santo domingo savio;1;13.0;26/10/2016;4000000;agropecuaria
masculino;servicio;tienda;buenos aires;1;7.0;21/03/2017;6000000;agropecuaria
masculino;servicio;fabrica de;robledo;1;4.0;25/10/2018;7800000;agropecuaria
masculino;servicio;fabrica de;san javier no.1;1;7.0;9/04/2018;7000000;agropecuaria
femenino;comercio;restaurante;el salvador;3;2.0;27/02/2017;7377000;agropecuaria
masculino;servicio;comidas rapidas;cabecera san antonio;3;8.0;29/09/2017;3000000;agropecuaria
femenino;industria;taller de mecanica;boyaca;2;60.0;19/06/2019;8000000;agropecuaria
femenino;comercio;restaurante;el salvador;3;2.0;9/11/2016;7377000;agropecuaria
masculino;comercio;peluqueria;moravia;3;2.0;5/05/2017;7300000;agropecuaria
masculino;servicio;variedades;castilla;1;1.0;6/06/2018;5000000;agropecuaria
masculino;servicio;fabrica de;robledo;1;4.0;25/04/2018;7800000;agropecuaria
masculino;servicio;fabrica de;robledo;1;4.0;6/02/2018;7800000;agropecuaria
masculino;servicio;tienda;belen;1;7.0;3/04/2018;7000000;agropecuaria
femenino;industria;variedades de helados;girardot;2;60.0;6/05/2019;6500000;agropecuaria
femenino;comercio;miscelanea;playon de los;3;3.0;16/11/2018;7370000;agropecuaria
masculino;comercio;almacen de ropa en;manrique oriental;3;5.0;21/02/2017;6890000;agropecuaria
masculino;servicio;fabrica de;san javier no.1;1;7.0;12/04/2018;7000000;agropecuaria
masculino;servicio;comidas rapidas;campo valdes no. 1;3;8.0;14/02/2017;3000000;agropecuaria
masculino;servicio;fabrica de;manrique central no. 1;1;4.0;4/05/2018;7000000;agropecuaria
masculino;servicio;comidas rapidas;santo domingo savio;3;8.0;23/11/2017;3000000;agropecuaria
femenino;industria;cafe e internet;carpinelo;2;6.0;9/01/2019;3500000;agropecuaria
masculino;servicio;fabrica de;robledo;1;4.0;5/06/2018;7800000;agropecuaria
masculino;servicio;tienda;cabecera san cristobal;1;10.0;31/05/2017;5000000;agropecuaria
masculino;servicio;tienda;popular;1;10.0;26/09/2017;5000000;agropecuaria
femenino;comercio;papeleria;aranjuezcito;3;3.0;22/12/2017;2000000;agropecuaria
masculino;servicio;tienda;aranjuez;1;10.0;9/03/2018;6000000;agropecuaria
masculino;comercio;peluqueria;doce de octubre no.1;3;5.0;3/08/2018;7300000;agropecuaria
masculino;servicio;fabrica de;san javier no.1;1;7.0;7/02/2018;7000000;agropecuaria
femenino;agropecuaria;floristeria;la palma;2;90.0;2018/07/12;7583994;microempresarial
femenino;comercio;barberia;20 de julio;3;3.0;8/09/2017;2000000;agropecuaria
masculino;comercio;peluqueria;doce de octubre no.1;3;5.0;14/03/2017;6890000;agropecuaria
masculino;servicio;fabrica de;manrique central no. 1;1;7.0;5/02/2018;7000000;agropecuaria
masculino;servicio;fabrica de;robledo;1;4.0;11/10/2018;7800000;agropecuaria
masculino;servicio;tienda;buenos aires;1;7.0;13/12/2016;6000000;agropecuaria
femenino;comercio;miscelanea;villatina;3;3.0;28/04/2017;7370000;agropecuaria
femenino;comercio;distribuidora de;pedregal;3;3.0;8/06/2016;2000000;agropecuaria
masculino;comercio;almacen de ropa en;manrique oriental;3;5.0;19/11/2016;6890000;agropecuaria
femenino;industria;fabrica de arepas;aures no. 2;2;12.0;14/04/2016;5800000;agropecuaria
masculino;servicio;tienda;belen;1;7.0;8/06/2018;7000000;agropecuaria
femenino;agropecuaria;productos de mar;la mansion;2;70.0;19/12/2018;7839700;juridica y cap.semilla
masculino;servicio;comidas rapidas;manrique central no. 2;1;13.0;13/10/2017;4000000;agropecuaria
masculino;servicio;tienda;aranjuez;1;10.0;20/09/2018;6000000;agropecuaria
femenino;industria;publicidad y;blanquizal;2;9.0;28/05/2019;7812000;agropecuaria
femenino;agropecuaria;servicios;el rodeo;2;15.0;2016/04/25;2600000;empresarial ed.
femenino;industria;criadero de animales;boyaca;2;60.0;10/03/2017;8000000;agropecuaria
masculino;servicio;fabrica de;robledo;1;4.0;7/11/2017;7800000;agropecuaria
masculino;servicio;tienda;aranjuez;1;10.0;2/08/2018;6000000;agropecuaria
masculino;comercio;peluqueria;doce de octubre no.1;3;5.0;13/09/2016;7300000;agropecuaria
femenino;comercio;fabrica de calzado;florencia;3;6.0;2/11/2016;6800000;agropecuaria
masculino;comercio;almacen de ropa en;barrio caicedo;3;8.0;29/11/2016;6890000;agropecuaria
masculino;servicio;tienda;aranjuez;1;10.0;20/03/2018;6000000;agropecuaria
femenino;industria;ferreteria;santa lucia;2;60.0;1/09/2016;7500000;agropecuaria
masculino;servicio;fabrica de;manrique central no. 1;1;4.0;25/07/2018;7800000;agropecuaria
masculino;servicio;fabrica de;robledo;1;4.0;24/09/2018;7800000;agropecuaria
masculino;servicio;tienda;belen;1;7.0;9/05/2017;7000000;agropecuaria
masculino;servicio;fabrica de;san javier no.1;1;7.0;7/05/2018;7000000;agropecuaria
masculino;servicio;fabrica de;robledo;1;4.0;14/09/2018;7800000;agropecuaria
masculino;servicio;fabrica de;robledo;1;4.0;25/10/2018;7800000;agropecuaria
femenino;industria;taller de mecanica;olaya herrera;2;60.0;11/12/2018;6500000;agropecuaria
masculino;servicio;comidas rapidas;cabecera san antonio;3;8.0;30/03/2017;3000000;agropecuaria
femenino;industria;variedades de helados;pablo vi;2;60.0;22/04/2019;6500000;agropecuaria
masculino;comercio;almacen de ropa en;manrique oriental;3;5.0;19/11/2016;6890000;agropecuaria
femenino;industria;publicidad y;el socorro;2;9.0;27/11/2018;7812000;agropecuaria
femenino;industria;cerrajeria;tricentenario;2;80.0;4/04/2016;30000000;agropecuaria
masculino;comercio;peluqueria;doce de octubre no.1;3;5.0;3/08/2018;7300000;agropecuaria
masculino;servicio;comidas rapidas;manrique central no. 2;1;13.0;6/11/2018;4000000;agropecuaria
masculino;comercio;almacen de ropa en;manrique oriental;3;5.0;14/06/2017;6890000;agropecuaria
masculino;servicio;fabrica de;robledo;1;4.0;24/10/2018;7800000;agropecuaria
masculino;servicio;comidas rapidas;santo domingo savio;3;8.0;10/11/2016;3000000;agropecuaria
masculino;servicio;variedades;enciso;1;13.0;1/06/2017;4000000;agropecuaria
femenino;comercio;miscelanea;granizal;3;6.0;30/01/2017;7370000;agropecuaria
masculino;comercio;almacen de ropa en;manrique oriental;3;5.0;14/06/2017;6890000;agropecuaria
masculino;servicio;comidas rapidas;santa cruz;1;13.0;21/11/2017;4000000;agropecuaria
femenino;industria;deposito de;santa monica;2;15.0;29/12/2016;5700000;agropecuaria
masculino;servicio;comidas rapidas;santo domingo savio;1;13.0;26/10/2016;4000000;agropecuaria
femenino;industria;variedades de helados;pablo vi;2;60.0;11/08/2016;6500000;agropecuaria
femenino;comercio;papeleria;aranjuezcito;3;3.0;5/10/2017;2000000;agropecuaria
femenino;industria;fabrica de colchones;san pedro;2;15.0;2/03/2016;63000000;agropecuaria
femenino;comercio;papeleria;la floresta;3;3.0;19/10/2016;2000000;agropecuaria
masculino;servicio;comidas rapidas;santa cruz;1;13.0;28/11/2017;4000000;agropecuaria
masculino;servicio;variedades;enciso;1;13.0;16/03/2018;4000000;agropecuaria
masculino;servicio;comidas rapidas;cabecera san antonio;3;8.0;3/03/2017;3000000;agropecuaria
masculino;servicio;almacen de ropa en;campo valdes no. 1;3;8.0;29/06/2017;3000000;agropecuaria
femenino;industria;drogueria;antonio nariño;2;12.0;27/05/2019;6300000;agropecuaria
masculino;comercio;almacen de ropa en;manrique oriental;3;5.0;27/09/2018;6890000;agropecuaria
masculino;comercio;peluqueria;moravia;3;2.0;4/11/2016;7300000;agropecuaria
femenino;comercio;miscelanea;villatina;3;3.0;25/08/2017;7370000;agropecuaria
femenino;industria;reciclaje;campo amor;2;15.0;10/06/2019;780;agropecuaria
masculino;servicio;fabrica de;robledo;1;4.0;6/02/2018;7800000;agropecuaria
femenino;industria;productos de belleza;la francia;2;16.0;22/11/2017;1500000;agropecuaria
masculino;servicio;variedades;cabecera san cristobal;1;1.0;12/10/2017;5000000;agropecuaria
femenino;industria;fabrica de productos;miranda;2;80.0;22/06/2016;1800000;agropecuaria
masculino;servicio;fabrica de;san javier no.1;1;7.0;22/09/2017;7000000;agropecuaria
masculino;servicio;fabrica de;robledo;1;4.0;21/02/2018;7800000;agropecuaria
masculino;servicio;variedades;cabecera san cristobal;1;1.0;30/06/2017;5000000;agropecuaria
masculino;servicio;variedades;castilla;1;1.0;6/06/2018;5000000;agropecuaria
masculino;servicio;fabrica de;san javier no.1;1;7.0;22/09/2017;7000000;agropecuaria
masculino;servicio;fabrica de;san javier no.1;1;7.0;9/04/2018;7000000;agropecuaria
femenino;comercio;distribuidora de;andalucia;3;3.0;23/02/2018;2000000;agropecuaria
masculino;servicio;fabrica de;san javier no.1;1;7.0;22/09/2017;7000000;agropecuaria
femenino;comercio;restaurante;villa hermosa;3;2.0;9/08/2017;7377000;agropecuaria
masculino;servicio;tienda;popular;1;10.0;11/10/2017;6000000;agropecuaria
masculino;servicio;variedades;cabecera san cristobal;1;1.0;12/10/2017;5000000;agropecuaria
masculino;comercio;almacen de ropa en;manrique oriental;3;5.0;19/11/2016;6890000;agropecuaria
masculino;servicio;tienda;aranjuez;1;10.0;18/06/2018;6000000;agropecuaria
femenino;industria;productos de belleza;san pablo;2;16.0;5/04/2019;1500000;agropecuaria
masculino;comercio;almacen de ropa en;barrio caicedo;3;5.0;2/08/2017;6890000;agropecuaria
femenino;comercio;restaurante;villa hermosa;3;2.0;14/11/2017;7377000;agropecuaria
femenino;industria;deposito de;el poblado;2;15.0;31/03/2016;6700000;agropecuaria
masculino;servicio;almacen de ropa en;campo valdes no. 1;3;8.0;6/02/2017;3000000;agropecuaria
femenino;industria;variedades naturista;el chagualo;2;80.0;9/05/2019;16000000;agropecuaria
masculino;comercio;almacen de ropa en;barrio caicedo;3;8.0;23/03/2017;6890000;agropecuaria
masculino;comercio;almacen de ropa en;manrique oriental;3;5.0;13/11/2018;6890000;agropecuaria
masculino;servicio;variedades;manrique central no. 2;1;13.0;6/08/2018;4000000;agropecuaria
masculino;servicio;variedades;enciso;1;13.0;1/06/2017;4000000;agropecuaria
masculino;servicio;tienda;belen;1;7.0;22/03/2018;7000000;agropecuaria
masculino;servicio;tienda;belen;1;7.0;2/05/2018;7000000;agropecuaria
femenino;agropecuaria;fumigacion;barrio de jesus;2;50.0;2018/11/1;1725000;credioportuno
masculino;servicio;variedades;castilla;1;1.0;12/06/2018;5000000;agropecuaria
masculino;servicio;tienda;buenos aires;1;10.0;9/02/2018;6000000;agropecuaria
masculino;comercio;almacen de ropa en;manrique oriental;3;5.0;19/11/2016;6890000;agropecuaria
masculino;comercio;peluqueria;doce de octubre no.1;3;5.0;12/09/2017;7300000;agropecuaria
masculino;comercio;almacen de ropa en;barrio caicedo;3;5.0;23/08/2018;6890000;agropecuaria
masculino;servicio;fabrica de;robledo;1;4.0;13/02/2018;7800000;agropecuaria
masculino;servicio;fabrica de;robledo;1;4.0;11/10/2018;7800000;agropecuaria
femenino;agropecuaria;marqueteria;los cerros el vergel;2;90.0;21/07/2016;3050000;empresarial ed.
masculino;servicio;variedades;castilla;1;1.0;20/06/2018;5000000;agropecuaria
masculino;servicio;tienda;popular;1;10.0;10/09/2018;6000000;agropecuaria
masculino;servicio;comidas rapidas;santa cruz;1;13.0;23/10/2017;4000000;agropecuaria
masculino;servicio;fabrica de;manrique central no. 1;1;7.0;5/02/2018;7000000;agropecuaria
masculino;servicio;variedades;enciso;1;13.0;28/06/2017;4000000;agropecuaria
masculino;servicio;variedades;castilla;1;1.0;17/03/2017;5000000;agropecuaria
femenino;industria;fabrica de alimentos;picacho;3;6.0;23/09/2016;6800000;agropecuaria
masculino;servicio;fabrica de;san javier no.1;1;7.0;26/07/2017;7000000;agropecuaria
femenino;comercio;mantenimiento en;guayabal;3;2.0;22/12/2016;7377000;agropecuaria
femenino;comercio;mantenimiento en;el salvador;3;2.0;18/12/2017;7377000;agropecuaria
masculino;servicio;tienda;belen;1;7.0;24/07/2017;7000000;agropecuaria
masculino;comercio;almacen de ropa en;barrio caicedo;3;8.0;6/10/2016;6890000;agropecuaria
masculino;servicio;comidas rapidas;cabecera san antonio;3;8.0;16/01/2018;3000000;agropecuaria
masculino;servicio;tienda;aranjuez;1;10.0;2/02/2018;6000000;agropecuaria
femenino;comercio;restaurante;villa hermosa;3;2.0;25/09/2017;7377000;agropecuaria
femenino;comercio;restaurante;villa hermosa;3;2.0;15/09/2017;7377000;agropecuaria
femenino;industria;taller de mecanica;olaya herrera;2;60.0;16/05/2016;6500000;agropecuaria
masculino;servicio;fabrica de;manrique central no. 1;1;4.0;29/08/2018;7800000;agropecuaria
femenino;industria;panaderia;santa elena central;3;6.0;15/03/2019;1000000;agropecuaria
masculino;servicio;tienda;buenos aires;1;7.0;18/04/2017;6000000;agropecuaria
masculino;servicio;variedades;manrique central no. 2;1;13.0;16/11/2017;4000000;agropecuaria
masculino;servicio;tienda;popular;1;10.0;20/11/2017;6000000;agropecuaria
femenino;industria;cafe e internet;carpinelo;2;6.0;9/01/2019;3500000;agropecuaria
femenino;industria;bares;cordoba;2;80.0;21/09/2016;6894000;agropecuaria
masculino;servicio;fabrica de;san javier no.1;1;7.0;17/05/2018;7000000;agropecuaria
masculino;servicio;tienda;buenos aires;1;10.0;9/02/2018;6000000;agropecuaria
masculino;servicio;tienda;buenos aires;1;7.0;13/12/2016;6000000;agropecuaria
masculino;servicio;tienda;cabecera san cristobal;1;10.0;12/07/2017;5000000;agropecuaria
masculino;servicio;fabrica de;manrique central no. 1;1;4.0;4/05/2018;7000000;agropecuaria
masculino;comercio;almacen de ropa en;barrio caicedo;3;8.0;6/03/2017;6890000;agropecuaria
masculino;servicio;tienda;cabecera san cristobal;1;1.0;17/04/2018;5000000;agropecuaria
femenino;industria;taller de electronica;la loma;2;80.0;25/06/2019;2200000;agropecuaria
femenino;industria;granero;palmitas;2;9.0;19/03/2019;1200000;agropecuaria
masculino;comercio;almacen de ropa en;barrio caicedo;3;5.0;23/08/2018;6890000;agropecuaria
masculino;servicio;tienda;san javier no.1;1;7.0;16/02/2018;7000000;agropecuaria
femenino;comercio;restaurante;el salvador;3;2.0;4/12/2018;7377000;agropecuaria
femenino;industria;recreativo educativo;alfonso lopez;2;16.0;4/02/2019;4500000;agropecuaria
femenino;comercio;mantenimiento en;guayabal;3;2.0;22/12/2016;7377000;agropecuaria
masculino;comercio;almacen de ropa en;manrique oriental;3;5.0;21/02/2017;6890000;agropecuaria
masculino;servicio;tienda;aranjuez;1;10.0;2/02/2018;6000000;agropecuaria
femenino;comercio;miscelanea;playon de los;3;3.0;16/11/2018;7370000;agropecuaria
masculino;servicio;fabrica de;san javier no.1;1;7.0;13/03/2018;7000000;agropecuaria
femenino;comercio;barberia;20 de julio;3;3.0;24/04/2019;2000000;agropecuaria
masculino;servicio;variedades;enciso;1;13.0;16/03/2018;4000000;agropecuaria
masculino;servicio;fabrica de;robledo;1;4.0;23/05/2018;7800000;agropecuaria
masculino;servicio;fabrica de;robledo;1;4.0;24/09/2018;7800000;agropecuaria
masculino;comercio;peluqueria;doce de octubre no.1;3;5.0;3/08/2018;7300000;agropecuaria
femenino;comercio;distribuidora de;pedregal;3;3.0;7/12/2017;2000000;agropecuaria
masculino;comercio;peluqueria;doce de octubre no.1;3;5.0;14/03/2017;7300000;agropecuaria
masculino;servicio;fabrica de;robledo;1;4.0;25/05/2018;7800000;agropecuaria
masculino;servicio;fabrica de;robledo;1;4.0;6/06/2017;7800000;agropecuaria
masculino;servicio;fabrica de;manrique central no. 1;1;7.0;14/11/2018;7000000;agropecuaria
masculino;servicio;tienda;buenos aires;1;10.0;10/05/2018;6000000;agropecuaria
masculino;servicio;tienda;belen;1;7.0;8/06/2018;7000000;agropecuaria
masculino;comercio;peluqueria;moravia;3;2.0;11/07/2017;7300000;agropecuaria
femenino;comercio;restaurante;moravia;3;2.0;24/05/2017;7300000;agropecuaria
masculino;servicio;fabrica de;robledo;1;4.0;4/04/2018;7800000;agropecuaria
masculino;comercio;peluqueria;moravia;3;2.0;15/06/2017;7300000;agropecuaria
masculino;servicio;variedades;manrique central no. 2;1;13.0;22/11/2016;4000000;agropecuaria
femenino;industria;recreativo educativo;altavista;2;16.0;7/07/2016;2500000;agropecuaria
masculino;comercio;peluqueria;moravia;3;2.0;13/08/2018;7300000;agropecuaria
masculino;servicio;fabrica de;robledo;1;4.0;6/06/2017;7800000;agropecuaria
femenino;industria;recreativo educativo;altavista;2;16.0;7/07/2016;2500000;agropecuaria
femenino;comercio;restaurante;villa hermosa;3;2.0;4/03/2016;7377000;agropecuaria
masculino;comercio;peluqueria;doce de octubre no.1;3;5.0;31/07/2017;6890000;agropecuaria
femenino;industria;cafe e internet;boston;3;6.0;7/06/2019;3500000;agropecuaria
masculino;comercio;peluqueria;doce de octubre no.1;3;5.0;21/11/2018;7300000;agropecuaria
masculino;servicio;comidas rapidas;santo domingo savio;3;13.0;8/08/2017;3000000;agropecuaria
masculino;servicio;fabrica de;robledo;1;4.0;5/07/2018;7800000;agropecuaria
femenino;comercio;restaurante;el salvador;3;2.0;27/02/2017;7377000;agropecuaria
femenino;industria;legumbreria;trinidad;2;16.0;17/10/2017;2500000;agropecuaria
masculino;servicio;tienda;buenos aires;1;10.0;1/06/2018;6000000;agropecuaria
masculino;servicio;fabrica de;robledo;1;4.0;24/09/2018;7800000;agropecuaria
masculino;comercio;almacen de ropa en;manrique oriental;3;5.0;5/06/2017;6890000;agropecuaria
masculino;servicio;fabrica de;robledo;1;4.0;22/05/2018;7800000;agropecuaria
masculino;servicio;fabrica de;robledo;1;4.0;14/03/2018;7800000;agropecuaria
masculino;servicio;tienda;popular;1;10.0;27/09/2017;5000000;agropecuaria
masculino;servicio;comidas rapidas;manrique central no. 2;1;13.0;3/11/2016;4000000;agropecuaria
masculino;servicio;comidas rapidas;cabecera san antonio;3;8.0;27/11/2017;3000000;agropecuaria
masculino;servicio;tienda;buenos aires;1;10.0;9/03/2017;6000000;agropecuaria
masculino;comercio;almacen de ropa en;barrio caicedo;3;8.0;2/06/2017;6890000;agropecuaria
masculino;servicio;variedades;enciso;1;1.0;19/04/2017;5000000;agropecuaria
masculino;servicio;fabrica de;robledo;1;4.0;24/10/2017;7800000;agropecuaria
femenino;industria;venta de calzado;san jose de la cima no.;2;80.0;28/12/2016;7200000;agropecuaria
masculino;servicio;comidas rapidas;campo valdes no. 1;3;8.0;28/10/2016;3000000;agropecuaria
masculino;servicio;comidas rapidas;cabecera san antonio;3;8.0;16/01/2018;3000000;agropecuaria
femenino;agropecuaria;viveros;los alcazares;2;90.0;2016/06/3;1550000;microempresarial
femenino;comercio;miscelanea;playon de los;3;3.0;10/04/2019;7370000;agropecuaria
masculino;servicio;fabrica de;robledo;1;4.0;14/03/2018;7800000;agropecuaria
masculino;servicio;variedades;enciso;1;1.0;8/03/2018;4000000;agropecuaria
masculino;servicio;tienda;cabecera san cristobal;1;1.0;4/07/2018;5000000;agropecuaria
masculino;servicio;comidas rapidas;manrique central no. 2;1;13.0;22/05/2019;4000000;agropecuaria
masculino;comercio;almacen de ropa en;barrio caicedo;3;5.0;1/09/2017;6890000;agropecuaria
femenino;agropecuaria;mensajeria;suburbano altavista;2;90.0;12/12/2018;6100000;microempresarial
femenino;industria;cerrajeria;la esperanza;2;80.0;3/12/2018;6900000;agropecuaria
masculino;comercio;almacen de ropa en;manrique oriental;3;5.0;5/06/2017;6890000;agropecuaria
femenino;comercio;miscelanea;playon de los;3;6.0;31/05/2016;7370000;agropecuaria
femenino;industria;fabrica de calzado;florencia;3;6.0;14/09/2017;6800000;agropecuaria
femenino;comercio;fabrica de calzado;florencia;3;6.0;2/11/2016;6800000;agropecuaria
masculino;servicio;fabrica de;robledo;1;4.0;5/07/2018;7800000;agropecuaria
masculino;servicio;comidas rapidas;santa cruz;1;13.0;21/06/2017;4000000;agropecuaria
masculino;comercio;peluqueria;doce de octubre no.1;3;5.0;5/08/2016;6890000;agropecuaria
masculino;servicio;fabrica de;robledo;1;4.0;1/08/2018;7800000;agropecuaria
femenino;industria;cafe e internet;centro admtivo;2;6.0;1/12/2016;3500000;agropecuaria
femenino;industria;productos de belleza;san pablo;2;16.0;8/05/2019;1500000;agropecuaria
femenino;industria;ferreteria;santa lucia;2;60.0;23/02/2016;7500000;agropecuaria
masculino;servicio;comidas rapidas;campo valdes no. 1;3;8.0;28/10/2016;3000000;agropecuaria
masculino;servicio;fabrica de;san javier no.1;1;7.0;29/10/2018;7000000;agropecuaria
femenino;industria;variedades naturista;sucre;2;80.0;4/02/2016;19000000;agropecuaria
femenino;industria;cafeteria;llanaditas;2;16.0;20/01/2017;4500000;agropecuaria
femenino;industria;recreativo educativo;altavista;2;16.0;13/07/2016;4500000;agropecuaria
masculino;servicio;fabrica de;manrique central no. 1;1;7.0;14/11/2018;7000000;agropecuaria
femenino;industria;charcuteria;santa lucia;2;60.0;23/02/2016;8200000;agropecuaria
femenino;comercio;restaurante;villa hermosa;3;2.0;14/11/2017;7377000;agropecuaria
femenino;industria;fabrica de alimentos;picacho;3;6.0;15/05/2017;6800000;agropecuaria
masculino;servicio;tienda;aranjuez;1;10.0;27/03/2017;6000000;agropecuaria
masculino;servicio;fabrica de;manrique central no. 1;1;4.0;7/12/2016;7800000;agropecuaria
femenino;industria;recreativo educativo;altavista;2;16.0;10/10/2016;4500000;agropecuaria
femenino;industria;reciclaje;pajarito;2;15.0;2018/01/24;70000000;agropecuaria
masculino;comercio;peluqueria;moravia;3;2.0;15/06/2017;7300000;agropecuaria
femenino;industria;charcuteria;francisco antonio zea;2;60.0;31/05/2019;8200000;agropecuaria
masculino;servicio;fabrica de;manrique central no. 1;1;7.0;14/11/2018;7000000;agropecuaria
masculino;servicio;comidas rapidas;cabecera san antonio;3;8.0;16/01/2018;3000000;agropecuaria
femenino;comercio;distribuidora de;pedregal;3;3.0;8/06/2016;2000000;agropecuaria
masculino;servicio;tienda;belen;1;7.0;24/07/2017;7000000;agropecuaria
masculino;servicio;variedades;enciso;1;1.0;18/05/2018;5000000;agropecuaria
masculino;servicio;fabrica de;robledo;1;4.0;1/08/2018;7800000;agropecuaria
masculino;servicio;fabrica de;manrique central no. 1;1;4.0;15/02/2018;7000000;agropecuaria
masculino;servicio;comidas rapidas;manrique central no. 2;1;13.0;7/11/2018;4000000;agropecuaria
masculino;comercio;peluqueria;doce de octubre no.1;3;5.0;5/08/2016;6890000;agropecuaria
masculino;comercio;peluqueria;doce de octubre no.1;3;5.0;31/07/2017;6890000;agropecuaria
femenino;industria;sembrados;prado;2;9.0;6/06/2019;8281000;agropecuaria
masculino;servicio;variedades;manrique central no. 2;1;13.0;6/08/2018;4000000;agropecuaria
femenino;industria;fabrica de helados;blanquizal;2;9.0;18/03/2016;7812000;agropecuaria
masculino;servicio;tienda;belen;1;7.0;3/04/2018;7000000;agropecuaria
masculino;servicio;fabrica de;robledo;1;4.0;26/10/2018;7800000;agropecuaria
femenino;industria;carpinteria;toscana;2;9.0;27/06/2019;5500000;agropecuaria
masculino;servicio;almacen de ropa en;campo valdes no. 1;3;8.0;6/02/2017;3000000;agropecuaria
femenino;industria;cerrajeria;san javier no.2;2;80.0;21/12/2018;5200000;agropecuaria
masculino;servicio;fabrica de;manrique central no. 1;1;7.0;1/02/2018;7000000;agropecuaria
masculino;servicio;tienda;belen;1;7.0;10/04/2018;7000000;agropecuaria
masculino;servicio;comidas rapidas;santa cruz;1;13.0;28/11/2017;4000000;agropecuaria
femenino;comercio;fabrica de calzado;granizal;3;6.0;14/07/2016;7370000;agropecuaria
femenino;industria;taller de electronica;la sierra;2;80.0;9/06/2016;6400000;agropecuaria
masculino;servicio;comidas rapidas;santo domingo savio;3;8.0;10/11/2016;3000000;agropecuaria
masculino;servicio;variedades;enciso;1;13.0;26/04/2017;4000000;agropecuaria
masculino;servicio;tienda;buenos aires;1;7.0;1/03/2018;6000000;agropecuaria
masculino;servicio;fabrica de;manrique central no. 1;1;4.0;23/03/2018;7000000;agropecuaria
masculino;comercio;peluqueria;la milagrosa;3;5.0;17/04/2017;7300000;agropecuaria
masculino;servicio;tienda;buenos aires;1;10.0;9/03/2017;6000000;agropecuaria
masculino;servicio;variedades;enciso;1;1.0;17/11/2017;5000000;agropecuaria
masculino;servicio;variedades;castilla;1;1.0;22/03/2017;5000000;agropecuaria
femenino;comercio;mantenimiento en;guayabal;3;2.0;5/03/2019;7377000;agropecuaria
femenino;industria;marroquineria;juan pablo ii;2;15.0;18/01/2018;2700000;agropecuaria
masculino;servicio;variedades;enciso;1;1.0;15/11/2017;5000000;agropecuaria
masculino;servicio;tienda;buenos aires;1;7.0;16/05/2018;6000000;agropecuaria
masculino;servicio;comidas rapidas;cabecera san antonio;3;8.0;20/11/2018;3000000;agropecuaria
masculino;servicio;fabrica de;san javier no.1;1;7.0;12/04/2018;7000000;agropecuaria
masculino;servicio;variedades;enciso;1;13.0;1/06/2017;4000000;agropecuaria
masculino;servicio;variedades;cabecera san cristobal;1;1.0;12/10/2017;5000000;agropecuaria
femenino;industria;cafe e internet;carpinelo;2;6.0;23/08/2017;3500000;agropecuaria
masculino;servicio;variedades;cabecera san cristobal;1;1.0;20/02/2018;5000000;agropecuaria
masculino;servicio;comidas rapidas;manrique central no. 2;1;13.0;7/11/2018;4000000;agropecuaria
masculino;servicio;tienda;popular;1;10.0;20/11/2017;5000000;agropecuaria
femenino;industria;productos de belleza;juan xxiii la quiebra;2;16.0;20/03/2019;1500000;agropecuaria
femenino;comercio;distribuidora de;pedregal;3;3.0;7/12/2017;2000000;agropecuaria
masculino;servicio;fabrica de;robledo;1;4.0;3/10/2018;7800000;agropecuaria
masculino;servicio;variedades;manrique central no. 2;1;13.0;18/10/2017;4000000;agropecuaria
masculino;servicio;fabrica de;san javier no.1;1;7.0;29/10/2018;7000000;agropecuaria
femenino;industria;fotografia;belalcazar;2;9.0;14/09/2016;4400000;agropecuaria
masculino;servicio;fabrica de;robledo;1;4.0;25/10/2018;7800000;agropecuaria
masculino;servicio;variedades;enciso;1;13.0;16/03/2018;4000000;agropecuaria
masculino;servicio;comidas rapidas;cabecera san antonio;3;8.0;7/04/2016;3000000;agropecuaria
masculino;servicio;tienda;popular;1;10.0;20/04/2018;6000000;agropecuaria
femenino;industria;charcuteria;loreto;2;60.0;30/11/2018;8200000;agropecuaria
masculino;comercio;almacen de ropa en;barrio caicedo;3;8.0;8/03/2017;6890000;agropecuaria
masculino;servicio;variedades;enciso;1;1.0;28/06/2017;4000000;agropecuaria
masculino;comercio;peluqueria;doce de octubre no.1;3;5.0;3/08/2018;7300000;agropecuaria
femenino;industria;deposito de;el poblado;2;15.0;1/04/2016;6750000;agropecuaria
masculino;servicio;tienda;cabecera san cristobal;1;1.0;31/05/2017;5000000;agropecuaria
masculino;comercio;almacen de ropa en;barrio caicedo;3;8.0;8/03/2017;6890000;agropecuaria
femenino;industria;cafe e internet;centro admtivo;2;6.0;26/01/2017;3500000;agropecuaria
femenino;comercio;restaurante;villa hermosa;3;2.0;14/11/2017;7377000;agropecuaria
femenino;industria;taller de mecanica;boyaca;2;60.0;27/02/2019;8000000;agropecuaria
masculino;servicio;fabrica de;robledo;1;4.0;1/08/2018;7800000;agropecuaria
masculino;servicio;fabrica de;manrique central no. 1;1;4.0;15/02/2018;7000000;agropecuaria
masculino;servicio;comidas rapidas;cabecera san antonio;3;8.0;20/11/2018;3000000;agropecuaria
femenino;industria;criadero de animales;boyaca;2;60.0;24/03/2017;8000000;agropecuaria
femenino;industria;cafe e internet;centro admtivo;2;6.0;23/06/2017;3500000;agropecuaria
masculino;servicio;fabrica de;san javier no.1;1;7.0;23/02/2017;7000000;agropecuaria
masculino;servicio;tienda;buenos aires;1;10.0;12/07/2018;6000000;agropecuaria
femenino;industria;venta de calzado;san jose de la cima no.;2;80.0;25/04/2016;7200000;agropecuaria
masculino;servicio;comidas rapidas;manrique central no. 2;1;13.0;25/04/2017;4000000;agropecuaria
masculino;servicio;variedades;castilla;1;1.0;12/12/2017;5000000;agropecuaria
masculino;comercio;almacen de ropa en;barrio caicedo;3;8.0;2/06/2017;6890000;agropecuaria
masculino;servicio;variedades;cabecera san cristobal;1;1.0;19/07/2017;5000000;agropecuaria
masculino;servicio;fabrica de;manrique central no. 1;1;4.0;27/06/2018;7800000;agropecuaria
masculino;comercio;almacen de ropa en;manrique oriental;3;5.0;19/11/2016;6890000;agropecuaria
masculino;comercio;peluqueria;doce de octubre no.1;3;5.0;23/01/2017;6890000;agropecuaria
femenino;industria;variedades de helados;girardot;2;60.0;17/05/2016;6500000;agropecuaria
femenino;agropecuaria;fabrica de ceramica;las granjas;2;90.0;10/01/2017;990000;microempresarial
masculino;servicio;fabrica de;robledo;1;4.0;5/07/2018;7800000;agropecuaria
femenino;industria;cafe e internet;centro admtivo;2;6.0;28/03/2019;3500000;agropecuaria
femenino;industria;fabrica de alimentos;picacho;3;6.0;6/09/2016;6800000;agropecuaria
masculino;servicio;variedades;castilla;1;1.0;5/09/2017;5000000;agropecuaria
femenino;industria;legumbreria;villa del socorro;2;16.0;8/03/2016;2500000;agropecuaria
femenino;comercio;mantenimiento en;guayabal;3;2.0;26/04/2016;7377000;agropecuaria
masculino;comercio;almacen de ropa en;manrique oriental;3;5.0;9/02/2017;6890000;agropecuaria
femenino;comercio;distribuidora de;pedregal;3;3.0;13/03/2017;2000000;agropecuaria
masculino;servicio;tienda;belen;1;7.0;19/04/2018;7000000;agropecuaria
masculino;servicio;tienda;buenos aires;1;10.0;26/10/2017;6000000;agropecuaria
masculino;servicio;tienda;popular;1;10.0;12/03/2018;6000000;agropecuaria
masculino;servicio;tienda;aranjuez;1;10.0;19/05/2017;6000000;agropecuaria
femenino;industria;carniceria;san benito;2;12.0;23/06/2016;2300000;agropecuaria
masculino;servicio;comidas rapidas;santa cruz;1;13.0;15/06/2018;4000000;agropecuaria
masculino;servicio;tienda;popular;1;10.0;12/03/2018;6000000;agropecuaria
masculino;servicio;tienda;belen;1;7.0;3/04/2018;7000000;agropecuaria
masculino;comercio;peluqueria;manrique oriental;3;5.0;12/05/2017;6890000;agropecuaria
femenino;industria;fabrica de alimentos;picacho;3;6.0;15/05/2017;6800000;agropecuaria
masculino;servicio;fabrica de;robledo;1;4.0;4/04/2018;7800000;agropecuaria
femenino;industria;venta de calzado;tejelo;2;80.0;28/06/2018;800000;agropecuaria
masculino;servicio;comidas rapidas;santa cruz;1;13.0;21/06/2017;4000000;agropecuaria
masculino;servicio;comidas rapidas;santa cruz;1;13.0;23/07/2018;4000000;agropecuaria
masculino;servicio;comidas rapidas;manrique central no. 2;1;13.0;6/11/2018;4000000;agropecuaria
masculino;servicio;tienda;aranjuez;1;10.0;30/10/2017;6000000;agropecuaria
femenino;industria;fabrica de alimentos;santander;3;6.0;15/02/2017;6800000;agropecuaria
masculino;servicio;tienda;popular;1;10.0;7/03/2018;5000000;agropecuaria
masculino;servicio;tienda;belen;1;7.0;26/04/2018;7000000;agropecuaria
masculino;comercio;peluqueria;doce de octubre no.1;3;5.0;17/02/2017;6890000;agropecuaria
masculino;servicio;tienda;popular;1;10.0;10/09/2018;6000000;agropecuaria
masculino;servicio;tienda;buenos aires;1;10.0;9/03/2017;6000000;agropecuaria
masculino;servicio;comidas rapidas;cabecera san antonio;3;8.0;3/03/2017;3000000;agropecuaria
masculino;servicio;fabrica de;robledo;1;4.0;14/09/2018;7800000;agropecuaria
femenino;industria;criadero de animales;villa niza;2;60.0;27/08/2018;8000000;agropecuaria
femenino;industria;fabrica de helados;lopez de mesa;2;9.0;11/05/2016;5500000;agropecuaria
femenino;industria;organización y;campo valdes no. 2;2;80.0;31/08/2016;8280000;agropecuaria
femenino;comercio;restaurante;el salvador;3;2.0;9/06/2017;7377000;agropecuaria
masculino;servicio;tienda;aranjuez;1;10.0;3/05/2017;6000000;agropecuaria
femenino;industria;variedades de helados;pablo vi;2;60.0;22/04/2019;6500000;agropecuaria
masculino;servicio;tienda;buenos aires;1;7.0;1/03/2018;6000000;agropecuaria
femenino;industria;panaderia;santa elena central;3;6.0;30/11/2016;1000000;agropecuaria
masculino;servicio;variedades;cabecera san cristobal;1;1.0;21/05/2018;5000000;agropecuaria
masculino;servicio;tienda;popular;1;10.0;25/01/2018;6000000;agropecuaria
masculino;servicio;comidas rapidas;manrique central no. 2;1;13.0;28/07/2017;4000000;agropecuaria
masculino;servicio;variedades;enciso;1;13.0;26/04/2017;4000000;agropecuaria
masculino;servicio;tienda;popular;1;10.0;31/10/2017;6000000;agropecuaria
femenino;industria;granero;belalcazar;2;9.0;18/02/2016;1200000;agropecuaria
masculino;servicio;tienda;popular;1;10.0;20/11/2017;6000000;agropecuaria
masculino;servicio;tienda;belen;1;7.0;8/06/2018;7000000;agropecuaria
masculino;servicio;fabrica de;manrique central no. 1;1;4.0;4/05/2018;7000000;agropecuaria
masculino;servicio;comidas rapidas;santo domingo savio;3;8.0;15/01/2019;3000000;agropecuaria
masculino;servicio;tienda;popular;1;10.0;19/09/2017;5000000;agropecuaria
femenino;comercio;miscelanea;playon de los;3;3.0;28/04/2017;7370000;agropecuaria
masculino;servicio;tienda;aranjuez;1;10.0;8/05/2018;6000000;agropecuaria
masculino;servicio;variedades;enciso;1;13.0;9/11/2017;4000000;agropecuaria
femenino;industria;legumbreria;villa del socorro;2;16.0;9/09/2016;2500000;agropecuaria
femenino;agropecuaria;billares;villa liliam;2;50.0;2/09/2016;7820000;juridica y cap.semilla
masculino;comercio;peluqueria;manrique oriental;3;5.0;5/07/2017;6890000;agropecuaria
femenino;comercio;barberia;20 de julio;3;3.0;4/04/2017;7370000;agropecuaria
masculino;servicio;comidas rapidas;cabecera san antonio;3;8.0;20/11/2018;3000000;agropecuaria
masculino;servicio;comidas rapidas;santa cruz;1;13.0;23/11/2016;4000000;agropecuaria
femenino;comercio;distribuidora de;pedregal;3;3.0;28/02/2017;2000000;agropecuaria
masculino;servicio;fabrica de;robledo;1;4.0;24/10/2018;7800000;agropecuaria
masculino;servicio;tienda;buenos aires;1;7.0;8/02/2018;6000000;agropecuaria
femenino;comercio;fabrica de calzado;granizal;3;6.0;22/01/2018;7370000;agropecuaria
masculino;servicio;fabrica de;robledo;1;4.0;14/09/2018;7800000;agropecuaria
masculino;comercio;almacen de ropa en;manrique oriental;3;5.0;3/04/2017;6890000;agropecuaria
masculino;servicio;fabrica de;robledo;1;4.0;5/07/2018;7800000;agropecuaria
masculino;servicio;fabrica de;manrique central no. 1;1;4.0;23/03/2018;7000000;agropecuaria
masculino;servicio;tienda;popular;1;10.0;13/07/2018;6000000;agropecuaria
femenino;industria;ferreteria;santa lucia;2;60.0;30/08/2016;7500000;agropecuaria
masculino;servicio;tienda;buenos aires;1;7.0;18/04/2017;6000000;agropecuaria
masculino;servicio;comidas rapidas;santa cruz;1;13.0;21/11/2017;4000000;agropecuaria
masculino;servicio;tienda;aranjuez;1;10.0;19/05/2017;6000000;agropecuaria
femenino;industria;panaderia;boston;3;6.0;15/11/2016;3500000;agropecuaria
femenino;industria;charcuteria;loreto;2;60.0;18/10/2016;8200000;agropecuaria
masculino;comercio;peluqueria;moravia;3;5.0;27/07/2016;7300000;agropecuaria
femenino;industria;montallantas;santa ines;2;15.0;4/05/2016;19500000;agropecuaria
masculino;servicio;tienda;belen;1;7.0;2/03/2018;7000000;agropecuaria
femenino;comercio;distribuidora de;pedregal;3;3.0;11/05/2017;2000000;agropecuaria
femenino;agropecuaria;lavadero de;bosques de san pablo;2;15.0;22/07/2016;28267614;empresarial ed.
masculino;servicio;fabrica de;san javier no.1;1;7.0;27/04/2018;7000000;agropecuaria
femenino;industria;joyeria;jardin botanico;2;12.0;25/02/2016;4136000;agropecuaria
masculino;servicio;tienda;belen;1;7.0;22/03/2018;7000000;agropecuaria
masculino;servicio;comidas rapidas;cabecera san antonio;3;8.0;27/11/2017;3000000;agropecuaria
masculino;servicio;fabrica de;robledo;1;4.0;24/01/2018;7800000;agropecuaria
masculino;servicio;tienda;popular;1;10.0;29/03/2017;5000000;agropecuaria
femenino;industria;taller de mecanica;picachito;2;60.0;27/03/2019;8000000;agropecuaria
femenino;industria;publicidad y;blanquizal;2;9.0;28/05/2019;7812000;agropecuaria
masculino;comercio;almacen de ropa en;manrique oriental;3;5.0;24/10/2016;6890000;agropecuaria
masculino;comercio;almacen de ropa en;barrio caicedo;3;8.0;5/04/2017;6890000;agropecuaria
masculino;comercio;almacen de ropa en;barrio caicedo;3;8.0;9/11/2018;6890000;agropecuaria
femenino;industria;deposito de;la cruz;2;15.0;1/04/2016;6750000;agropecuaria
masculino;servicio;almacen de ropa en;campo valdes no. 1;3;8.0;7/02/2017;6890000;agropecuaria
masculino;servicio;variedades;enciso;1;13.0;16/03/2018;4000000;agropecuaria
femenino;industria;gimnasio;la ladera;2;15.0;2017/10/12;8500000;empresarial ed.
masculino;servicio;comidas rapidas;santo domingo savio;1;13.0;24/05/2018;3000000;agropecuaria
femenino;industria;taller de electronica;la loma;2;80.0;15/03/2016;2200000;agropecuaria
masculino;servicio;fabrica de;manrique central no. 1;1;7.0;6/07/2018;7000000;agropecuaria
masculino;servicio;tienda;belen;1;7.0;31/05/2018;7000000;agropecuaria
masculino;servicio;comidas rapidas;campo valdes no. 1;3;8.0;28/10/2016;3000000;agropecuaria
masculino;servicio;fabrica de;san javier no.1;1;7.0;13/03/2018;7000000;agropecuaria
femenino;industria;criadero de animales;villa niza;2;60.0;25/04/2019;8000000;agropecuaria
masculino;comercio;almacen de ropa en;barrio caicedo;3;5.0;1/09/2017;6890000;agropecuaria
masculino;servicio;tienda;aranjuez;1;10.0;2/02/2018;6000000;agropecuaria
femenino;industria;lavanderia;san german;2;12.0;8/02/2019;4200000;agropecuaria
femenino;industria;bares;cordoba;2;80.0;18/05/2017;6894000;agropecuaria
femenino;industria;montallantas;el triunfo;2;12.0;14/01/2016;5300000;agropecuaria
masculino;servicio;fabrica de;robledo;1;4.0;4/04/2018;7800000;agropecuaria
masculino;servicio;fabrica de;san javier no.1;1;7.0;13/03/2018;7000000;agropecuaria
femenino;industria;legumbreria;las palmas;2;16.0;10/08/2017;2500000;agropecuaria
masculino;servicio;variedades;enciso;1;1.0;17/11/2017;5000000;agropecuaria
masculino;servicio;comidas rapidas;manrique central no. 2;1;13.0;11/07/2018;4000000;agropecuaria
femenino;industria;fabrica de helados;san diego;2;9.0;22/05/2017;5500000;agropecuaria
femenino;comercio;miscelanea;playon de los;3;6.0;31/05/2016;7370000;agropecuaria
femenino;industria;charcuteria;francisco antonio zea;2;60.0;10/02/2017;8200000;agropecuaria
masculino;servicio;comidas rapidas;cabecera san antonio;3;8.0;16/11/2016;3000000;agropecuaria
masculino;servicio;fabrica de;robledo;1;4.0;13/02/2018;7800000;agropecuaria
masculino;comercio;almacen de ropa en;manrique oriental;3;5.0;21/02/2017;6890000;agropecuaria
masculino;servicio;tienda;aranjuez;1;10.0;30/10/2017;6000000;agropecuaria
femenino;industria;fotografia;la candelaria;2;9.0;1/06/2016;4400000;agropecuaria
masculino;servicio;fabrica de;san javier no.1;1;7.0;26/07/2017;7000000;agropecuaria
masculino;servicio;comidas rapidas;santa cruz;1;13.0;15/11/2018;4000000;agropecuaria
masculino;servicio;comidas rapidas;campo valdes no. 1;3;8.0;14/06/2016;3000000;agropecuaria
femenino;industria;variedades de helados;girardot;2;60.0;6/04/2017;8200000;agropecuaria
femenino;comercio;restaurante;villa hermosa;3;2.0;9/08/2017;7377000;agropecuaria
masculino;servicio;fabrica de;robledo;1;4.0;13/02/2018;7800000;agropecuaria
masculino;servicio;comidas rapidas;santa cruz;1;13.0;15/06/2018;4000000;agropecuaria
masculino;servicio;tienda;aranjuez;1;10.0;20/03/2018;6000000;agropecuaria
masculino;servicio;fabrica de;manrique central no. 1;1;7.0;16/07/2018;7000000;agropecuaria
masculino;servicio;fabrica de;robledo;1;4.0;5/07/2018;7800000;agropecuaria
masculino;comercio;almacen de ropa en;manrique oriental;3;5.0;16/05/2017;6890000;agropecuaria
femenino;comercio;mantenimiento en;el salvador;3;2.0;16/03/2017;7377000;agropecuaria
masculino;servicio;tienda;belen;1;7.0;13/09/2017;7000000;agropecuaria
femenino;industria;criadero de animales;villa niza;2;60.0;28/09/2016;8000000;agropecuaria
femenino;comercio;miscelanea;granizal;3;6.0;30/01/2017;7370000;agropecuaria
masculino;comercio;almacen de ropa en;barrio caicedo;3;5.0;23/08/2018;6890000;agropecuaria
masculino;servicio;tienda;belen;1;7.0;3/04/2018;7000000;agropecuaria
masculino;servicio;tienda;aranjuez;1;10.0;2/11/2017;6000000;agropecuaria
masculino;servicio;tienda;buenos aires;1;7.0;1/03/2018;6000000;agropecuaria
femenino;industria;panaderia;calasanz;3;6.0;8/08/2018;1000000;agropecuaria
masculino;servicio;comidas rapidas;cabecera san antonio;3;8.0;3/08/2017;3000000;agropecuaria
femenino;industria;fabrica de alimentos;picacho;3;6.0;6/09/2016;6800000;agropecuaria
masculino;servicio;fabrica de;robledo;1;4.0;23/05/2018;7800000;agropecuaria
masculino;servicio;variedades;enciso;1;13.0;28/11/2018;4000000;agropecuaria
femenino;agropecuaria;venta de pollos;caribe;2;70.0;2018/04/26;3880000;microempresarial
masculino;comercio;peluqueria;doce de octubre no.1;3;5.0;3/08/2018;7300000;agropecuaria
masculino;servicio;fabrica de;robledo;1;4.0;11/10/2018;7800000;agropecuaria
masculino;servicio;fabrica de;manrique central no. 1;1;4.0;16/04/2018;7800000;agropecuaria
masculino;servicio;comidas rapidas;manrique central no. 2;1;13.0;3/11/2016;4000000;agropecuaria
femenino;agropecuaria;lenceria para el;oleoducto;2;14.0;2017/01/10;6080000;credioportuno
masculino;servicio;tienda;aranjuez;1;10.0;17/07/2017;6000000;agropecuaria
masculino;servicio;variedades;enciso;1;1.0;8/03/2018;4000000;agropecuaria
masculino;servicio;fabrica de;manrique central no. 1;1;4.0;16/04/2018;7800000;agropecuaria
masculino;servicio;fabrica de;robledo;1;4.0;6/02/2018;7800000;agropecuaria
femenino;comercio;fabrica de calzado;florencia;3;6.0;2/11/2016;6800000;agropecuaria
masculino;servicio;fabrica de;robledo;1;4.0;11/05/2018;7800000;agropecuaria
masculino;servicio;fabrica de;robledo;1;4.0;24/09/2018;7800000;agropecuaria
masculino;servicio;variedades;enciso;1;1.0;15/11/2017;5000000;agropecuaria
masculino;comercio;peluqueria;doce de octubre no.1;3;5.0;31/07/2017;6890000;agropecuaria
masculino;servicio;variedades;castilla;1;1.0;26/02/2018;5000000;agropecuaria
femenino;comercio;restaurante;el salvador;3;2.0;9/11/2016;7377000;agropecuaria
femenino;industria;cafeteria;juan xxiii la quiebra;2;16.0;30/11/2017;4500000;agropecuaria
femenino;industria;bares;cordoba;2;80.0;21/09/2016;6894000;agropecuaria
masculino;servicio;fabrica de;robledo;1;4.0;24/01/2018;7800000;agropecuaria
femenino;industria;recreativo educativo;altavista;2;16.0;7/07/2016;2500000;agropecuaria
masculino;servicio;almacen de ropa en;barrio caicedo;3;8.0;25/07/2017;6890000;agropecuaria
masculino;servicio;comidas rapidas;santo domingo savio;3;13.0;13/03/2019;3000000;agropecuaria
masculino;servicio;fabrica de;robledo;1;4.0;26/10/2018;7800000;agropecuaria
femenino;industria;publicidad y;blanquizal;2;9.0;28/05/2019;7812000;agropecuaria
masculino;servicio;tienda;belen;1;7.0;21/03/2017;6000000;agropecuaria
masculino;comercio;almacen de ropa en;barrio caicedo;3;5.0;26/11/2018;6890000;agropecuaria
masculino;servicio;comidas rapidas;cabecera san antonio;3;8.0;27/06/2017;3000000;agropecuaria
masculino;servicio;tienda;buenos aires;1;10.0;28/05/2018;6000000;agropecuaria
masculino;servicio;fabrica de;san javier no.1;1;7.0;9/04/2018;7000000;agropecuaria
masculino;servicio;variedades;castilla;1;1.0;17/03/2017;5000000;agropecuaria
femenino;comercio;mantenimiento en;guayabal;3;2.0;1/02/2017;7377000;agropecuaria
masculino;servicio;fabrica de;manrique central no. 1;1;4.0;27/06/2018;7800000;agropecuaria
masculino;servicio;comidas rapidas;santa cruz;1;13.0;23/11/2016;4000000;agropecuaria
femenino;industria;joyeria;jardin botanico;2;12.0;25/02/2016;4136000;agropecuaria
masculino;servicio;tienda;popular;1;10.0;31/10/2017;6000000;agropecuaria
masculino;servicio;comidas rapidas;santa cruz;1;13.0;21/06/2017;4000000;agropecuaria
masculino;servicio;tienda;belen;1;7.0;9/05/2017;7000000;agropecuaria
masculino;servicio;variedades;manrique central no. 2;1;13.0;18/10/2017;4000000;agropecuaria
femenino;industria;recreativo educativo;alfonso lopez;2;16.0;17/03/2016;4500000;agropecuaria
masculino;comercio;almacen de ropa en;barrio caicedo;3;5.0;23/08/2018;6890000;agropecuaria
femenino;industria;fabrica de repuestos;el vergel;2;15.0;17/09/2018;13000000;agropecuaria
femenino;industria;carpinteria;toscana;2;9.0;5/12/2016;8281000;agropecuaria
masculino;servicio;comidas rapidas;santa cruz;1;13.0;15/11/2018;4000000;agropecuaria
masculino;servicio;variedades;castilla;1;1.0;5/10/2016;5000000;agropecuaria
masculino;servicio;tienda;popular;1;10.0;30/05/2018;6000000;agropecuaria
masculino;servicio;tienda;popular;1;10.0;11/10/2017;6000000;agropecuaria
femenino;industria;licorera;calasanz parte alta;2;15.0;14/03/2019;7350000;agropecuaria
masculino;comercio;peluqueria;la milagrosa;3;5.0;15/08/2017;7300000;agropecuaria
masculino;servicio;fabrica de;robledo;1;4.0;13/02/2018;7800000;agropecuaria
masculino;servicio;fabrica de;manrique central no. 1;1;7.0;14/02/2018;7000000;agropecuaria
femenino;industria;ferreteria;kennedy;2;60.0;10/06/2016;7500000;agropecuaria
masculino;servicio;variedades;enciso;1;1.0;17/11/2017;5000000;agropecuaria
masculino;servicio;tienda;buenos aires;1;7.0;12/06/2017;6000000;agropecuaria
masculino;servicio;comidas rapidas;santo domingo savio;1;13.0;5/04/2018;3000000;agropecuaria
masculino;servicio;fabrica de;san javier no.1;1;7.0;9/05/2018;7000000;agropecuaria
masculino;servicio;tienda;aranjuez;1;10.0;18/06/2018;6000000;agropecuaria
masculino;comercio;peluqueria;moravia;3;2.0;20/10/2017;7300000;agropecuaria
femenino;comercio;restaurante;villa hermosa;3;2.0;4/10/2017;7377000;agropecuaria
femenino;comercio;distribuidora de;pedregal;3;3.0;13/03/2017;2000000;agropecuaria
masculino;servicio;fabrica de;robledo;1;4.0;3/10/2018;7800000;agropecuaria
masculino;servicio;tienda;cabecera san cristobal;1;1.0;11/10/2016;5000000;agropecuaria
femenino;comercio;miscelanea;villatina;3;3.0;25/08/2017;7370000;agropecuaria
masculino;servicio;tienda;aranjuez;1;10.0;18/01/2019;6000000;agropecuaria
masculino;servicio;fabrica de;manrique central no. 1;1;7.0;16/07/2018;7000000;agropecuaria
masculino;servicio;variedades;castilla;1;1.0;24/08/2017;5000000;agropecuaria
masculino;servicio;fabrica de;robledo;1;4.0;25/04/2018;7800000;agropecuaria
masculino;comercio;peluqueria;doce de octubre no.1;3;5.0;3/08/2018;7300000;agropecuaria
masculino;servicio;tienda;aranjuez;1;10.0;18/06/2018;6000000;agropecuaria
masculino;comercio;almacen de ropa en;manrique oriental;3;5.0;27/09/2018;6890000;agropecuaria
masculino;servicio;variedades;castilla;1;1.0;6/12/2018;5000000;agropecuaria
masculino;servicio;variedades;enciso;1;1.0;17/11/2017;5000000;agropecuaria
femenino;comercio;distribuidora de;andalucia;3;3.0;12/09/2016;2000000;agropecuaria
masculino;servicio;tienda;belen;1;7.0;2/05/2018;7000000;agropecuaria
femenino;industria;legumbreria;villa del socorro;2;16.0;9/09/2016;2500000;agropecuaria
femenino;comercio;miscelanea;villatina;3;3.0;19/07/2018;7370000;agropecuaria
masculino;servicio;variedades;castilla;1;1.0;6/06/2018;5000000;agropecuaria
masculino;servicio;fabrica de;san javier no.1;1;7.0;29/10/2018;7000000;agropecuaria
femenino;industria;cafeteria;llanaditas;2;16.0;6/05/2016;4500000;agropecuaria
masculino;servicio;tienda;popular;1;10.0;10/09/2018;6000000;agropecuaria
masculino;servicio;fabrica de;robledo;1;4.0;4/04/2018;7800000;agropecuaria
femenino;industria;carpinteria;13 de noviembre;2;9.0;6/02/2019;8281000;agropecuaria
masculino;comercio;almacen de ropa en;barrio caicedo;3;8.0;16/02/2017;6890000;agropecuaria
masculino;servicio;fabrica de;robledo;1;4.0;6/06/2017;7800000;agropecuaria
femenino;industria;variedades de helados;olaya herrera;2;60.0;12/06/2019;6500000;agropecuaria
masculino;servicio;comidas rapidas;santo domingo savio;1;13.0;24/04/2017;4000000;agropecuaria
masculino;servicio;comidas rapidas;santa cruz;1;13.0;15/06/2018;4000000;agropecuaria
femenino;industria;criadero de animales;villa del socorro;2;16.0;8/03/2016;8000000;agropecuaria
femenino;industria;variedades de helados;pablo vi;2;60.0;17/12/2018;6500000;agropecuaria
femenino;industria;cafe e internet;boston;2;6.0;11/09/2017;3500000;agropecuaria
masculino;servicio;fabrica de;san javier no.1;1;7.0;9/05/2018;7000000;agropecuaria
masculino;servicio;fabrica de;san javier no.1;1;7.0;30/01/2018;7000000;agropecuaria
masculino;servicio;comidas rapidas;santa cruz;1;13.0;21/06/2017;4000000;agropecuaria
masculino;servicio;tienda;belen;1;7.0;22/03/2018;7000000;agropecuaria
femenino;industria;carniceria;aguas frias;2;12.0;2018/10/25;5600000;agropecuaria
masculino;servicio;almacen de ropa en;campo valdes no. 1;3;8.0;18/08/2017;3000000;agropecuaria
femenino;industria;recreativo educativo;alfonso lopez;2;16.0;14/08/2017;4500000;agropecuaria
masculino;servicio;tienda;belen;1;7.0;19/04/2018;7000000;agropecuaria
masculino;servicio;fabrica de;manrique central no. 1;1;4.0;23/03/2018;7000000;agropecuaria
femenino;industria;carpinteria;13 de noviembre;2;9.0;16/08/2016;8281000;agropecuaria
femenino;industria;gimnasio;la ladera;2;15.0;4/06/2019;8288000;empresarial ed.
masculino;servicio;tienda;belen;1;7.0;23/05/2017;6000000;agropecuaria
masculino;servicio;tienda;belen;1;7.0;21/03/2017;6000000;agropecuaria
masculino;comercio;almacen de ropa en;barrio caicedo;3;8.0;5/04/2017;6890000;agropecuaria
masculino;servicio;comidas rapidas;santa cruz;1;13.0;28/11/2017;4000000;agropecuaria
masculino;servicio;tienda;buenos aires;1;10.0;14/06/2018;6000000;agropecuaria
masculino;servicio;fabrica de;robledo;1;4.0;22/05/2018;7800000;agropecuaria
masculino;servicio;fabrica de;manrique central no. 1;1;4.0;23/03/2018;7000000;agropecuaria
masculino;servicio;tienda;aranjuez;1;10.0;28/02/2018;6000000;agropecuaria
masculino;comercio;almacen de ropa en;barrio caicedo;3;5.0;2/08/2017;6890000;agropecuaria
masculino;servicio;tienda;popular;1;10.0;19/09/2017;5000000;agropecuaria
femenino;industria;ferreteria;kennedy;2;60.0;10/06/2016;7500000;agropecuaria
femenino;industria;variedades naturista;el chagualo;2;80.0;28/12/2018;16000000;agropecuaria
masculino;servicio;tienda;aranjuez;1;10.0;30/10/2017;6000000;agropecuaria
masculino;servicio;fabrica de;robledo;1;4.0;24/09/2018;7800000;agropecuaria
femenino;comercio;papeleria;aranjuezcito;3;3.0;22/12/2017;2000000;agropecuaria
masculino;servicio;tienda;belen;1;7.0;9/05/2017;7000000;agropecuaria
femenino;comercio;distribuidora de;pedregal;3;3.0;13/03/2017;2000000;agropecuaria
femenino;industria;charcuteria;francisco antonio zea;2;60.0;8/08/2016;8200000;agropecuaria
masculino;servicio;tienda;aranjuez;1;10.0;2/02/2018;6000000;agropecuaria
femenino;comercio;miscelanea;villatina;3;3.0;19/07/2018;7370000;agropecuaria
masculino;servicio;tienda;buenos aires;1;7.0;30/10/2018;6000000;agropecuaria
femenino;comercio;barberia;20 de julio;3;3.0;26/07/2018;7370000;agropecuaria
femenino;industria;panaderia;calasanz;3;6.0;6/12/2017;1000000;agropecuaria
masculino;servicio;comidas rapidas;santo domingo savio;3;8.0;15/01/2019;3000000;agropecuaria
masculino;servicio;variedades;manrique central no. 2;1;13.0;18/10/2017;4000000;agropecuaria
masculino;servicio;fabrica de;san javier no.1;1;7.0;9/05/2018;7000000;agropecuaria
masculino;servicio;tienda;aranjuez;1;10.0;2/11/2017;6000000;agropecuaria
masculino;servicio;tienda;cabecera san cristobal;1;10.0;12/07/2017;5000000;agropecuaria
femenino;industria;taller de electronica;la libertad;2;80.0;12/09/2018;20000000;agropecuaria
masculino;comercio;peluqueria;moravia;3;2.0;22/01/2019;7300000;agropecuaria
masculino;servicio;tienda;san javier no.1;1;7.0;16/02/2018;7000000;agropecuaria
masculino;servicio;tienda;popular;1;10.0;8/05/2017;6000000;agropecuaria
masculino;servicio;tienda;popular;1;10.0;27/09/2017;5000000;agropecuaria
masculino;servicio;fabrica de;san javier no.1;1;7.0;13/03/2018;7000000;agropecuaria
masculino;servicio;tienda;buenos aires;1;10.0;13/06/2017;6000000;agropecuaria
masculino;servicio;fabrica de;robledo;1;4.0;24/10/2018;7800000;agropecuaria
masculino;servicio;tienda;aranjuez;1;10.0;21/06/2018;6000000;agropecuaria
masculino;servicio;tienda;popular;1;10.0;23/04/2018;6000000;agropecuaria
masculino;servicio;fabrica de;robledo;1;4.0;11/05/2018;7800000;agropecuaria
masculino;servicio;tienda;popular;1;10.0;20/04/2018;6000000;agropecuaria
masculino;servicio;fabrica de;robledo;1;4.0;24/10/2017;7800000;agropecuaria
femenino;industria;fabrica de alimentos;santander;3;6.0;4/01/2019;1000000;agropecuaria
femenino;industria;ebanistaria;cristo rey;2;12.0;6/04/2016;782000;agropecuaria
masculino;servicio;almacen de ropa en;barrio caicedo;3;8.0;25/07/2017;6890000;agropecuaria
masculino;servicio;fabrica de;robledo;1;4.0;13/02/2018;7800000;agropecuaria
femenino;comercio;restaurante;el salvador;3;2.0;4/12/2018;7377000;agropecuaria
masculino;comercio;peluqueria;la milagrosa;3;5.0;17/04/2017;7300000;agropecuaria
masculino;servicio;fabrica de;manrique central no. 1;1;4.0;25/07/2018;7800000;agropecuaria
femenino;comercio;restaurante;villa hermosa;3;2.0;15/09/2017;7300000;agropecuaria
femenino;industria;granero;belalcazar;2;9.0;18/02/2016;1200000;agropecuaria
femenino;comercio;papeleria;la floresta;3;3.0;19/10/2016;2000000;agropecuaria
masculino;servicio;fabrica de;robledo;1;4.0;14/03/2018;7800000;agropecuaria
masculino;comercio;almacen de ropa en;barrio caicedo;3;8.0;25/07/2017;6890000;agropecuaria
masculino;servicio;tienda;popular;1;10.0;12/03/2018;6000000;agropecuaria
masculino;servicio;variedades;cabecera san cristobal;1;1.0;12/10/2017;5000000;agropecuaria
masculino;servicio;tienda;buenos aires;1;7.0;30/10/2018;6000000;agropecuaria
masculino;servicio;tienda;buenos aires;1;10.0;26/10/2017;6000000;agropecuaria
femenino;industria;criadero de animales;villa niza;2;60.0;25/04/2019;8000000;agropecuaria
masculino;servicio;fabrica de;san javier no.1;1;7.0;7/05/2018;7000000;agropecuaria
masculino;servicio;comidas rapidas;manrique central no. 2;1;13.0;11/07/2018;4000000;agropecuaria
femenino;industria;taller de mecanica;boyaca;2;60.0;19/06/2019;8000000;agropecuaria
femenino;industria;variedades naturista;el chagualo;2;12.0;29/06/2016;4100000;agropecuaria
femenino;industria;cafeteria;juan xxiii la quiebra;2;16.0;27/01/2017;1500000;agropecuaria
femenino;industria;carpinteria;13 de noviembre;2;9.0;29/08/2016;8281000;agropecuaria
femenino;industria;fabrica de alimentos;santander;3;6.0;4/12/2017;6800000;agropecuaria
masculino;servicio;fabrica de;san javier no.1;1;7.0;5/09/2018;7000000;agropecuaria
masculino;servicio;fabrica de;robledo;1;4.0;21/02/2018;7800000;agropecuaria
masculino;servicio;almacen de ropa en;campo valdes no. 1;3;8.0;29/06/2017;3000000;agropecuaria
masculino;servicio;fabrica de;san javier no.1;1;7.0;26/07/2017;7000000;agropecuaria
masculino;servicio;tienda;aranjuez;1;10.0;19/05/2017;6000000;agropecuaria
femenino;industria;fabrica de alimentos;santander;3;6.0;27/04/2017;6800000;agropecuaria
masculino;servicio;tienda;aranjuez;1;10.0;19/05/2017;6000000;agropecuaria
masculino;servicio;comidas rapidas;santo domingo savio;3;13.0;13/03/2019;3000000;agropecuaria
masculino;servicio;almacen de ropa en;campo valdes no. 1;3;8.0;29/01/2018;3000000;agropecuaria
femenino;industria;fabrica de alimentos;calasanz;3;6.0;17/01/2017;1000000;agropecuaria
masculino;servicio;fabrica de;robledo;1;4.0;25/05/2018;7800000;agropecuaria
masculino;comercio;almacen de ropa en;barrio caicedo;3;8.0;6/03/2017;6890000;agropecuaria
masculino;servicio;fabrica de;robledo;1;4.0;23/05/2018;7800000;agropecuaria
femenino;comercio;mantenimiento en;andalucia;3;2.0;3/10/2017;7377000;agropecuaria
masculino;servicio;tienda;belen;1;7.0;21/03/2017;6000000;agropecuaria
masculino;servicio;comidas rapidas;manrique central no. 2;1;13.0;13/10/2017;4000000;agropecuaria
femenino;comercio;mantenimiento en;guayabal;3;2.0;7/07/2017;7377000;agropecuaria
femenino;industria;fabrica de alimentos;picacho;3;6.0;15/03/2017;6800000;agropecuaria
masculino;servicio;tienda;buenos aires;1;10.0;10/05/2018;6000000;agropecuaria
masculino;servicio;comidas rapidas;manrique central no. 2;1;13.0;6/11/2018;4000000;agropecuaria
masculino;servicio;variedades;castilla;1;1.0;5/09/2017;5000000;agropecuaria
masculino;servicio;almacen de ropa en;campo valdes no. 1;3;8.0;7/02/2017;6890000;agropecuaria
masculino;servicio;tienda;aranjuez;1;10.0;18/06/2018;6000000;agropecuaria
masculino;servicio;tienda;aranjuez;1;10.0;20/03/2018;6000000;agropecuaria
femenino;comercio;mantenimiento en;andalucia;3;2.0;5/04/2016;7377000;agropecuaria
femenino;industria;granero;palmitas;2;9.0;19/03/2019;1200000;agropecuaria
masculino;servicio;tienda;popular;1;10.0;11/08/2017;5000000;agropecuaria
femenino;comercio;fabrica de calzado;florencia;3;6.0;2/11/2016;6800000;agropecuaria
masculino;servicio;tienda;belen;1;7.0;2/05/2018;7000000;agropecuaria
masculino;servicio;fabrica de;robledo;1;4.0;14/09/2018;7800000;agropecuaria
masculino;servicio;comidas rapidas;cabecera san antonio;3;8.0;30/08/2017;3000000;agropecuaria
masculino;comercio;peluqueria;la milagrosa;3;5.0;24/08/2018;7300000;agropecuaria
femenino;industria;ferreteria;santa lucia;2;60.0;1/09/2016;7500000;agropecuaria
masculino;servicio;variedades;castilla;1;1.0;26/02/2018;5000000;agropecuaria
masculino;servicio;tienda;buenos aires;1;7.0;3/07/2018;6000000;agropecuaria
masculino;servicio;variedades;castilla;1;1.0;6/06/2018;5000000;agropecuaria
masculino;servicio;almacen de ropa en;campo valdes no. 1;3;8.0;18/04/2018;3000000;agropecuaria
masculino;servicio;fabrica de;manrique central no. 1;1;4.0;9/07/2018;7000000;agropecuaria
masculino;servicio;comidas rapidas;manrique central no. 2;1;13.0;5/03/2018;4000000;agropecuaria
masculino;servicio;comidas rapidas;manrique central no. 2;1;13.0;3/11/2016;4000000;agropecuaria
femenino;industria;productos de belleza;la francia;2;16.0;24/01/2017;1500000;agropecuaria
femenino;industria;fabrica de alimentos;santander;3;6.0;29/02/2016;6800000;agropecuaria
masculino;comercio;peluqueria;doce de octubre no.1;3;5.0;26/05/2016;6890000;agropecuaria
femenino;comercio;distribuidora de;pedregal;3;3.0;11/05/2017;2000000;agropecuaria
masculino;servicio;almacen de ropa en;campo valdes no. 1;3;8.0;4/09/2017;3000000;agropecuaria
masculino;servicio;fabrica de;san javier no.1;1;7.0;17/05/2018;7000000;agropecuaria
masculino;servicio;variedades;cabecera san cristobal;1;1.0;18/07/2017;5000000;agropecuaria
masculino;servicio;fabrica de;robledo;1;4.0;13/02/2018;7800000;agropecuaria
femenino;industria;lavanderia;san german;2;12.0;8/02/2019;7600000;agropecuaria
masculino;servicio;fabrica de;robledo;1;4.0;14/03/2018;7800000;agropecuaria
masculino;servicio;variedades;enciso;1;13.0;26/04/2017;4000000;agropecuaria
masculino;servicio;comidas rapidas;cabecera san antonio;3;8.0;7/04/2016;3000000;agropecuaria
masculino;comercio;peluqueria;moravia;3;2.0;29/05/2019;7300000;agropecuaria
masculino;servicio;tienda;belen;1;7.0;7/06/2018;7000000;agropecuaria
masculino;servicio;fabrica de;robledo;1;4.0;10/07/2018;7800000;agropecuaria
masculino;comercio;almacen de ropa en;manrique oriental;3;5.0;5/06/2017;6890000;agropecuaria
femenino;comercio;barberia;villatina;3;3.0;4/08/2016;7370000;agropecuaria
femenino;comercio;mantenimiento en;andalucia;3;2.0;5/04/2016;7377000;agropecuaria
masculino;comercio;peluqueria;doce de octubre no.1;3;5.0;26/05/2016;6890000;agropecuaria
femenino;industria;recreativo educativo;alfonso lopez;2;16.0;19/02/2018;4500000;agropecuaria
masculino;servicio;fabrica de;robledo;1;4.0;4/04/2018;7800000;agropecuaria
femenino;comercio;papeleria;la floresta;3;3.0;16/06/2017;2000000;agropecuaria
masculino;servicio;fabrica de;robledo;1;4.0;25/05/2018;7800000;agropecuaria
femenino;comercio;miscelanea;granizal;3;6.0;3/09/2018;7370000;agropecuaria
masculino;servicio;tienda;buenos aires;1;7.0;8/02/2018;6000000;agropecuaria
masculino;servicio;fabrica de;san javier no.1;1;7.0;7/05/2018;7000000;agropecuaria
masculino;servicio;tienda;buenos aires;1;7.0;13/12/2016;6000000;agropecuaria
masculino;servicio;variedades;enciso;1;13.0;1/06/2017;4000000;agropecuaria
femenino;comercio;mantenimiento en;andalucia;3;2.0;22/08/2016;7377000;agropecuaria
femenino;comercio;mantenimiento en;guayabal;3;2.0;17/05/2017;7377000;agropecuaria
masculino;servicio;comidas rapidas;cabecera san antonio;3;8.0;30/08/2017;3000000;agropecuaria
femenino;industria;cafeteria;llanaditas;2;16.0;15/07/2016;4500000;agropecuaria
masculino;servicio;tienda;belen;1;7.0;7/06/2018;7000000;agropecuaria
masculino;servicio;tienda;popular;1;10.0;8/05/2017;6000000;agropecuaria
femenino;comercio;mantenimiento en;el salvador;3;2.0;16/03/2017;7377000;agropecuaria
masculino;servicio;tienda;belen;1;7.0;21/03/2017;6000000;agropecuaria
masculino;comercio;almacen de ropa en;manrique oriental;3;5.0;20/10/2016;6890000;agropecuaria
masculino;servicio;tienda;belen;1;7.0;8/06/2018;7000000;agropecuaria
femenino;industria;gimnasio;la ladera;2;15.0;2017/10/12;3377000;empresarial ed.
femenino;industria;drogueria;antonio nariño;2;12.0;27/05/2019;6300000;agropecuaria
masculino;servicio;tienda;buenos aires;1;10.0;13/06/2017;6000000;agropecuaria
femenino;comercio;barberia;20 de julio;3;3.0;11/02/2019;2000000;agropecuaria
masculino;servicio;fabrica de;manrique central no. 1;1;7.0;5/02/2018;7000000;agropecuaria
femenino;industria;lavanderia;san german;2;12.0;8/02/2019;4200000;agropecuaria
femenino;comercio;restaurante;villa hermosa;3;2.0;15/09/2017;7377000;agropecuaria
masculino;servicio;tienda;popular;1;10.0;8/05/2017;6000000;agropecuaria
femenino;industria;taller de mecanica;picachito;2;60.0;20/02/2016;8000000;agropecuaria
masculino;servicio;variedades;enciso;1;1.0;24/04/2018;5000000;agropecuaria
masculino;comercio;almacen de ropa en;barrio caicedo;3;8.0;8/03/2017;6890000;agropecuaria
masculino;servicio;fabrica de;robledo;1;4.0;7/11/2017;7800000;agropecuaria
masculino;servicio;tienda;cabecera san cristobal;1;1.0;22/02/2017;5000000;agropecuaria
femenino;comercio;papeleria;aranjuezcito;3;3.0;24/11/2017;2000000;agropecuaria
masculino;comercio;almacen de ropa en;barrio caicedo;3;5.0;1/09/2017;6890000;agropecuaria
femenino;industria;carpinteria;13 de noviembre;2;9.0;6/02/2019;8281000;agropecuaria
femenino;industria;publicidad y;blanquizal;2;9.0;28/05/2019;7812000;agropecuaria
masculino;servicio;tienda;san javier no.1;1;7.0;20/06/2017;7000000;agropecuaria
femenino;industria;taller de mecanica;picachito;2;60.0;23/12/2016;6500000;agropecuaria
masculino;comercio;almacen de ropa en;barrio caicedo;3;8.0;5/04/2017;6890000;agropecuaria
masculino;servicio;tienda;buenos aires;1;10.0;13/06/2017;6000000;agropecuaria
femenino;comercio;restaurante;villa hermosa;3;2.0;7/10/2016;7377000;agropecuaria
masculino;servicio;comidas rapidas;santa cruz;1;13.0;13/02/2019;4000000;agropecuaria
femenino;industria;cafe e internet;centro admtivo;2;6.0;23/06/2017;3500000;agropecuaria
femenino;industria;productos de belleza;la francia;2;16.0;15/02/2016;1500000;agropecuaria
masculino;servicio;fabrica de;robledo;1;4.0;25/04/2018;7800000;agropecuaria
masculino;servicio;tienda;belen;1;7.0;2/03/2018;7000000;agropecuaria
femenino;industria;deposito de;el poblado;2;15.0;31/03/2016;78000000;agropecuaria
femenino;industria;ebanistaria;el chagualo;2;12.0;29/06/2016;4100000;agropecuaria
masculino;servicio;almacen de ropa en;campo valdes no. 1;3;8.0;6/02/2017;3000000;agropecuaria
masculino;servicio;tienda;popular;1;10.0;10/09/2018;6000000;agropecuaria
masculino;servicio;comidas rapidas;santo domingo savio;1;13.0;12/07/2016;3000000;agropecuaria
masculino;servicio;tienda;belen;1;7.0;22/03/2018;7000000;agropecuaria
masculino;servicio;variedades;enciso;1;13.0;26/04/2017;4000000;agropecuaria
femenino;industria;cafe e internet;carpinelo;2;16.0;13/12/2017;1500000;agropecuaria
masculino;servicio;tienda;buenos aires;1;7.0;30/10/2018;6000000;agropecuaria
femenino;industria;panaderia;santa elena central;3;6.0;24/11/2016;1000000;agropecuaria
masculino;comercio;peluqueria;moravia;3;2.0;29/05/2019;7300000;agropecuaria
masculino;servicio;comidas rapidas;santo domingo savio;1;13.0;25/10/2017;4000000;agropecuaria
femenino;industria;lavanderia;santa rosa de lima;2;12.0;26/06/2019;780000;agropecuaria
masculino;servicio;fabrica de;san javier no.1;1;7.0;5/09/2018;7000000;agropecuaria
masculino;servicio;almacen de ropa en;campo valdes no. 1;3;8.0;6/02/2017;3000000;agropecuaria
masculino;servicio;fabrica de;robledo;1;4.0;5/07/2018;7800000;agropecuaria
masculino;servicio;fabrica de;robledo;1;4.0;18/10/2018;7800000;agropecuaria
masculino;servicio;tienda;aranjuez;1;10.0;2/11/2017;6000000;agropecuaria
masculino;comercio;almacen de ropa en;barrio caicedo;3;5.0;23/08/2018;6890000;agropecuaria
femenino;industria;ferreteria;santa lucia;2;60.0;23/02/2016;7500000;agropecuaria
masculino;servicio;variedades;castilla;1;1.0;8/11/2017;5000000;agropecuaria
masculino;servicio;tienda;popular;1;10.0;12/03/2018;6000000;agropecuaria
masculino;servicio;variedades;cabecera san cristobal;1;1.0;12/10/2017;5000000;agropecuaria
femenino;industria;drogueria;antonio nariño;2;12.0;13/06/2016;28000000;agropecuaria
masculino;servicio;variedades;cabecera san cristobal;1;1.0;31/01/2018;5000000;agropecuaria
masculino;servicio;tienda;belen;1;7.0;21/03/2017;6000000;agropecuaria
femenino;industria;drogueria;el pinal;2;12.0;13/06/2016;28000000;agropecuaria
femenino;industria;joyeria;jesus nazareno;2;12.0;10/01/2018;4600000;agropecuaria
femenino;industria;drogueria;antonio nariño;2;12.0;27/05/2019;6300000;agropecuaria
masculino;servicio;fabrica de;manrique central no. 1;1;4.0;27/06/2018;7800000;agropecuaria
masculino;servicio;fabrica de;san javier no.1;1;7.0;29/05/2018;7000000;agropecuaria
femenino;industria;fabrica de helados;san diego;2;9.0;20/05/2016;5500000;agropecuaria
masculino;servicio;fabrica de;san javier no.1;1;7.0;22/09/2017;7000000;agropecuaria
masculino;servicio;variedades;cabecera san cristobal;1;1.0;22/02/2018;5000000;agropecuaria
masculino;comercio;almacen de ropa en;manrique oriental;3;5.0;16/05/2017;6890000;agropecuaria
masculino;servicio;comidas rapidas;santa cruz;1;13.0;23/07/2018;4000000;agropecuaria
masculino;servicio;tienda;buenos aires;1;10.0;28/05/2018;6000000;agropecuaria
masculino;servicio;variedades;enciso;1;1.0;8/03/2018;4000000;agropecuaria
masculino;servicio;comidas rapidas;cabecera san antonio;3;8.0;28/03/2017;3000000;agropecuaria
masculino;servicio;variedades;castilla;1;1.0;5/10/2016;5000000;agropecuaria
masculino;comercio;peluqueria;moravia;3;2.0;13/08/2018;7300000;agropecuaria
masculino;comercio;peluqueria;doce de octubre no.1;3;5.0;21/11/2018;7300000;agropecuaria
femenino;industria;deposito de;el poblado;2;15.0;31/03/2016;78000000;agropecuaria
femenino;comercio;papeleria;aranjuezcito;3;3.0;24/02/2016;2000000;agropecuaria
masculino;servicio;comidas rapidas;santa cruz;1;13.0;23/10/2017;4000000;agropecuaria
femenino;industria;bares;cordoba;2;80.0;28/06/2019;6894000;agropecuaria
masculino;servicio;fabrica de;manrique central no. 1;1;4.0;13/07/2017;7800000;agropecuaria
masculino;servicio;fabrica de;san javier no.1;1;7.0;7/05/2018;7000000;agropecuaria
masculino;servicio;tienda;popular;1;10.0;25/01/2018;6000000;agropecuaria
femenino;industria;cafeteria;alfonso lopez;2;16.0;20/01/2017;4500000;agropecuaria
masculino;servicio;tienda;san javier no.1;1;7.0;16/02/2018;7000000;agropecuaria
masculino;servicio;tienda;buenos aires;1;7.0;1/03/2018;6000000;agropecuaria
masculino;servicio;fabrica de;robledo;1;4.0;5/06/2018;7800000;agropecuaria
femenino;comercio;restaurante;villa hermosa;3;2.0;7/10/2016;7377000;agropecuaria
masculino;servicio;variedades;cabecera san cristobal;1;1.0;7/04/2017;5000000;agropecuaria
masculino;servicio;comidas rapidas;santo domingo savio;3;8.0;7/03/2017;3000000;agropecuaria
masculino;servicio;tienda;popular;1;10.0;12/03/2018;6000000;agropecuaria
masculino;servicio;tienda;aranjuez;1;10.0;9/03/2018;6000000;agropecuaria
femenino;comercio;restaurante;villa hermosa;3;2.0;14/11/2017;7377000;agropecuaria
femenino;industria;legumbreria;trinidad;2;16.0;3/08/2016;2500000;agropecuaria
femenino;industria;panaderia;calasanz;3;6.0;8/08/2018;1000000;agropecuaria
femenino;industria;variedades de helados;girardot;2;60.0;11/08/2016;6500000;agropecuaria
masculino;servicio;variedades;cabecera san cristobal;1;1.0;12/10/2017;5000000;agropecuaria
femenino;industria;fabrica de colchones;eduardo santos;2;15.0;1/03/2019;7100000;agropecuaria
masculino;servicio;variedades;enciso;1;13.0;28/11/2018;4000000;agropecuaria
masculino;servicio;comidas rapidas;santa cruz;1;13.0;21/06/2017;4000000;agropecuaria
masculino;servicio;tienda;buenos aires;1;7.0;18/04/2017;6000000;agropecuaria
femenino;industria;taller de electronica;la loma;2;80.0;25/06/2019;2200000;agropecuaria
femenino;comercio;papeleria;la floresta;3;3.0;19/10/2016;2000000;agropecuaria
masculino;servicio;comidas rapidas;santo domingo savio;3;8.0;10/11/2016;3000000;agropecuaria
masculino;servicio;variedades;cabecera san cristobal;1;1.0;31/01/2018;5000000;agropecuaria
masculino;comercio;peluqueria;la milagrosa;3;5.0;26/09/2016;7300000;agropecuaria
masculino;servicio;fabrica de;san javier no.1;1;7.0;29/05/2018;7000000;agropecuaria
masculino;servicio;fabrica de;manrique central no. 1;1;4.0;25/07/2018;7800000;agropecuaria
masculino;servicio;fabrica de;robledo;1;4.0;5/07/2018;7800000;agropecuaria
femenino;comercio;miscelanea;playon de los;3;3.0;5/06/2019;7370000;agropecuaria
femenino;industria;sembrados;la pradera;2;9.0;20/12/2018;7500000;agropecuaria
masculino;servicio;tienda;popular;1;10.0;27/09/2017;5000000;agropecuaria
masculino;servicio;comidas rapidas;santa cruz;1;13.0;15/06/2018;4000000;agropecuaria
masculino;servicio;variedades;enciso;1;1.0;20/09/2017;5000000;agropecuaria
masculino;comercio;peluqueria;la milagrosa;3;5.0;26/09/2016;7300000;agropecuaria
masculino;comercio;almacen de ropa en;manrique oriental;3;5.0;20/10/2016;6890000;agropecuaria
masculino;servicio;tienda;buenos aires;1;10.0;9/03/2017;6000000;agropecuaria
masculino;servicio;comidas rapidas;santo domingo savio;1;13.0;14/08/2018;4000000;agropecuaria
masculino;servicio;fabrica de;san javier no.1;1;7.0;13/03/2018;7000000;agropecuaria
masculino;servicio;tienda;aranjuez;1;10.0;3/05/2017;6000000;agropecuaria
masculino;comercio;almacen de ropa en;manrique oriental;3;5.0;3/04/2017;6890000;agropecuaria
femenino;industria;cafe e internet;boston;2;6.0;21/01/2019;3500000;agropecuaria
masculino;servicio;fabrica de;robledo;1;4.0;11/10/2018;7800000;agropecuaria
femenino;comercio;mantenimiento en;guayabal;3;2.0;17/05/2017;7377000;agropecuaria
masculino;servicio;fabrica de;robledo;1;4.0;24/10/2017;7800000;agropecuaria
femenino;industria;fotografia;la america;2;9.0;20/12/2016;4400000;agropecuaria
femenino;comercio;miscelanea;playon de los;3;3.0;19/11/2018;7370000;agropecuaria
masculino;servicio;fabrica de;san javier no.1;1;7.0;17/05/2018;7000000;agropecuaria
masculino;servicio;comidas rapidas;santa cruz;1;13.0;13/02/2019;4000000;agropecuaria
femenino;agropecuaria;productos de mar;san bernardo;2;70.0;19/12/2018;6810000;juridica y cap.semilla
masculino;servicio;tienda;aranjuez;1;10.0;20/09/2018;6000000;agropecuaria
masculino;servicio;tienda;buenos aires;1;7.0;8/02/2018;6000000;agropecuaria
masculino;servicio;fabrica de;manrique central no. 1;1;4.0;25/07/2018;7800000;agropecuaria
femenino;industria;cafeteria;juan xxiii la quiebra;2;16.0;15/09/2016;1500000;agropecuaria
masculino;servicio;fabrica de;robledo;1;4.0;3/10/2018;7800000;agropecuaria
masculino;servicio;fabrica de;robledo;1;4.0;24/10/2017;7800000;agropecuaria
masculino;servicio;fabrica de;robledo;1;4.0;24/01/2018;7800000;agropecuaria
masculino;servicio;comidas rapidas;santo domingo savio;3;8.0;23/11/2017;3000000;agropecuaria
femenino;industria;charcuteria;francisco antonio zea;2;60.0;8/08/2016;8200000;agropecuaria
masculino;servicio;comidas rapidas;santo domingo savio;3;13.0;27/07/2017;3000000;agropecuaria
masculino;comercio;almacen de ropa en;barrio caicedo;3;5.0;1/09/2017;6890000;agropecuaria
masculino;servicio;comidas rapidas;santo domingo savio;3;8.0;15/01/2019;3000000;agropecuaria
femenino;industria;legumbreria;trinidad;2;16.0;17/10/2017;2500000;agropecuaria
masculino;servicio;tienda;buenos aires;1;7.0;12/06/2017;6000000;agropecuaria
masculino;servicio;variedades;cabecera san cristobal;1;1.0;12/10/2017;5000000;agropecuaria
masculino;servicio;variedades;enciso;1;1.0;6/09/2017;5000000;agropecuaria
masculino;comercio;peluqueria;doce de octubre no.1;3;5.0;3/08/2018;7300000;agropecuaria
femenino;industria;productos de belleza;la francia;2;16.0;25/07/2016;1500000;agropecuaria
masculino;servicio;fabrica de;robledo;1;4.0;7/11/2017;7800000;agropecuaria
femenino;comercio;distribuidora de;pedregal;3;3.0;8/06/2016;2000000;agropecuaria
masculino;comercio;peluqueria;moravia;3;2.0;15/06/2017;7300000;agropecuaria
femenino;industria;organización y;la libertad;2;80.0;16/02/2016;20000000;agropecuaria
femenino;industria;productos de belleza;la francia;2;16.0;16/09/2016;1500000;agropecuaria
masculino;servicio;comidas rapidas;santa cruz;1;13.0;21/06/2017;4000000;agropecuaria
femenino;comercio;restaurante;villa hermosa;3;2.0;7/09/2017;7300000;agropecuaria
femenino;industria;fabrica de productos;miranda;2;80.0;1/08/2016;4300000;agropecuaria
masculino;servicio;fabrica de;san javier no.1;1;7.0;26/07/2017;7000000;agropecuaria
femenino;industria;lavanderia;palermo;2;12.0;1/02/2016;4200000;agropecuaria
masculino;servicio;fabrica de;manrique central no. 1;1;4.0;7/12/2016;7800000;agropecuaria
masculino;servicio;tienda;buenos aires;1;7.0;3/07/2018;6000000;agropecuaria
masculino;servicio;variedades;castilla;1;1.0;6/12/2018;5000000;agropecuaria
masculino;servicio;comidas rapidas;cabecera san antonio;3;8.0;20/11/2018;3000000;agropecuaria
masculino;comercio;almacen de ropa en;manrique oriental;3;5.0;14/06/2017;6890000;agropecuaria
femenino;industria;joyeria;jardin botanico;2;12.0;17/08/2016;2800000;agropecuaria
masculino;servicio;variedades;cabecera san cristobal;1;1.0;10/08/2018;5000000;agropecuaria
femenino;industria;panaderia;calasanz;3;6.0;3/11/2017;1000000;agropecuaria
femenino;comercio;barberia;villatina;3;3.0;12/10/2016;7370000;agropecuaria
masculino;servicio;variedades;enciso;1;1.0;19/04/2017;5000000;agropecuaria
femenino;industria;fabrica de productos;miranda;2;80.0;22/06/2016;1800000;agropecuaria
femenino;industria;charcuteria;loreto;2;60.0;30/11/2018;8200000;agropecuaria
femenino;comercio;mantenimiento en;el salvador;3;2.0;19/12/2016;7377000;agropecuaria
masculino;servicio;tienda;aranjuez;1;10.0;27/03/2017;6000000;agropecuaria
masculino;comercio;peluqueria;la milagrosa;3;5.0;26/09/2016;7300000;agropecuaria
femenino;comercio;miscelanea;playon de los;3;3.0;28/04/2017;7370000;agropecuaria
masculino;servicio;tienda;aranjuez;1;10.0;19/05/2017;6000000;agropecuaria
femenino;industria;fabrica de calzado;picacho;3;6.0;14/09/2017;6800000;agropecuaria
femenino;industria;panaderia;santa elena central;3;6.0;15/03/2019;1000000;agropecuaria
masculino;servicio;almacen de ropa en;campo valdes no. 1;3;8.0;18/07/2018;3000000;agropecuaria
femenino;industria;licorera;vrda. san cristobal;2;15.0;14/03/2019;300000;agropecuaria
masculino;servicio;tienda;cabecera san cristobal;1;1.0;17/04/2018;5000000;agropecuaria
femenino;comercio;restaurante;villa hermosa;3;2.0;22/08/2018;7377000;agropecuaria
femenino;industria;legumbreria;villa del socorro;2;16.0;3/08/2016;2500000;agropecuaria
femenino;comercio;barberia;villatina;3;3.0;14/10/2016;7370000;agropecuaria
femenino;industria;fabrica de alimentos;santander;3;6.0;29/02/2016;6800000;agropecuaria
femenino;industria;cafe e internet;boston;3;6.0;7/06/2019;3500000;agropecuaria
masculino;servicio;comidas rapidas;manrique central no. 2;1;13.0;6/11/2018;4000000;agropecuaria
masculino;servicio;tienda;belen;1;7.0;2/05/2018;7000000;agropecuaria
femenino;industria;legumbreria;las palmas;2;16.0;31/03/2017;2500000;agropecuaria
femenino;industria;venta de calzado;san jose de la cima no.;2;80.0;10/05/2019;7200000;agropecuaria
femenino;industria;cafeteria;llanaditas;2;16.0;31/01/2019;4500000;agropecuaria
masculino;servicio;fabrica de;manrique central no. 1;1;4.0;13/07/2017;7800000;agropecuaria
masculino;servicio;variedades;cabecera san cristobal;1;1.0;30/06/2017;5000000;agropecuaria
masculino;servicio;tienda;buenos aires;1;10.0;13/06/2017;6000000;agropecuaria
femenino;comercio;distribuidora de;pedregal;3;3.0;23/08/2016;2000000;agropecuaria
masculino;servicio;fabrica de;robledo;1;4.0;11/05/2018;7800000;agropecuaria
masculino;servicio;tienda;aranjuez;1;10.0;19/05/2017;6000000;agropecuaria
masculino;servicio;comidas rapidas;santa cruz;1;13.0;28/11/2017;4000000;agropecuaria
femenino;industria;variedades naturista;la avanzada;2;80.0;4/02/2016;19000000;agropecuaria
masculino;servicio;fabrica de;robledo;1;4.0;3/10/2018;7800000;agropecuaria
masculino;servicio;comidas rapidas;santo domingo savio;3;13.0;13/03/2019;3000000;agropecuaria
masculino;servicio;fabrica de;robledo;1;4.0;22/05/2018;7800000;agropecuaria
masculino;servicio;variedades;cabecera san cristobal;1;1.0;27/07/2018;5000000;agropecuaria
masculino;servicio;tienda;san javier no.1;1;7.0;16/02/2018;7000000;agropecuaria
masculino;servicio;comidas rapidas;manrique central no. 2;1;13.0;22/05/2019;4000000;agropecuaria
masculino;servicio;fabrica de;san javier no.1;1;7.0;7/05/2018;7000000;agropecuaria
femenino;industria;productos de belleza;la francia;2;16.0;24/01/2017;1500000;agropecuaria
masculino;servicio;tienda;aranjuez;1;10.0;28/02/2018;6000000;agropecuaria
masculino;servicio;fabrica de;robledo;1;4.0;24/01/2018;7800000;agropecuaria
masculino;comercio;peluqueria;moravia;3;2.0;15/06/2017;7300000;agropecuaria
masculino;comercio;peluqueria;la milagrosa;3;5.0;10/05/2017;7300000;agropecuaria
masculino;servicio;tienda;belen;1;7.0;31/05/2018;7000000;agropecuaria
masculino;servicio;fabrica de;robledo;1;4.0;6/03/2018;7800000;agropecuaria
masculino;comercio;almacen de ropa en;barrio caicedo;3;8.0;5/09/2016;6890000;agropecuaria
femenino;comercio;fabrica de calzado;florencia;3;6.0;2/11/2016;6800000;agropecuaria
masculino;comercio;peluqueria;doce de octubre no.1;3;5.0;3/08/2018;7300000;agropecuaria
masculino;servicio;fabrica de;manrique central no. 1;1;4.0;15/02/2018;7000000;agropecuaria
femenino;industria;fabrica de helados;lopez de mesa;2;9.0;15/01/2018;5500000;agropecuaria
masculino;servicio;tienda;cabecera san cristobal;1;1.0;17/04/2018;5000000;agropecuaria
masculino;servicio;comidas rapidas;santa cruz;1;13.0;13/02/2019;4000000;agropecuaria
masculino;servicio;fabrica de;robledo;1;4.0;24/01/2018;7800000;agropecuaria
femenino;agropecuaria;fabrica de velas;moscu no. 2;2;14.0;2017/05/30;19531000;credioportuno
masculino;comercio;almacen de ropa en;barrio caicedo;3;8.0;23/03/2017;6890000;agropecuaria
femenino;comercio;fabrica de calzado;granizal;3;6.0;14/07/2016;7370000;agropecuaria
masculino;servicio;tienda;belen;1;7.0;13/09/2017;7000000;agropecuaria
femenino;industria;fabrica de muebles;el compromiso;2;12.0;30/04/2019;700000;agropecuaria
femenino;comercio;distribuidora de;pedregal;3;3.0;29/09/2016;2000000;agropecuaria
masculino;servicio;comidas rapidas;santa cruz;1;13.0;6/04/2018;4000000;agropecuaria
femenino;industria;charcuteria;francisco antonio zea;2;60.0;8/08/2016;8200000;agropecuaria
femenino;industria;taller de mecanica;olaya herrera;2;60.0;11/12/2018;6500000;agropecuaria
femenino;industria;productos de belleza;san pablo;2;16.0;14/12/2018;1500000;agropecuaria
masculino;servicio;tienda;popular;1;10.0;3/02/2017;6000000;agropecuaria
masculino;servicio;tienda;belen;1;7.0;13/09/2017;7000000;agropecuaria
masculino;servicio;fabrica de;robledo;1;4.0;24/09/2018;7800000;agropecuaria
femenino;comercio;fabrica de calzado;granizal;3;6.0;14/07/2016;7370000;agropecuaria
masculino;servicio;fabrica de;manrique central no. 1;1;4.0;25/07/2018;7800000;agropecuaria
masculino;servicio;variedades;enciso;1;13.0;9/11/2017;4000000;agropecuaria
masculino;servicio;tienda;belen;1;7.0;31/05/2018;7000000;agropecuaria
masculino;comercio;peluqueria;la milagrosa;3;5.0;28/11/2016;7300000;agropecuaria
femenino;industria;venta de calzado;san jose de la cima no.;2;80.0;29/01/2019;7200000;agropecuaria
femenino;industria;marroquineria;zona expansion san;2;15.0;4/09/2018;1700000;agropecuaria
masculino;servicio;fabrica de;robledo;1;4.0;10/07/2018;7800000;agropecuaria
masculino;servicio;variedades;cabecera san cristobal;1;1.0;10/08/2018;5000000;agropecuaria
femenino;industria;publicidad y;blanquizal;2;9.0;19/04/2016;7812000;agropecuaria
masculino;servicio;tienda;aranjuez;1;10.0;8/05/2018;6000000;agropecuaria
masculino;servicio;comidas rapidas;cabecera san antonio;3;8.0;16/11/2016;3000000;agropecuaria
masculino;servicio;tienda;popular;1;10.0;29/03/2017;5000000;agropecuaria
femenino;comercio;restaurante;el salvador;3;2.0;9/11/2016;7377000;agropecuaria
femenino;comercio;restaurante;villa hermosa;3;2.0;7/09/2017;7300000;agropecuaria
femenino;industria;publicidad y;el socorro;2;9.0;27/11/2018;7812000;agropecuaria
femenino;industria;deposito de;santa monica;2;15.0;9/04/2019;3600000;agropecuaria
masculino;servicio;fabrica de;manrique central no. 1;1;4.0;13/07/2017;7800000;agropecuaria
masculino;servicio;variedades;castilla;1;1.0;11/04/2018;5000000;agropecuaria
masculino;servicio;variedades;castilla;1;1.0;5/09/2017;5000000;agropecuaria
masculino;servicio;fabrica de;robledo;1;4.0;7/11/2017;7800000;agropecuaria
masculino;servicio;variedades;cabecera san cristobal;1;1.0;19/07/2017;5000000;agropecuaria
masculino;servicio;variedades;castilla;1;1.0;24/08/2017;5000000;agropecuaria
masculino;servicio;tienda;belen;1;7.0;19/04/2018;7000000;agropecuaria
masculino;servicio;comidas rapidas;santo domingo savio;3;8.0;23/11/2017;3000000;agropecuaria
masculino;servicio;tienda;aranjuez;1;10.0;30/10/2017;6000000;agropecuaria
femenino;industria;venta de calzado;san jose de la cima no.;2;80.0;25/04/2016;7200000;agropecuaria
masculino;servicio;tienda;popular;1;10.0;11/10/2017;6000000;agropecuaria
masculino;servicio;tienda;popular;1;10.0;10/09/2018;6000000;agropecuaria
masculino;servicio;comidas rapidas;santa cruz;1;13.0;21/06/2017;4000000;agropecuaria
masculino;servicio;comidas rapidas;santo domingo savio;1;13.0;24/04/2017;4000000;agropecuaria
femenino;industria;charcuteria;loreto;2;60.0;30/11/2018;8200000;agropecuaria
femenino;agropecuaria;venta de lacteos;moscu no. 1;2;90.0;30/08/2018;3700000;empresarial ed.
masculino;servicio;tienda;aranjuez;1;10.0;2/08/2018;6000000;agropecuaria
masculino;servicio;tienda;belen;1;7.0;8/06/2018;7000000;agropecuaria
femenino;agropecuaria;hoteles moteles;la cuchilla;2;50.0;2017/10/4;1175000;juridica y cap.semilla
masculino;servicio;tienda;popular;1;10.0;13/07/2018;6000000;agropecuaria
femenino;industria;fabrica de calzado;picacho;3;6.0;18/02/2019;6800000;agropecuaria
masculino;servicio;tienda;cabecera san cristobal;1;1.0;17/04/2018;5000000;agropecuaria
masculino;servicio;variedades;enciso;1;13.0;1/06/2017;4000000;agropecuaria
femenino;industria;cafe e internet;boston;3;6.0;21/01/2019;3500000;agropecuaria
femenino;industria;cafeteria;llanaditas;2;16.0;10/05/2016;4500000;agropecuaria
masculino;comercio;peluqueria;doce de octubre no.1;3;5.0;22/06/2017;6890000;agropecuaria
masculino;servicio;tienda;buenos aires;1;10.0;13/06/2017;6000000;agropecuaria
femenino;industria;cafeteria;juan xxiii la quiebra;2;16.0;21/09/2018;4500000;agropecuaria
masculino;servicio;fabrica de;manrique central no. 1;1;4.0;27/06/2018;7000000;agropecuaria
masculino;comercio;peluqueria;la milagrosa;3;5.0;15/08/2017;7300000;agropecuaria
masculino;servicio;comidas rapidas;campo valdes no. 1;3;8.0;14/02/2017;3000000;agropecuaria
masculino;servicio;comidas rapidas;manrique central no. 2;1;13.0;13/10/2017;4000000;agropecuaria
masculino;servicio;fabrica de;san javier no.1;1;7.0;17/05/2018;7000000;agropecuaria
masculino;servicio;tienda;belen;1;7.0;9/05/2017;7000000;agropecuaria
femenino;agropecuaria;venta de pollos;la florida;2;70.0;31/08/2018;82000000;microempresarial
femenino;comercio;fabrica de calzado;florencia;3;6.0;23/01/2018;6800000;agropecuaria
femenino;industria;legumbreria;las palmas;2;16.0;10/08/2017;2500000;agropecuaria
masculino;servicio;variedades;enciso;1;1.0;15/11/2017;5000000;agropecuaria
masculino;servicio;fabrica de;robledo;1;4.0;5/07/2018;7800000;agropecuaria
masculino;servicio;tienda;aranjuez;1;10.0;30/10/2017;6000000;agropecuaria
masculino;comercio;peluqueria;doce de octubre no.1;3;5.0;31/07/2017;6890000;agropecuaria
masculino;servicio;fabrica de;manrique central no. 1;1;4.0;23/03/2018;7000000;agropecuaria
masculino;comercio;peluqueria;manrique oriental;3;5.0;1/08/2017;6890000;agropecuaria
femenino;industria;variedades de helados;olaya herrera;2;60.0;17/12/2018;6500000;agropecuaria
masculino;comercio;peluqueria;la milagrosa;3;5.0;10/05/2017;7300000;agropecuaria
masculino;servicio;comidas rapidas;cabecera san antonio;3;8.0;27/06/2017;3000000;agropecuaria
masculino;servicio;comidas rapidas;santa cruz;1;13.0;29/11/2017;4000000;agropecuaria
femenino;industria;taller de electronica;la loma;2;80.0;23/01/2019;2200000;agropecuaria
masculino;servicio;variedades;cabecera san cristobal;1;1.0;21/05/2018;5000000;agropecuaria
femenino;industria;criadero de animales;boyaca;2;60.0;10/03/2017;8000000;agropecuaria
masculino;servicio;variedades;enciso;1;1.0;6/09/2017;5000000;agropecuaria
masculino;servicio;variedades;castilla;1;1.0;8/11/2017;5000000;agropecuaria
masculino;servicio;fabrica de;manrique central no. 1;1;4.0;29/08/2018;7800000;agropecuaria
masculino;servicio;tienda;popular;1;10.0;11/08/2017;5000000;agropecuaria
masculino;servicio;tienda;buenos aires;1;10.0;1/06/2018;6000000;agropecuaria
masculino;servicio;tienda;belen;1;7.0;19/04/2018;7000000;agropecuaria
femenino;industria;organización y;la libertad;2;80.0;6/07/2016;8280000;agropecuaria
masculino;servicio;variedades;enciso;1;1.0;8/03/2018;4000000;agropecuaria
masculino;servicio;fabrica de;manrique central no. 1;1;4.0;22/06/2018;7800000;agropecuaria
femenino;industria;deposito de;alejandro echavarria;2;15.0;29/12/2016;7812420;agropecuaria
masculino;comercio;peluqueria;la milagrosa;3;5.0;17/04/2017;7300000;agropecuaria
masculino;servicio;tienda;aranjuez;1;10.0;18/01/2019;6000000;agropecuaria
masculino;servicio;tienda;popular;1;10.0;26/09/2017;5000000;agropecuaria
masculino;servicio;tienda;popular;1;10.0;27/09/2017;5000000;agropecuaria
masculino;servicio;tienda;buenos aires;1;10.0;12/07/2018;6000000;agropecuaria
masculino;servicio;tienda;buenos aires;1;10.0;1/06/2018;6000000;agropecuaria
masculino;servicio;almacen de ropa en;campo valdes no. 1;3;8.0;17/08/2017;3000000;agropecuaria
masculino;comercio;peluqueria;la milagrosa;3;5.0;3/05/2019;7300000;agropecuaria
masculino;servicio;tienda;popular;1;10.0;11/10/2017;6000000;agropecuaria
femenino;industria;carpinteria;13 de noviembre;2;9.0;6/02/2019;8281000;agropecuaria
masculino;servicio;fabrica de;manrique central no. 1;1;4.0;16/04/2018;7800000;agropecuaria
masculino;servicio;tienda;san javier no.1;1;7.0;16/02/2018;7000000;agropecuaria
masculino;comercio;peluqueria;moravia;3;2.0;11/07/2017;7300000;agropecuaria
masculino;servicio;comidas rapidas;santa cruz;1;13.0;21/11/2017;4000000;agropecuaria
masculino;servicio;fabrica de;robledo;1;4.0;11/10/2018;7800000;agropecuaria
masculino;servicio;fabrica de;robledo;1;4.0;5/06/2018;7800000;agropecuaria
masculino;servicio;tienda;popular;1;10.0;19/09/2017;5000000;agropecuaria
masculino;servicio;variedades;castilla;1;1.0;28/08/2017;5000000;agropecuaria
masculino;servicio;tienda;popular;1;10.0;15/03/2018;6000000;agropecuaria
femenino;comercio;fabrica de calzado;granizal;3;6.0;14/07/2017;7370000;agropecuaria
masculino;servicio;tienda;buenos aires;1;10.0;9/03/2017;6000000;agropecuaria
femenino;industria;taller de mecanica;picachito;2;60.0;27/03/2019;8000000;agropecuaria
masculino;servicio;comidas rapidas;santa cruz;1;13.0;23/11/2016;4000000;agropecuaria
femenino;industria;gimnasio;la ladera;2;15.0;4/06/2019;8288000;empresarial ed.
femenino;industria;productos de belleza;la francia;2;16.0;15/02/2016;1500000;agropecuaria
masculino;servicio;variedades;enciso;1;13.0;28/06/2017;4000000;agropecuaria
femenino;industria;fotografia;belalcazar;2;9.0;14/09/2016;4400000;agropecuaria
masculino;servicio;tienda;aranjuez;1;10.0;28/02/2018;6000000;agropecuaria
femenino;comercio;mantenimiento en;andalucia;3;2.0;22/08/2016;7377000;agropecuaria
masculino;servicio;fabrica de;san javier no.1;1;7.0;23/02/2017;7000000;agropecuaria
masculino;servicio;tienda;popular;1;10.0;12/03/2018;6000000;agropecuaria
masculino;servicio;almacen de ropa en;campo valdes no. 1;3;8.0;17/08/2017;3000000;agropecuaria
masculino;servicio;comidas rapidas;santa cruz;1;13.0;15/11/2018;4000000;agropecuaria
masculino;servicio;comidas rapidas;cabecera san antonio;3;8.0;20/11/2018;3000000;agropecuaria
masculino;servicio;variedades;castilla;1;1.0;20/06/2018;5000000;agropecuaria
masculino;servicio;fabrica de;manrique central no. 1;1;4.0;9/07/2018;7000000;agropecuaria
masculino;servicio;tienda;popular;1;10.0;23/04/2018;6000000;agropecuaria
masculino;servicio;tienda;popular;1;10.0;13/07/2018;6000000;agropecuaria
masculino;comercio;almacen de ropa en;barrio caicedo;3;8.0;9/11/2018;6890000;agropecuaria
femenino;comercio;distribuidora de;pedregal;3;3.0;25/01/2017;2000000;agropecuaria
femenino;comercio;restaurante;villa hermosa;3;2.0;4/10/2017;7377000;agropecuaria
femenino;industria;charcuteria;loreto;2;60.0;20/02/2019;8200000;agropecuaria
femenino;industria;fabrica de helados;san diego;2;9.0;20/05/2016;5500000;agropecuaria
masculino;servicio;tienda;san javier no.1;1;7.0;16/02/2018;7000000;agropecuaria
femenino;comercio;barberia;20 de julio;3;3.0;8/09/2017;2000000;agropecuaria
masculino;servicio;variedades;castilla;1;1.0;2/10/2017;5000000;agropecuaria
masculino;servicio;tienda;belen;1;7.0;13/09/2017;7000000;agropecuaria
masculino;servicio;variedades;cabecera san cristobal;1;1.0;19/07/2017;5000000;agropecuaria
femenino;industria;fabrica de calzado;picacho;3;6.0;18/02/2019;6800000;agropecuaria
masculino;servicio;comidas rapidas;campo valdes no. 1;3;8.0;28/10/2016;3000000;agropecuaria
femenino;industria;licorera;bel¿n;2;15.0;10/02/2016;4130000;agropecuaria
masculino;comercio;almacen de ropa en;barrio caicedo;3;8.0;2/06/2017;6890000;agropecuaria
femenino;industria;organización y;la esperanza;2;80.0;7/03/2016;14000000;agropecuaria
femenino;industria;fabrica de alimentos;santander;3;6.0;18/08/2016;6800000;agropecuaria
femenino;comercio;papeleria;la floresta;3;3.0;21/08/2018;2000000;agropecuaria
masculino;comercio;almacen de ropa en;manrique oriental;3;5.0;16/05/2017;6890000;agropecuaria
masculino;comercio;almacen de ropa en;barrio caicedo;3;8.0;5/04/2017;6890000;agropecuaria
masculino;servicio;tienda;aranjuez;1;10.0;15/03/2018;6000000;agropecuaria
femenino;industria;taller de mecanica;olaya herrera;2;60.0;16/05/2019;6500000;agropecuaria
femenino;industria;legumbreria;trinidad;2;16.0;17/10/2017;2500000;agropecuaria
femenino;industria;fabrica de helados;lopez de mesa;2;9.0;28/03/2016;5500000;agropecuaria
masculino;servicio;tienda;popular;1;10.0;29/03/2017;5000000;agropecuaria
femenino;industria;licorera;la cruz;2;15.0;26/03/2019;12000000;agropecuaria
femenino;comercio;restaurante;villa hermosa;3;2.0;4/10/2017;7377000;agropecuaria
masculino;servicio;almacen de ropa en;campo valdes no. 1;3;8.0;17/08/2017;3000000;agropecuaria
masculino;comercio;almacen de ropa en;manrique oriental;3;5.0;5/06/2017;6890000;agropecuaria
masculino;servicio;fabrica de;robledo;1;4.0;14/09/2018;7800000;agropecuaria
femenino;industria;granero;palmitas;2;9.0;20/04/2016;1200000;agropecuaria
femenino;industria;ferreteria;la pradera;2;60.0;22/08/2017;7500000;agropecuaria
femenino;comercio;papeleria;aranjuezcito;3;3.0;22/12/2017;2000000;agropecuaria
femenino;industria;productos de belleza;la francia;2;16.0;24/01/2017;1500000;agropecuaria
masculino;servicio;variedades;cabecera san cristobal;1;1.0;10/08/2018;5000000;agropecuaria
femenino;industria;panaderia;boston;3;6.0;3/06/2016;3500000;agropecuaria
femenino;industria;criadero de animales;boyaca;2;60.0;24/03/2017;8000000;agropecuaria
femenino;comercio;barberia;20 de julio;3;3.0;18/03/2019;7370000;agropecuaria
femenino;industria;deposito de;el poblado;2;15.0;1/04/2016;78000000;agropecuaria
masculino;servicio;almacen de ropa en;campo valdes no. 1;3;8.0;25/07/2017;6890000;agropecuaria
masculino;servicio;almacen de ropa en;campo valdes no. 1;3;8.0;29/01/2018;3000000;agropecuaria
masculino;comercio;peluqueria;la milagrosa;3;5.0;17/04/2017;7300000;agropecuaria
masculino;servicio;tienda;san javier no.1;1;7.0;5/09/2018;7000000;agropecuaria
masculino;servicio;tienda;popular;1;10.0;29/03/2017;5000000;agropecuaria
femenino;comercio;fabrica de calzado;florencia;3;6.0;23/01/2018;7370000;agropecuaria
masculino;servicio;tienda;belen;1;7.0;26/04/2018;7000000;agropecuaria
masculino;servicio;variedades;castilla;1;1.0;11/04/2018;5000000;agropecuaria
masculino;servicio;comidas rapidas;santa cruz;1;13.0;23/11/2016;4000000;agropecuaria
femenino;comercio;restaurante;villa hermosa;3;2.0;30/05/2017;7377000;agropecuaria
masculino;servicio;comidas rapidas;cabecera san antonio;3;8.0;16/01/2018;3000000;agropecuaria
masculino;servicio;fabrica de;robledo;1;4.0;22/06/2018;7800000;agropecuaria
masculino;servicio;variedades;cabecera san cristobal;1;1.0;7/04/2017;5000000;agropecuaria
femenino;industria;sembrados;prado;2;9.0;13/06/2019;8281000;agropecuaria
masculino;servicio;fabrica de;san javier no.1;1;7.0;9/05/2018;7000000;agropecuaria
masculino;servicio;tienda;cabecera san cristobal;1;10.0;12/07/2017;5000000;agropecuaria
masculino;comercio;peluqueria;doce de octubre no.1;3;5.0;12/09/2017;7300000;agropecuaria
masculino;servicio;fabrica de;san javier no.1;1;7.0;29/05/2018;7000000;agropecuaria
masculino;comercio;peluqueria;moravia;3;2.0;22/01/2019;7300000;agropecuaria
masculino;servicio;comidas rapidas;santa cruz;1;13.0;6/04/2018;4000000;agropecuaria
masculino;servicio;tienda;popular;1;10.0;20/04/2018;6000000;agropecuaria
femenino;comercio;restaurante;moravia;3;2.0;8/06/2017;7300000;agropecuaria
masculino;servicio;variedades;castilla;1;1.0;5/10/2016;5000000;agropecuaria
femenino;comercio;miscelanea;playon de los;3;3.0;5/06/2019;7370000;agropecuaria
masculino;servicio;comidas rapidas;manrique central no. 2;1;13.0;11/07/2018;4000000;agropecuaria
masculino;servicio;variedades;cabecera san cristobal;1;1.0;19/07/2017;5000000;agropecuaria
femenino;industria;carniceria;san benito;2;12.0;23/06/2016;2300000;agropecuaria
femenino;comercio;fabrica de calzado;granizal;3;6.0;14/07/2016;7370000;agropecuaria
masculino;comercio;peluqueria;doce de octubre no.1;3;5.0;18/11/2016;7300000;agropecuaria
femenino;industria;taller de mecanica;boyaca;2;60.0;27/02/2019;8000000;agropecuaria
masculino;servicio;fabrica de;san javier no.1;1;7.0;5/09/2018;7000000;agropecuaria
femenino;comercio;restaurante;villa hermosa;3;2.0;7/10/2016;7377000;agropecuaria
masculino;servicio;comidas rapidas;santo domingo savio;1;13.0;5/04/2018;3000000;agropecuaria
femenino;comercio;miscelanea;playon de los;3;3.0;10/04/2019;7370000;agropecuaria
femenino;comercio;restaurante;villa hermosa;3;2.0;4/10/2017;7377000;agropecuaria
masculino;servicio;fabrica de;robledo;1;4.0;25/05/2018;7800000;agropecuaria
masculino;comercio;peluqueria;la milagrosa;3;5.0;3/05/2019;7300000;agropecuaria
femenino;industria;taller de mecanica;olaya herrera;2;60.0;16/05/2019;6500000;agropecuaria
masculino;comercio;peluqueria;la milagrosa;3;5.0;4/05/2017;7300000;agropecuaria
masculino;servicio;variedades;castilla;1;1.0;5/10/2016;5000000;agropecuaria
femenino;industria;variedades naturista;sucre;2;80.0;2/06/2016;19000000;agropecuaria
masculino;servicio;fabrica de;robledo;1;4.0;5/06/2018;7800000;agropecuaria
masculino;servicio;fabrica de;robledo;1;4.0;11/10/2018;7800000;agropecuaria
masculino;servicio;comidas rapidas;santo domingo savio;1;13.0;14/08/2018;4000000;agropecuaria
masculino;servicio;comidas rapidas;santa cruz;1;13.0;18/09/2017;4000000;agropecuaria
femenino;comercio;miscelanea;villatina;3;3.0;4/08/2016;7370000;agropecuaria
masculino;servicio;comidas rapidas;santa cruz;1;13.0;13/02/2019;4000000;agropecuaria
femenino;comercio;restaurante;villa hermosa;3;2.0;7/09/2017;7300000;agropecuaria
masculino;comercio;almacen de ropa en;manrique oriental;3;5.0;9/02/2017;6890000;agropecuaria
femenino;industria;fabrica de helados;lopez de mesa;2;9.0;15/01/2018;7812000;agropecuaria
masculino;servicio;fabrica de;manrique central no. 1;1;4.0;4/05/2018;7000000;agropecuaria
masculino;servicio;comidas rapidas;santo domingo savio;1;13.0;14/08/2018;4000000;agropecuaria
femenino;industria;fabrica de productos;miranda;2;80.0;20/06/2016;4300000;agropecuaria
masculino;servicio;variedades;enciso;1;13.0;28/11/2018;4000000;agropecuaria
masculino;servicio;fabrica de;san javier no.1;1;7.0;17/05/2018;7000000;agropecuaria
femenino;comercio;miscelanea;playon de los;3;3.0;5/06/2019;7370000;agropecuaria
masculino;servicio;comidas rapidas;santa cruz;1;13.0;15/11/2018;4000000;agropecuaria
masculino;servicio;tienda;buenos aires;1;10.0;14/06/2018;6000000;agropecuaria
femenino;industria;organización y;la libertad;2;80.0;6/07/2016;8280000;agropecuaria
masculino;servicio;comidas rapidas;manrique central no. 2;1;13.0;5/03/2018;4000000;agropecuaria
masculino;servicio;fabrica de;robledo;1;4.0;25/04/2018;7800000;agropecuaria
femenino;comercio;mantenimiento en;guayabal;3;2.0;17/05/2017;7377000;agropecuaria
masculino;servicio;fabrica de;robledo;1;4.0;11/05/2018;7800000;agropecuaria
femenino;comercio;distribuidora de;pedregal;3;3.0;29/09/2016;2000000;agropecuaria
femenino;industria;variedades naturista;la avanzada;2;80.0;2/08/2016;1300000;agropecuaria
masculino;comercio;peluqueria;la milagrosa;3;5.0;12/04/2016;7300000;agropecuaria
femenino;industria;lavanderia;santa rosa de lima;2;12.0;19/12/2017;780000;agropecuaria
femenino;industria;publicidad y;el socorro;2;9.0;11/07/2016;7812000;agropecuaria
femenino;industria;productos de belleza;juan xxiii la quiebra;2;16.0;20/03/2019;1500000;agropecuaria
femenino;comercio;papeleria;aranjuezcito;3;3.0;5/10/2017;2000000;agropecuaria
masculino;servicio;tienda;belen;1;7.0;31/05/2018;7000000;agropecuaria
masculino;servicio;fabrica de;manrique central no. 1;1;4.0;16/04/2018;7800000;agropecuaria
masculino;servicio;tienda;popular;1;10.0;27/09/2017;5000000;agropecuaria
masculino;servicio;variedades;enciso;1;1.0;20/09/2017;5000000;agropecuaria
femenino;industria;legumbreria;las palmas;2;16.0;8/07/2016;2500000;agropecuaria
masculino;servicio;tienda;aranjuez;1;10.0;3/05/2017;6000000;agropecuaria
masculino;servicio;tienda;aranjuez;1;10.0;18/06/2018;6000000;agropecuaria
masculino;servicio;fabrica de;san javier no.1;1;7.0;7/05/2018;7000000;agropecuaria
femenino;comercio;distribuidora de;andalucia;3;3.0;26/05/2017;7377000;agropecuaria
masculino;servicio;tienda;belen;1;7.0;22/03/2018;7000000;agropecuaria
masculino;servicio;fabrica de;robledo;1;4.0;5/06/2018;7800000;agropecuaria
masculino;servicio;tienda;buenos aires;1;10.0;14/06/2018;6000000;agropecuaria
masculino;servicio;tienda;belen;1;7.0;21/03/2017;6000000;agropecuaria
masculino;servicio;fabrica de;robledo;1;4.0;3/10/2018;7800000;agropecuaria
femenino;industria;charcuteria;loreto;2;60.0;22/04/2016;8200000;agropecuaria
masculino;servicio;comidas rapidas;santa cruz;1;13.0;23/10/2017;4000000;agropecuaria
femenino;industria;productos de belleza;la francia;2;16.0;27/05/2016;1500000;agropecuaria
masculino;servicio;variedades;castilla;1;1.0;12/12/2017;5000000;agropecuaria
femenino;industria;fabrica de alimentos;picacho;3;6.0;23/09/2016;6800000;agropecuaria
femenino;industria;legumbreria;trinidad;2;16.0;31/03/2017;2500000;agropecuaria
femenino;comercio;restaurante;villa hermosa;3;2.0;4/03/2016;7377000;agropecuaria
femenino;comercio;mantenimiento en;andalucia;3;2.0;3/10/2017;7377000;agropecuaria
masculino;servicio;fabrica de;robledo;1;4.0;10/07/2018;7800000;agropecuaria
femenino;comercio;barberia;20 de julio;3;3.0;26/07/2018;7370000;agropecuaria
femenino;comercio;mantenimiento en;guayabal;3;2.0;5/03/2019;7377000;agropecuaria
masculino;servicio;fabrica de;san javier no.1;1;7.0;23/02/2017;7000000;agropecuaria
femenino;industria;venta de calzado;san jose de la cima no.;2;80.0;28/12/2016;7200000;agropecuaria
masculino;servicio;comidas rapidas;santa cruz;1;13.0;8/11/2016;4000000;agropecuaria
masculino;servicio;tienda;popular;1;10.0;29/03/2017;5000000;agropecuaria
femenino;comercio;restaurante;el salvador;3;2.0;4/12/2018;7377000;agropecuaria
femenino;industria;gimnasio;el corazon;2;15.0;2018/11/20;14;empresarial ed.
femenino;industria;panaderia;santa elena central;3;6.0;15/11/2016;3500000;agropecuaria
masculino;servicio;tienda;belen;1;7.0;21/03/2017;6000000;agropecuaria
femenino;industria;productos de belleza;la francia;2;16.0;15/02/2016;1500000;agropecuaria
masculino;servicio;tienda;cabecera san cristobal;1;10.0;31/05/2017;5000000;agropecuaria
masculino;servicio;fabrica de;robledo;1;4.0;3/10/2018;7800000;agropecuaria
femenino;industria;gimnasio;pedregal alto;2;15.0;4/06/2019;17100000;empresarial ed.
femenino;industria;publicidad y;el socorro;2;9.0;11/07/2016;7812000;agropecuaria
masculino;servicio;fabrica de;robledo;1;4.0;11/05/2018;7800000;agropecuaria
femenino;industria;productos de belleza;la francia;2;16.0;16/09/2016;1500000;agropecuaria
masculino;servicio;tienda;aranjuez;1;10.0;8/05/2018;6000000;agropecuaria
masculino;servicio;variedades;castilla;1;1.0;17/07/2018;5000000;agropecuaria
masculino;servicio;tienda;buenos aires;1;10.0;13/06/2017;6000000;agropecuaria
masculino;comercio;almacen de ropa en;manrique oriental;3;5.0;27/09/2018;6890000;agropecuaria
masculino;servicio;tienda;cabecera san cristobal;1;1.0;22/02/2017;5000000;agropecuaria
femenino;industria;cafeteria;juan xxiii la quiebra;2;16.0;21/09/2018;4500000;agropecuaria
femenino;industria;panaderia;boston;3;6.0;7/06/2019;3500000;agropecuaria
masculino;servicio;tienda;popular;1;10.0;19/09/2017;5000000;agropecuaria
masculino;servicio;fabrica de;robledo;1;4.0;10/07/2018;7800000;agropecuaria
femenino;industria;variedades de helados;girardot;2;60.0;6/05/2019;8200000;agropecuaria
masculino;servicio;tienda;belen;1;7.0;13/09/2017;7000000;agropecuaria
masculino;servicio;tienda;buenos aires;1;7.0;1/03/2018;6000000;agropecuaria
masculino;comercio;peluqueria;moravia;3;2.0;31/08/2017;7300000;agropecuaria
femenino;industria;fabrica de helados;lopez de mesa;2;9.0;28/03/2016;5500000;agropecuaria
femenino;industria;legumbreria;villa del socorro;2;16.0;9/09/2016;2500000;agropecuaria
masculino;servicio;tienda;popular;1;10.0;27/09/2017;5000000;agropecuaria
femenino;industria;publicidad y;la america;2;9.0;7/05/2019;4400000;agropecuaria
masculino;servicio;variedades;castilla;1;1.0;5/09/2017;5000000;agropecuaria
masculino;servicio;fabrica de;robledo;1;4.0;1/08/2018;7800000;agropecuaria
femenino;comercio;miscelanea;playon de los;3;3.0;10/04/2019;7370000;agropecuaria
femenino;comercio;barberia;villatina;3;3.0;12/10/2016;7370000;agropecuaria
femenino;industria;panaderia;santa elena central;3;6.0;15/03/2019;1000000;agropecuaria
femenino;comercio;restaurante;villa hermosa;3;2.0;4/03/2016;7377000;agropecuaria
masculino;servicio;tienda;cabecera san cristobal;1;1.0;11/10/2016;5000000;agropecuaria
masculino;servicio;fabrica de;san javier no.1;1;7.0;23/02/2017;7000000;agropecuaria
masculino;servicio;tienda;san javier no.1;1;7.0;20/06/2017;7000000;agropecuaria
masculino;servicio;variedades;cabecera san cristobal;1;1.0;31/01/2018;5000000;agropecuaria
masculino;servicio;fabrica de;robledo;1;4.0;25/10/2018;7800000;agropecuaria
masculino;servicio;fabrica de;manrique central no. 1;1;4.0;29/08/2018;7800000;agropecuaria
masculino;servicio;comidas rapidas;manrique central no. 2;1;13.0;22/05/2019;4000000;agropecuaria
femenino;comercio;restaurante;villa hermosa;3;2.0;15/09/2017;7377000;agropecuaria
masculino;servicio;comidas rapidas;santo domingo savio;1;13.0;24/04/2017;4000000;agropecuaria
masculino;servicio;variedades;enciso;1;13.0;26/04/2017;4000000;agropecuaria
femenino;industria;cafe e internet;centro admtivo;2;6.0;23/06/2017;3500000;agropecuaria
masculino;servicio;variedades;castilla;1;1.0;24/08/2017;5000000;agropecuaria
masculino;comercio;peluqueria;doce de octubre no.1;3;5.0;24/07/2018;7300000;agropecuaria
masculino;servicio;fabrica de;robledo;1;4.0;3/10/2018;7800000;agropecuaria
masculino;servicio;tienda;popular;1;10.0;27/09/2017;5000000;agropecuaria
femenino;industria;montallantas;santa ines;2;15.0;4/05/2016;1600000;agropecuaria
femenino;industria;criadero de animales;villa niza;2;60.0;27/08/2018;8000000;agropecuaria
masculino;servicio;fabrica de;manrique central no. 1;1;4.0;7/12/2016;7800000;agropecuaria
masculino;servicio;fabrica de;manrique central no. 1;1;7.0;16/07/2018;7000000;agropecuaria
masculino;comercio;almacen de ropa en;barrio caicedo;3;8.0;9/11/2018;6890000;agropecuaria
femenino;industria;panaderia;santa elena central;3;6.0;30/11/2016;1000000;agropecuaria
femenino;comercio;restaurante;el salvador;3;2.0;25/11/2016;7377000;agropecuaria
masculino;comercio;peluqueria;moravia;3;2.0;13/08/2018;7300000;agropecuaria
masculino;comercio;almacen de ropa en;barrio caicedo;3;8.0;9/11/2018;6890000;agropecuaria
masculino;servicio;variedades;castilla;1;1.0;5/10/2016;5000000;agropecuaria
masculino;comercio;almacen de ropa en;barrio caicedo;3;8.0;8/03/2017;6890000;agropecuaria
masculino;servicio;fabrica de;robledo;1;4.0;5/06/2018;7800000;agropecuaria
masculino;servicio;tienda;popular;1;10.0;7/03/2018;5000000;agropecuaria
femenino;comercio;mantenimiento en;guayabal;3;2.0;1/02/2017;7377000;agropecuaria
femenino;comercio;restaurante;villa hermosa;3;2.0;31/07/2018;7377000;agropecuaria
femenino;comercio;mantenimiento en;andalucia;3;2.0;2/03/2017;7377000;agropecuaria
femenino;comercio;fabrica de calzado;florencia;3;6.0;2/11/2016;6800000;agropecuaria
masculino;servicio;tienda;buenos aires;1;7.0;30/10/2018;6000000;agropecuaria
masculino;servicio;variedades;manrique central no. 2;1;13.0;27/02/2018;4000000;agropecuaria
masculino;servicio;tienda;aranjuez;1;10.0;18/01/2019;6000000;agropecuaria
masculino;servicio;tienda;aranjuez;1;10.0;2/11/2017;6000000;agropecuaria
masculino;servicio;tienda;popular;1;10.0;12/03/2018;6000000;agropecuaria
masculino;servicio;fabrica de;manrique central no. 1;1;4.0;15/02/2018;7000000;agropecuaria
femenino;industria;fabrica de calzado;florencia;3;6.0;20/09/2016;6800000;agropecuaria
masculino;servicio;tienda;buenos aires;1;7.0;16/05/2018;6000000;agropecuaria
femenino;industria;fabrica de alimentos;picacho;3;6.0;15/05/2017;6800000;agropecuaria
masculino;servicio;variedades;manrique central no. 2;1;13.0;3/05/2018;4000000;agropecuaria
masculino;comercio;peluqueria;doce de octubre no.1;3;5.0;14/03/2017;7300000;agropecuaria
femenino;industria;fabrica de alimentos;calasanz;3;6.0;11/04/2016;1000000;agropecuaria
femenino;comercio;fabrica de calzado;granizal;3;6.0;23/01/2018;7370000;agropecuaria
masculino;servicio;comidas rapidas;manrique central no. 2;1;13.0;3/11/2016;4000000;agropecuaria
masculino;servicio;comidas rapidas;cabecera san antonio;3;8.0;29/09/2017;3000000;agropecuaria
masculino;servicio;fabrica de;robledo;1;4.0;13/02/2018;7800000;agropecuaria
femenino;industria;fabrica de alimentos;santander;3;6.0;29/02/2016;6800000;agropecuaria
masculino;servicio;tienda;popular;1;10.0;13/07/2018;6000000;agropecuaria
femenino;comercio;barberia;villatina;3;3.0;22/02/2019;7370000;agropecuaria
masculino;servicio;fabrica de;manrique central no. 1;1;4.0;14/02/2018;7000000;agropecuaria
masculino;servicio;variedades;castilla;1;1.0;6/06/2018;5000000;agropecuaria
masculino;servicio;variedades;castilla;1;1.0;22/03/2017;5000000;agropecuaria
masculino;servicio;tienda;aranjuez;1;10.0;17/07/2017;6000000;agropecuaria
femenino;industria;fabrica de helados;lopez de mesa;2;9.0;22/05/2017;5500000;agropecuaria
masculino;servicio;fabrica de;robledo;1;4.0;24/10/2017;7800000;agropecuaria
masculino;comercio;peluqueria;moravia;3;2.0;29/05/2019;7300000;agropecuaria
masculino;servicio;variedades;cabecera san cristobal;1;1.0;12/10/2017;5000000;agropecuaria
femenino;industria;legumbreria;trinidad;2;16.0;17/10/2017;2500000;agropecuaria
femenino;industria;cafe e internet;carpinelo;2;16.0;7/06/2016;1500000;agropecuaria
masculino;comercio;peluqueria;doce de octubre no.1;3;5.0;14/03/2017;7300000;agropecuaria
masculino;servicio;fabrica de;san javier no.1;1;7.0;13/03/2018;7000000;agropecuaria
masculino;servicio;fabrica de;san javier no.1;1;7.0;29/05/2018;7000000;agropecuaria
masculino;servicio;tienda;belen;1;7.0;3/04/2018;7000000;agropecuaria
masculino;servicio;variedades;castilla;1;1.0;24/08/2017;5000000;agropecuaria
masculino;servicio;variedades;cabecera san cristobal;1;1.0;18/07/2017;5000000;agropecuaria
masculino;servicio;tienda;aranjuez;1;10.0;15/03/2018;6000000;agropecuaria
masculino;servicio;tienda;aranjuez;1;10.0;18/01/2019;6000000;agropecuaria
masculino;servicio;fabrica de;robledo;1;4.0;5/06/2018;7800000;agropecuaria
femenino;industria;fotografia;la candelaria;2;9.0;22/11/2018;4400000;agropecuaria
femenino;industria;fabrica de muebles;bombona no. 1;2;12.0;29/03/2019;8281160;agropecuaria
femenino;industria;taller de mecanica;olaya herrera;2;60.0;16/05/2019;6500000;agropecuaria
masculino;comercio;peluqueria;la milagrosa;3;5.0;29/04/2019;7300000;agropecuaria
femenino;comercio;fabrica de calzado;granizal;3;6.0;14/07/2016;7370000;agropecuaria
masculino;comercio;almacen de ropa en;barrio caicedo;3;8.0;2/08/2017;6890000;agropecuaria
masculino;servicio;fabrica de;san javier no.1;1;7.0;26/07/2017;7000000;agropecuaria
masculino;servicio;variedades;cabecera san cristobal;1;1.0;26/02/2018;5000000;agropecuaria
masculino;servicio;tienda;buenos aires;1;10.0;9/02/2018;6000000;agropecuaria
femenino;industria;fotografia;la america;2;9.0;20/12/2016;4400000;agropecuaria
masculino;servicio;fabrica de;san javier no.1;1;7.0;22/09/2017;7000000;agropecuaria
femenino;industria;sembrados;la pradera;2;9.0;20/12/2018;8281000;agropecuaria
femenino;agropecuaria;billares;manila;2;50.0;2/09/2016;1650000;juridica y cap.semilla
masculino;servicio;fabrica de;robledo;1;4.0;6/03/2018;7800000;agropecuaria
femenino;industria;ferreteria;santa lucia;2;60.0;2/05/2019;7500000;agropecuaria
masculino;servicio;tienda;belen;1;7.0;7/06/2018;7000000;agropecuaria
masculino;comercio;peluqueria;la milagrosa;3;5.0;25/08/2016;7300000;agropecuaria
femenino;comercio;restaurante;villa hermosa;3;2.0;13/02/2017;7377000;agropecuaria
femenino;industria;bares;cordoba;2;80.0;13/10/2016;6894000;agropecuaria
femenino;industria;taller de electronica;la sierra;2;80.0;9/06/2016;6400000;agropecuaria
femenino;industria;fabrica de alimentos;picacho;3;6.0;15/03/2017;6800000;agropecuaria
masculino;servicio;fabrica de;robledo;1;4.0;14/09/2018;7800000;agropecuaria
masculino;servicio;tienda;cabecera san cristobal;1;1.0;11/10/2016;5000000;agropecuaria
masculino;servicio;variedades;enciso;1;1.0;17/11/2017;5000000;agropecuaria
femenino;industria;fabrica de alimentos;calasanz;3;6.0;11/04/2016;1000000;agropecuaria
masculino;servicio;fabrica de;san javier no.1;1;7.0;9/04/2018;7000000;agropecuaria
masculino;servicio;tienda;aranjuez;1;10.0;2/02/2018;6000000;agropecuaria
femenino;industria;criadero de animales;villa del socorro;2;60.0;11/11/2016;8000000;agropecuaria
femenino;comercio;restaurante;villa hermosa;3;2.0;31/01/2017;7377000;agropecuaria
femenino;industria;fabrica de arepas;aures no. 2;2;12.0;19/05/2016;73770000;agropecuaria
masculino;servicio;comidas rapidas;santa cruz;1;13.0;15/06/2018;4000000;agropecuaria
femenino;comercio;distribuidora de;andalucia;3;3.0;12/09/2016;2000000;agropecuaria
femenino;industria;fabrica de alimentos;santander;3;6.0;18/08/2016;6800000;agropecuaria
femenino;comercio;papeleria;la floresta;3;3.0;21/08/2018;2000000;agropecuaria
femenino;comercio;distribuidora de;pedregal;3;3.0;23/08/2016;2000000;agropecuaria
femenino;industria;variedades de helados;pablo vi;2;60.0;15/02/2019;6500000;agropecuaria
masculino;servicio;variedades;enciso;1;1.0;4/07/2017;5000000;agropecuaria
masculino;servicio;tienda;aranjuez;1;10.0;20/03/2018;6000000;agropecuaria
masculino;servicio;variedades;castilla;1;1.0;4/08/2017;5000000;agropecuaria
masculino;servicio;fabrica de;robledo;1;4.0;11/10/2018;7800000;agropecuaria
femenino;comercio;fabrica de calzado;granizal;3;6.0;14/07/2017;7370000;agropecuaria
masculino;servicio;tienda;cabecera san cristobal;1;1.0;31/05/2017;5000000;agropecuaria
masculino;comercio;peluqueria;la milagrosa;3;5.0;17/04/2017;7300000;agropecuaria
femenino;industria;fabrica de alimentos;santander;3;6.0;15/02/2017;6800000;agropecuaria
masculino;servicio;fabrica de;manrique central no. 1;1;4.0;22/06/2018;7800000;agropecuaria
femenino;industria;fabrica de helados;san diego;2;9.0;30/01/2019;5500000;agropecuaria
masculino;servicio;tienda;belen;1;7.0;23/05/2017;6000000;agropecuaria
masculino;servicio;fabrica de;robledo;1;4.0;26/10/2018;7800000;agropecuaria
masculino;servicio;fabrica de;san javier no.1;1;7.0;9/05/2018;7000000;agropecuaria
femenino;industria;lavanderia;palermo;2;12.0;1/02/2016;4200000;agropecuaria
masculino;servicio;tienda;buenos aires;1;10.0;3/07/2018;6000000;agropecuaria
masculino;servicio;comidas rapidas;santo domingo savio;3;8.0;15/01/2019;3000000;agropecuaria
masculino;servicio;comidas rapidas;santo domingo savio;3;8.0;15/01/2019;3000000;agropecuaria
masculino;servicio;fabrica de;manrique central no. 1;1;4.0;23/03/2018;7000000;agropecuaria
masculino;servicio;comidas rapidas;santa cruz;1;13.0;28/11/2017;4000000;agropecuaria
femenino;comercio;barberia;20 de julio;3;3.0;4/04/2017;2000000;agropecuaria
masculino;servicio;comidas rapidas;santa cruz;1;13.0;15/06/2018;4000000;agropecuaria
masculino;comercio;peluqueria;la milagrosa;3;5.0;10/05/2017;7300000;agropecuaria
masculino;comercio;almacen de ropa en;barrio caicedo;3;8.0;5/09/2016;6890000;agropecuaria
masculino;servicio;fabrica de;manrique central no. 1;1;4.0;23/03/2018;7000000;agropecuaria
masculino;servicio;comidas rapidas;manrique central no. 2;1;13.0;28/07/2017;4000000;agropecuaria
masculino;servicio;tienda;san javier no.1;1;7.0;5/09/2018;7000000;agropecuaria
masculino;servicio;fabrica de;robledo;1;4.0;24/10/2017;7800000;agropecuaria
femenino;comercio;fabrica de calzado;florencia;3;6.0;2/11/2016;6800000;agropecuaria
femenino;agropecuaria;floristeria;la loma oriental;2;90.0;28/12/2017;17187000;microempresarial
masculino;servicio;fabrica de;robledo;1;4.0;3/10/2018;7800000;agropecuaria
masculino;servicio;fabrica de;robledo;1;4.0;24/10/2018;7800000;agropecuaria
masculino;servicio;comidas rapidas;santo domingo savio;3;13.0;27/07/2017;3000000;agropecuaria
masculino;servicio;tienda;aranjuez;1;10.0;19/05/2017;6000000;agropecuaria
masculino;servicio;variedades;castilla;1;1.0;28/08/2017;5000000;agropecuaria
femenino;industria;legumbreria;villa del socorro;2;16.0;9/09/2016;2500000;agropecuaria
masculino;servicio;fabrica de;robledo;1;4.0;22/05/2018;7800000;agropecuaria
femenino;industria;ebanistaria;cristo rey;2;12.0;6/04/2016;782000;agropecuaria
masculino;servicio;variedades;enciso;1;1.0;18/05/2018;5000000;agropecuaria
masculino;comercio;peluqueria;la milagrosa;3;5.0;4/05/2017;7300000;agropecuaria
masculino;servicio;variedades;castilla;1;1.0;12/06/2018;5000000;agropecuaria
femenino;agropecuaria;floristeria;el rincon;2;90.0;20/06/2019;7323000;microempresarial
masculino;servicio;tienda;popular;1;10.0;27/09/2017;5000000;agropecuaria
masculino;servicio;fabrica de;manrique central no. 1;1;4.0;9/07/2018;7000000;agropecuaria
femenino;industria;charcuteria;loreto;2;60.0;18/10/2016;8200000;agropecuaria
femenino;industria;fabrica de calzado;picacho;3;6.0;15/03/2017;6800000;agropecuaria
femenino;comercio;mantenimiento en;andalucia;3;2.0;20/04/2017;7377000;agropecuaria
masculino;servicio;tienda;popular;1;10.0;19/09/2017;5000000;agropecuaria
femenino;comercio;restaurante;villa hermosa;3;2.0;31/07/2018;7377000;agropecuaria
masculino;servicio;almacen de ropa en;campo valdes no. 1;3;8.0;7/02/2017;6890000;agropecuaria
masculino;servicio;fabrica de;robledo;1;4.0;24/10/2018;7800000;agropecuaria
femenino;comercio;barberia;20 de julio;3;3.0;26/07/2018;7370000;agropecuaria
femenino;comercio;restaurante;el salvador;3;2.0;31/01/2017;7377000;agropecuaria
masculino;servicio;fabrica de;san javier no.1;1;7.0;29/05/2018;7000000;agropecuaria
femenino;comercio;miscelanea;villatina;3;3.0;28/09/2017;7370000;agropecuaria
masculino;comercio;peluqueria;moravia;3;2.0;15/06/2017;7300000;agropecuaria
femenino;industria;fabrica de alimentos;picacho;3;6.0;14/12/2016;6800000;agropecuaria
masculino;servicio;comidas rapidas;cabecera san antonio;3;8.0;3/03/2017;3000000;agropecuaria
masculino;servicio;fabrica de;san javier no.1;1;7.0;22/09/2017;7000000;agropecuaria
masculino;comercio;peluqueria;doce de octubre no.1;3;5.0;22/06/2017;6890000;agropecuaria
femenino;comercio;miscelanea;villatina;3;3.0;25/08/2017;7370000;agropecuaria
masculino;comercio;peluqueria;doce de octubre no.1;3;5.0;24/07/2018;7300000;agropecuaria
femenino;comercio;miscelanea;villatina;3;3.0;28/09/2017;7370000;agropecuaria
femenino;comercio;restaurante;el salvador;3;2.0;9/06/2017;7377000;agropecuaria
femenino;comercio;distribuidora de;pedregal;3;3.0;8/06/2016;2000000;agropecuaria
masculino;servicio;fabrica de;robledo;1;4.0;6/06/2017;7800000;agropecuaria
masculino;servicio;tienda;aranjuez;1;10.0;9/03/2018;6000000;agropecuaria
masculino;servicio;fabrica de;san javier no.1;1;7.0;22/09/2017;7000000;agropecuaria
masculino;servicio;comidas rapidas;santa cruz;1;13.0;21/11/2017;4000000;agropecuaria
masculino;servicio;tienda;belen;1;7.0;23/05/2017;6000000;agropecuaria
masculino;servicio;fabrica de;manrique central no. 1;1;7.0;1/02/2018;7000000;agropecuaria
femenino;comercio;papeleria;aranjuezcito;3;3.0;5/10/2017;2000000;agropecuaria
masculino;servicio;comidas rapidas;santo domingo savio;1;13.0;24/05/2018;3000000;agropecuaria
femenino;comercio;barberia;villatina;3;3.0;12/10/2016;7370000;agropecuaria
femenino;comercio;barberia;villatina;3;3.0;14/10/2016;7370000;agropecuaria
femenino;comercio;barberia;la floresta;3;3.0;18/04/2016;2000000;agropecuaria
masculino;servicio;tienda;belen;1;7.0;7/06/2018;7000000;agropecuaria
masculino;servicio;tienda;popular;1;10.0;20/04/2018;6000000;agropecuaria
femenino;industria;legumbreria;trinidad;2;16.0;18/06/2019;2500000;agropecuaria
masculino;servicio;fabrica de;manrique central no. 1;1;7.0;14/11/2018;7000000;agropecuaria
femenino;industria;charcuteria;francisco antonio zea;2;60.0;18/07/2016;8200000;agropecuaria
femenino;comercio;miscelanea;granizal;3;6.0;2/05/2017;7370000;agropecuaria
masculino;servicio;fabrica de;san javier no.1;1;7.0;30/01/2018;7000000;agropecuaria
masculino;servicio;fabrica de;robledo;1;4.0;24/09/2018;7800000;agropecuaria
masculino;servicio;tienda;buenos aires;1;10.0;9/02/2018;6000000;agropecuaria
masculino;servicio;variedades;enciso;1;13.0;6/10/2017;4000000;agropecuaria
masculino;servicio;fabrica de;manrique central no. 1;1;4.0;16/04/2018;7800000;agropecuaria
femenino;comercio;miscelanea;playon de los;3;3.0;19/11/2018;7370000;agropecuaria
masculino;servicio;tienda;popular;1;10.0;29/03/2017;5000000;agropecuaria
masculino;servicio;comidas rapidas;manrique central no. 2;1;13.0;28/07/2017;4000000;agropecuaria
femenino;industria;fotografia;la candelaria;2;9.0;2/02/2017;4400000;agropecuaria
masculino;servicio;fabrica de;san javier no.1;1;7.0;27/04/2018;7000000;agropecuaria
masculino;servicio;fabrica de;robledo;1;4.0;14/03/2018;7800000;agropecuaria
masculino;servicio;tienda;aranjuez;1;10.0;21/06/2018;6000000;agropecuaria
femenino;industria;fabrica de muebles;bombona no. 1;2;12.0;6/03/2019;8281160;agropecuaria
femenino;industria;criadero de animales;villa niza;2;60.0;11/12/2017;8000000;agropecuaria
masculino;servicio;tienda;buenos aires;1;7.0;1/03/2018;6000000;agropecuaria
masculino;servicio;fabrica de;san javier no.1;1;7.0;13/03/2018;7000000;agropecuaria
masculino;servicio;almacen de ropa en;campo valdes no. 1;3;8.0;4/09/2017;3000000;agropecuaria
femenino;industria;granero;palmitas;2;9.0;16/06/2016;1200000;agropecuaria
femenino;industria;recreativo educativo;alfonso lopez;2;16.0;17/03/2016;4500000;agropecuaria
femenino;comercio;papeleria;la floresta;3;3.0;16/06/2017;2000000;agropecuaria
masculino;servicio;variedades;cabecera san cristobal;1;1.0;20/02/2018;5000000;agropecuaria
masculino;servicio;tienda;belen;1;7.0;2/03/2018;7000000;agropecuaria
femenino;industria;carpinteria;toscana;2;9.0;5/12/2016;5500000;agropecuaria
masculino;servicio;tienda;buenos aires;1;7.0;21/03/2017;6000000;agropecuaria
femenino;industria;fabrica de helados;lopez de mesa;2;9.0;28/03/2016;5500000;agropecuaria
masculino;servicio;comidas rapidas;cabecera san antonio;3;8.0;27/11/2017;3000000;agropecuaria
femenino;industria;panaderia;santa elena central;3;6.0;26/07/2016;1000000;agropecuaria
femenino;industria;bares;cordoba;2;80.0;21/09/2016;6894000;agropecuaria
femenino;industria;taller de mecanica;olaya herrera;2;60.0;12/06/2019;6500000;agropecuaria
masculino;servicio;fabrica de;manrique central no. 1;1;7.0;16/07/2018;7000000;agropecuaria
masculino;servicio;tienda;popular;1;10.0;23/04/2018;6000000;agropecuaria
masculino;servicio;tienda;aranjuez;1;10.0;2/11/2017;6000000;agropecuaria
masculino;servicio;fabrica de;manrique central no. 1;1;4.0;15/02/2018;7000000;agropecuaria
masculino;servicio;fabrica de;san javier no.1;1;7.0;29/05/2018;7000000;agropecuaria
femenino;industria;fabrica de calzado;picacho;3;6.0;14/09/2017;6800000;agropecuaria
femenino;industria;carpinteria;13 de noviembre;2;9.0;16/08/2016;8281000;agropecuaria
masculino;servicio;variedades;cabecera san cristobal;1;1.0;12/10/2017;5000000;agropecuaria
masculino;servicio;fabrica de;robledo;1;4.0;23/05/2018;7800000;agropecuaria
masculino;servicio;fabrica de;robledo;1;4.0;25/04/2018;7800000;agropecuaria
femenino;industria;fabrica de arepas;san antonio;2;12.0;27/09/2016;5250000;agropecuaria
femenino;industria;fotografia;la america;2;9.0;11/06/2019;4400000;agropecuaria
femenino;industria;cafeteria;juan xxiii la quiebra;2;16.0;30/11/2017;4500000;agropecuaria
femenino;industria;legumbreria;las palmas;2;16.0;3/10/2016;2500000;agropecuaria
femenino;industria;fabrica de alimentos;picacho;3;6.0;14/12/2016;6800000;agropecuaria
masculino;servicio;tienda;aranjuez;1;10.0;2/11/2017;6000000;agropecuaria
masculino;servicio;fabrica de;san javier no.1;1;7.0;23/02/2017;7000000;agropecuaria
masculino;servicio;fabrica de;manrique central no. 1;1;7.0;7/02/2018;7000000;agropecuaria
masculino;comercio;peluqueria;doce de octubre no.1;3;5.0;22/06/2017;6890000;agropecuaria
masculino;servicio;fabrica de;robledo;1;4.0;24/01/2018;7800000;agropecuaria
femenino;industria;publicidad y;el socorro;2;9.0;27/11/2018;7812000;agropecuaria
femenino;comercio;restaurante;el salvador;3;2.0;21/09/2017;7377000;agropecuaria
femenino;industria;cafeteria;llanaditas;2;16.0;15/07/2016;4500000;agropecuaria
femenino;comercio;miscelanea;playon de los;3;3.0;16/11/2018;7370000;agropecuaria
masculino;servicio;fabrica de;robledo;1;4.0;21/02/2018;7800000;agropecuaria
femenino;industria;montallantas;las brisas;2;12.0;2/02/2016;18000000;agropecuaria
masculino;comercio;peluqueria;moravia;3;2.0;4/11/2016;7300000;agropecuaria
masculino;servicio;tienda;aranjuez;1;10.0;27/03/2017;6000000;agropecuaria
femenino;industria;taller de mecanica;boyaca;2;60.0;27/02/2019;8000000;agropecuaria
femenino;industria;charcuteria;francisco antonio zea;2;60.0;8/08/2016;8200000;agropecuaria
femenino;industria;variedades de helados;girardot;2;60.0;6/05/2019;8200000;agropecuaria
masculino;servicio;tienda;popular;1;10.0;30/05/2018;6000000;agropecuaria
masculino;servicio;fabrica de;robledo;1;4.0;22/05/2018;7800000;agropecuaria
masculino;comercio;almacen de ropa en;manrique oriental;3;5.0;5/06/2017;6890000;agropecuaria
femenino;industria;legumbreria;trinidad;2;16.0;16/08/2018;2500000;agropecuaria
masculino;servicio;fabrica de;san javier no.1;1;7.0;29/10/2018;7000000;agropecuaria
masculino;servicio;fabrica de;manrique central no. 1;1;4.0;22/06/2018;7800000;agropecuaria
masculino;servicio;comidas rapidas;manrique central no. 2;1;13.0;28/07/2017;4000000;agropecuaria
masculino;servicio;comidas rapidas;santa cruz;1;13.0;23/07/2018;4000000;agropecuaria
femenino;comercio;fabrica de calzado;granizal;3;6.0;14/07/2017;7370000;agropecuaria
femenino;comercio;mantenimiento en;el salvador;3;2.0;16/03/2017;7377000;agropecuaria
femenino;industria;variedades de helados;pablo vi;2;60.0;10/07/2017;6500000;agropecuaria
femenino;comercio;miscelanea;villatina;3;3.0;19/07/2018;7370000;agropecuaria
masculino;servicio;fabrica de;manrique central no. 1;1;4.0;29/08/2018;7800000;agropecuaria
femenino;comercio;mantenimiento en;andalucia;3;2.0;20/04/2017;7377000;agropecuaria
masculino;servicio;fabrica de;san javier no.1;1;7.0;17/05/2018;7000000;agropecuaria
masculino;servicio;tienda;belen;1;7.0;22/03/2018;7000000;agropecuaria
masculino;servicio;fabrica de;san javier no.1;1;7.0;30/01/2018;7000000;agropecuaria
masculino;servicio;fabrica de;robledo;1;4.0;4/04/2018;7800000;agropecuaria
femenino;industria;recreativo educativo;alfonso lopez;2;16.0;14/08/2017;4500000;agropecuaria
femenino;industria;fotografia;la america;2;9.0;1/06/2016;4400000;agropecuaria
masculino;servicio;tienda;aranjuez;1;10.0;12/02/2018;6000000;agropecuaria
masculino;servicio;fabrica de;robledo;1;4.0;11/05/2018;7800000;agropecuaria
femenino;industria;fabrica de repuestos;el vergel;2;15.0;17/09/2018;13000000;agropecuaria
masculino;servicio;fabrica de;robledo;1;4.0;5/06/2018;7800000;agropecuaria
femenino;comercio;barberia;20 de julio;3;3.0;5/12/2018;2000000;agropecuaria
masculino;servicio;tienda;buenos aires;1;10.0;9/03/2017;6000000;agropecuaria
masculino;comercio;peluqueria;doce de octubre no.1;3;5.0;23/01/2017;6890000;agropecuaria
femenino;industria;panaderia;calasanz;3;6.0;30/12/2016;1000000;agropecuaria
masculino;servicio;fabrica de;manrique central no. 1;1;4.0;15/02/2018;7000000;agropecuaria
femenino;industria;fabrica de alimentos;santander;3;6.0;27/04/2017;6800000;agropecuaria
masculino;comercio;almacen de ropa en;manrique oriental;3;5.0;19/11/2016;6890000;agropecuaria
femenino;comercio;distribuidora de;pedregal;3;3.0;28/02/2017;2000000;agropecuaria
femenino;industria;fabrica de alimentos;picacho;3;6.0;15/05/2017;6800000;agropecuaria
femenino;industria;licorera;calasanz parte alta;2;15.0;5/01/2018;7350000;agropecuaria
masculino;servicio;fabrica de;san javier no.1;1;7.0;7/05/2018;7000000;agropecuaria
masculino;servicio;tienda;belen;1;7.0;10/04/2018;7000000;agropecuaria
masculino;servicio;comidas rapidas;santa cruz;1;13.0;8/11/2016;4000000;agropecuaria
masculino;servicio;fabrica de;robledo;1;4.0;6/03/2018;7800000;agropecuaria
masculino;servicio;fabrica de;san javier no.1;1;7.0;30/01/2018;7000000;agropecuaria
femenino;industria;criadero de animales;villa del socorro;2;60.0;16/08/2017;8000000;agropecuaria
masculino;servicio;fabrica de;robledo;1;4.0;5/06/2018;7800000;agropecuaria
masculino;servicio;comidas rapidas;santa cruz;1;13.0;6/07/2017;4000000;agropecuaria
femenino;industria;panaderia;calasanz;3;6.0;30/12/2016;1000000;agropecuaria
masculino;comercio;peluqueria;moravia;3;2.0;22/01/2019;7300000;agropecuaria
femenino;industria;panaderia;santa elena central;3;6.0;24/11/2016;1000000;agropecuaria
masculino;comercio;peluqueria;la milagrosa;3;5.0;29/04/2019;7300000;agropecuaria
masculino;servicio;tienda;cabecera san cristobal;1;1.0;17/04/2018;5000000;agropecuaria
masculino;servicio;fabrica de;robledo;1;4.0;3/10/2018;7800000;agropecuaria
femenino;comercio;fabrica de calzado;florencia;3;6.0;1/04/2019;6800000;agropecuaria
femenino;comercio;restaurante;villa hermosa;3;2.0;4/10/2017;7377000;agropecuaria
masculino;servicio;comidas rapidas;santo domingo savio;1;13.0;14/08/2018;4000000;agropecuaria
masculino;servicio;fabrica de;san javier no.1;1;7.0;7/02/2018;7000000;agropecuaria
masculino;servicio;almacen de ropa en;campo valdes no. 1;3;8.0;7/02/2017;6890000;agropecuaria
femenino;comercio;papeleria;aranjuezcito;3;3.0;30/07/2018;2000000;agropecuaria
masculino;servicio;fabrica de;manrique central no. 1;1;4.0;25/07/2018;7800000;agropecuaria
femenino;comercio;mantenimiento en;guayabal;3;2.0;9/10/2017;7377000;agropecuaria
femenino;industria;criadero de animales;villa del socorro;2;16.0;8/03/2016;8000000;agropecuaria
femenino;industria;deposito de;santa monica;2;15.0;9/04/2019;5700000;agropecuaria
masculino;servicio;variedades;castilla;1;1.0;17/07/2018;5000000;agropecuaria
femenino;industria;gimnasio;la ladera;2;15.0;2017/10/12;3377000;empresarial ed.
femenino;industria;recreativo educativo;altavista;2;16.0;6/01/2017;2500000;agropecuaria
femenino;comercio;papeleria;aranjuezcito;3;3.0;24/11/2017;2000000;agropecuaria
femenino;industria;cafeteria;llanaditas;2;16.0;20/01/2017;4500000;agropecuaria
femenino;industria;cafeteria;juan xxiii la quiebra;2;16.0;20/03/2019;1500000;agropecuaria
femenino;agropecuaria;alquiler de peliculas;aures no.1;2;50.0;13/05/2016;7140000;credioportuno
masculino;servicio;variedades;enciso;1;1.0;24/04/2018;5000000;agropecuaria
femenino;comercio;papeleria;la floresta;3;3.0;21/08/2018;2000000;agropecuaria
masculino;servicio;comidas rapidas;cabecera san antonio;3;8.0;16/11/2016;3000000;agropecuaria
masculino;comercio;almacen de ropa en;manrique oriental;3;5.0;1/11/2016;6890000;agropecuaria
masculino;servicio;tienda;belen;1;7.0;22/03/2018;7000000;agropecuaria
masculino;servicio;fabrica de;manrique central no. 1;1;7.0;6/07/2018;7000000;agropecuaria
masculino;servicio;tienda;popular;1;10.0;29/03/2017;5000000;agropecuaria
femenino;comercio;restaurante;el salvador;3;2.0;25/11/2016;7377000;agropecuaria
masculino;comercio;almacen de ropa en;barrio caicedo;3;8.0;29/11/2016;6890000;agropecuaria
masculino;comercio;peluqueria;doce de octubre no.1;3;5.0;18/11/2016;7300000;agropecuaria
femenino;comercio;barberia;villatina;3;3.0;12/10/2016;7370000;agropecuaria
masculino;comercio;peluqueria;doce de octubre no.1;3;5.0;21/04/2017;7300000;agropecuaria
masculino;servicio;variedades;manrique central no. 2;1;13.0;6/08/2018;4000000;agropecuaria
masculino;servicio;comidas rapidas;santo domingo savio;1;13.0;26/10/2016;4000000;agropecuaria
masculino;servicio;tienda;belen;1;7.0;9/05/2017;7000000;agropecuaria
femenino;industria;bares;tricentenario;2;80.0;24/05/2016;30000000;agropecuaria
masculino;servicio;tienda;cabecera san cristobal;1;1.0;11/10/2016;5000000;agropecuaria
masculino;servicio;variedades;castilla;1;1.0;20/06/2018;5000000;agropecuaria
masculino;servicio;tienda;belen;1;7.0;31/10/2018;7000000;agropecuaria
masculino;servicio;tienda;belen;1;7.0;2/05/2018;7000000;agropecuaria
femenino;comercio;restaurante;el salvador;3;2.0;25/11/2016;7377000;agropecuaria
masculino;servicio;comidas rapidas;santa cruz;1;13.0;15/11/2018;4000000;agropecuaria
masculino;servicio;tienda;popular;1;10.0;3/02/2017;6000000;agropecuaria
masculino;servicio;fabrica de;manrique central no. 1;1;4.0;9/07/2018;7000000;agropecuaria
masculino;servicio;tienda;belen;1;7.0;10/04/2018;7000000;agropecuaria
masculino;comercio;almacen de ropa en;barrio caicedo;3;8.0;16/02/2017;6890000;agropecuaria
masculino;servicio;fabrica de;robledo;1;4.0;3/10/2018;7800000;agropecuaria
femenino;industria;fabrica de repuestos;el vergel;2;15.0;17/09/2018;3800000;agropecuaria
masculino;servicio;fabrica de;robledo;1;4.0;24/01/2018;7800000;agropecuaria
masculino;servicio;fabrica de;manrique central no. 1;1;4.0;29/08/2018;7800000;agropecuaria
masculino;servicio;comidas rapidas;santo domingo savio;1;13.0;19/08/2016;4000000;agropecuaria
femenino;industria;deposito de;la cruz;2;15.0;1/04/2016;6750000;agropecuaria
femenino;industria;panaderia;calasanz;3;6.0;8/08/2018;1000000;agropecuaria
masculino;servicio;fabrica de;robledo;1;4.0;1/08/2018;7800000;agropecuaria
masculino;servicio;fabrica de;robledo;1;4.0;22/05/2018;7800000;agropecuaria
masculino;servicio;comidas rapidas;santo domingo savio;1;13.0;24/05/2018;3000000;agropecuaria
masculino;servicio;comidas rapidas;cabecera san antonio;3;8.0;27/11/2017;3000000;agropecuaria
masculino;servicio;tienda;popular;1;10.0;23/04/2018;6000000;agropecuaria
masculino;servicio;fabrica de;san javier no.1;1;7.0;23/02/2017;7000000;agropecuaria
femenino;comercio;papeleria;aranjuezcito;3;3.0;27/10/2017;2000000;agropecuaria
masculino;comercio;peluqueria;manrique oriental;3;5.0;15/05/2018;6890000;agropecuaria
masculino;servicio;tienda;belen;1;7.0;23/05/2017;6000000;agropecuaria
masculino;servicio;comidas rapidas;campo valdes no. 1;3;8.0;28/10/2016;3000000;agropecuaria
masculino;servicio;tienda;aranjuez;1;10.0;18/06/2018;6000000;agropecuaria
femenino;agropecuaria;fumigacion;barrio colombia;2;50.0;2018/04/9;2000;juridica y cap.semilla
femenino;industria;variedades de helados;pablo vi;2;60.0;17/12/2018;6500000;agropecuaria
femenino;comercio;barberia;20 de julio;3;3.0;5/12/2018;2000000;agropecuaria
masculino;comercio;peluqueria;la milagrosa;3;5.0;26/09/2016;7300000;agropecuaria
masculino;servicio;fabrica de;robledo;1;4.0;5/06/2018;7800000;agropecuaria
femenino;industria;ferreteria;kennedy;2;60.0;10/06/2016;7500000;agropecuaria
femenino;industria;cafe e internet;centro admtivo;2;6.0;28/03/2019;3500000;agropecuaria
masculino;servicio;fabrica de;manrique central no. 1;1;4.0;15/02/2018;7000000;agropecuaria
masculino;servicio;fabrica de;robledo;1;4.0;21/02/2018;7800000;agropecuaria
masculino;servicio;fabrica de;manrique central no. 1;1;4.0;23/03/2018;7000000;agropecuaria
masculino;servicio;fabrica de;manrique central no. 1;1;7.0;14/11/2018;7000000;agropecuaria
masculino;servicio;variedades;cabecera san cristobal;1;1.0;30/06/2017;5000000;agropecuaria
femenino;industria;productos de belleza;la francia;2;16.0;24/01/2017;1500000;agropecuaria
masculino;servicio;tienda;aranjuez;1;10.0;21/06/2018;6000000;agropecuaria
femenino;industria;cafeteria;juan xxiii la quiebra;2;16.0;15/09/2016;1500000;agropecuaria
masculino;servicio;comidas rapidas;manrique central no. 2;1;13.0;3/11/2016;4000000;agropecuaria
masculino;servicio;fabrica de;san javier no.1;1;7.0;9/05/2018;7000000;agropecuaria
femenino;comercio;papeleria;aranjuezcito;3;3.0;22/12/2017;2000000;agropecuaria
masculino;servicio;almacen de ropa en;campo valdes no. 1;3;8.0;18/04/2018;3000000;agropecuaria
masculino;servicio;comidas rapidas;santo domingo savio;3;8.0;15/01/2019;3000000;agropecuaria
femenino;industria;taller de mecanica;olaya herrera;2;60.0;11/12/2018;6500000;agropecuaria
masculino;servicio;fabrica de;robledo;1;4.0;13/02/2018;7800000;agropecuaria
masculino;servicio;variedades;enciso;1;1.0;28/06/2017;4000000;agropecuaria
masculino;servicio;tienda;buenos aires;1;10.0;14/06/2018;6000000;agropecuaria
femenino;industria;recreativo educativo;altavista;2;16.0;7/07/2016;2500000;agropecuaria
masculino;servicio;comidas rapidas;manrique central no. 2;1;13.0;13/10/2017;4000000;agropecuaria
masculino;servicio;comidas rapidas;santa cruz;1;13.0;29/11/2017;4000000;agropecuaria
masculino;servicio;tienda;aranjuez;1;10.0;17/07/2017;6000000;agropecuaria
femenino;industria;panaderia;boston;3;6.0;13/06/2018;3500000;agropecuaria
masculino;servicio;comidas rapidas;campo valdes no. 1;3;8.0;22/09/2016;3000000;agropecuaria
masculino;servicio;fabrica de;manrique central no. 1;1;7.0;14/11/2018;7000000;agropecuaria
masculino;servicio;variedades;manrique central no. 2;1;13.0;16/11/2017;4000000;agropecuaria
masculino;servicio;tienda;aranjuez;1;10.0;2/02/2018;6000000;agropecuaria
femenino;industria;productos de belleza;la francia;2;16.0;25/07/2016;1500000;agropecuaria
masculino;servicio;fabrica de;san javier no.1;1;7.0;27/04/2018;7000000;agropecuaria
masculino;servicio;fabrica de;san javier no.1;1;7.0;22/09/2017;7000000;agropecuaria
femenino;agropecuaria;lavadero de;cataluna;2;15.0;5/07/2016;1405000;empresarial ed.
masculino;servicio;comidas rapidas;cabecera san antonio;3;8.0;20/02/2017;3000000;agropecuaria
masculino;servicio;variedades;cabecera san cristobal;1;1.0;27/07/2018;5000000;agropecuaria
masculino;servicio;tienda;cabecera san cristobal;1;1.0;22/02/2017;5000000;agropecuaria
masculino;servicio;comidas rapidas;santo domingo savio;3;8.0;10/11/2016;3000000;agropecuaria
femenino;industria;fabrica de helados;san diego;2;9.0;22/05/2017;5500000;agropecuaria
masculino;servicio;fabrica de;manrique central no. 1;1;7.0;5/02/2018;7000000;agropecuaria
femenino;industria;fabrica de alimentos;santander;3;6.0;27/04/2017;6800000;agropecuaria
femenino;industria;lavanderia;palermo;2;12.0;1/02/2016;17000000;agropecuaria
femenino;industria;fotografia;la candelaria;2;9.0;1/06/2016;4400000;agropecuaria
masculino;servicio;fabrica de;robledo;1;4.0;6/02/2018;7800000;agropecuaria
masculino;comercio;almacen de ropa en;barrio caicedo;3;8.0;5/04/2017;6890000;agropecuaria
masculino;servicio;tienda;san javier no.1;1;7.0;16/02/2018;7000000;agropecuaria
femenino;industria;marroquineria;juan pablo ii;2;15.0;2017/02/23;2400000;agropecuaria
masculino;servicio;comidas rapidas;manrique central no. 2;1;13.0;28/07/2017;4000000;agropecuaria
femenino;comercio;mantenimiento en;el salvador;3;2.0;18/12/2017;7377000;agropecuaria
masculino;servicio;fabrica de;robledo;1;4.0;11/10/2018;7800000;agropecuaria
masculino;comercio;almacen de ropa en;manrique oriental;3;5.0;9/02/2017;6890000;agropecuaria
masculino;servicio;comidas rapidas;santa cruz;1;13.0;21/06/2017;4000000;agropecuaria
masculino;servicio;comidas rapidas;santa cruz;1;13.0;23/10/2017;4000000;agropecuaria
masculino;servicio;tienda;aranjuez;1;10.0;17/07/2017;6000000;agropecuaria
masculino;servicio;comidas rapidas;santo domingo savio;3;8.0;10/11/2016;3000000;agropecuaria
masculino;servicio;fabrica de;robledo;1;4.0;4/04/2018;7800000;agropecuaria
femenino;industria;licorera;calasanz parte alta;2;15.0;5/01/2018;22000000;agropecuaria
masculino;servicio;fabrica de;robledo;1;4.0;11/10/2018;7800000;agropecuaria
masculino;servicio;variedades;enciso;1;1.0;18/05/2018;5000000;agropecuaria
masculino;servicio;variedades;cabecera san cristobal;1;1.0;30/06/2017;5000000;agropecuaria
femenino;industria;legumbreria;trinidad;2;16.0;18/06/2019;2500000;agropecuaria
masculino;servicio;tienda;buenos aires;1;10.0;9/03/2017;6000000;agropecuaria
masculino;servicio;fabrica de;manrique central no. 1;1;7.0;16/07/2018;7000000;agropecuaria
femenino;industria;recreativo educativo;alfonso lopez;2;16.0;17/03/2016;4500000;agropecuaria
masculino;servicio;fabrica de;manrique central no. 1;1;4.0;15/02/2018;7000000;agropecuaria
masculino;servicio;fabrica de;san javier no.1;1;7.0;29/05/2018;7000000;agropecuaria
masculino;servicio;comidas rapidas;santo domingo savio;1;13.0;24/04/2017;4000000;agropecuaria
masculino;servicio;comidas rapidas;manrique central no. 2;1;13.0;22/05/2019;4000000;agropecuaria
masculino;servicio;tienda;belen;1;7.0;24/07/2017;7000000;agropecuaria
masculino;servicio;tienda;popular;1;10.0;27/09/2017;5000000;agropecuaria
masculino;comercio;peluqueria;manrique oriental;3;5.0;12/05/2017;6890000;agropecuaria
femenino;industria;deposito de;alejandro echavarria;2;15.0;14/06/2019;7812420;agropecuaria
masculino;servicio;comidas rapidas;cabecera san antonio;3;8.0;20/11/2018;3000000;agropecuaria
masculino;servicio;tienda;belen;1;7.0;3/04/2018;7000000;agropecuaria
masculino;servicio;variedades;castilla;1;1.0;11/04/2018;5000000;agropecuaria
masculino;servicio;tienda;belen;1;7.0;10/04/2018;7000000;agropecuaria
masculino;servicio;comidas rapidas;santo domingo savio;3;13.0;8/08/2017;3000000;agropecuaria
masculino;servicio;fabrica de;robledo;1;4.0;26/10/2018;7800000;agropecuaria
masculino;servicio;fabrica de;robledo;1;4.0;21/02/2018;7800000;agropecuaria
masculino;servicio;fabrica de;san javier no.1;1;7.0;23/02/2017;7000000;agropecuaria
masculino;comercio;almacen de ropa en;manrique oriental;3;5.0;16/05/2017;6890000;agropecuaria
masculino;servicio;variedades;manrique central no. 2;1;13.0;27/02/2018;4000000;agropecuaria
femenino;industria;ferreteria;kennedy;2;60.0;10/06/2016;7500000;agropecuaria
masculino;servicio;comidas rapidas;cabecera san antonio;3;8.0;10/11/2017;3000000;agropecuaria
masculino;comercio;peluqueria;moravia;3;2.0;4/11/2016;7300000;agropecuaria
masculino;servicio;variedades;enciso;1;1.0;18/05/2018;5000000;agropecuaria
masculino;comercio;peluqueria;la milagrosa;3;5.0;25/08/2016;7300000;agropecuaria
masculino;servicio;fabrica de;robledo;1;4.0;25/04/2018;7800000;agropecuaria
masculino;servicio;fabrica de;manrique central no. 1;1;4.0;27/06/2018;7000000;agropecuaria
femenino;industria;criadero de animales;boyaca;2;60.0;10/03/2017;8000000;agropecuaria
masculino;servicio;comidas rapidas;campo valdes no. 1;3;8.0;22/09/2016;3000000;agropecuaria
masculino;comercio;almacen de ropa en;barrio caicedo;3;8.0;19/01/2017;6890000;agropecuaria
femenino;comercio;mantenimiento en;guayabal;3;2.0;13/04/2018;7377000;agropecuaria
femenino;industria;ferreteria;kennedy;2;60.0;1/12/2017;7500000;agropecuaria
masculino;servicio;comidas rapidas;cabecera san antonio;3;8.0;28/03/2017;3000000;agropecuaria
femenino;comercio;miscelanea;playon de los;3;3.0;19/11/2018;7370000;agropecuaria
masculino;servicio;tienda;belen;1;7.0;2/03/2018;7000000;agropecuaria
masculino;servicio;tienda;buenos aires;1;7.0;12/06/2017;6000000;agropecuaria
masculino;servicio;variedades;enciso;1;1.0;17/11/2017;4000000;agropecuaria
masculino;servicio;fabrica de;robledo;1;4.0;24/10/2018;7800000;agropecuaria
femenino;industria;cafe e internet;boston;3;6.0;7/06/2019;3500000;agropecuaria
femenino;comercio;miscelanea;playon de los;3;3.0;2/12/2016;7370000;agropecuaria
masculino;servicio;variedades;castilla;1;1.0;2/10/2017;5000000;agropecuaria
masculino;servicio;tienda;buenos aires;1;10.0;1/06/2018;6000000;agropecuaria
femenino;industria;sembrados;prado;2;9.0;8/04/2016;8281000;agropecuaria
masculino;servicio;fabrica de;robledo;1;4.0;21/02/2018;7800000;agropecuaria
masculino;comercio;peluqueria;doce de octubre no.1;3;5.0;3/08/2018;7300000;agropecuaria
femenino;comercio;miscelanea;granizal;3;6.0;2/05/2017;7370000;agropecuaria
femenino;comercio;restaurante;villa hermosa;3;2.0;15/09/2017;7377000;agropecuaria
femenino;comercio;restaurante;el salvador;3;2.0;4/12/2018;7377000;agropecuaria
masculino;servicio;tienda;cabecera san cristobal;1;10.0;31/05/2017;5000000;agropecuaria
masculino;servicio;tienda;cabecera san cristobal;1;1.0;17/04/2018;5000000;agropecuaria
masculino;servicio;fabrica de;manrique central no. 1;1;7.0;6/07/2018;7000000;agropecuaria
femenino;industria;criadero de animales;boyaca;2;60.0;24/03/2017;8000000;agropecuaria
masculino;servicio;comidas rapidas;manrique central no. 2;1;13.0;22/05/2019;4000000;agropecuaria
femenino;comercio;barberia;20 de julio;3;3.0;18/03/2019;7370000;agropecuaria
masculino;servicio;fabrica de;manrique central no. 1;1;7.0;5/02/2018;7000000;agropecuaria
masculino;comercio;peluqueria;doce de octubre no.1;3;5.0;21/04/2017;7300000;agropecuaria
masculino;servicio;tienda;popular;1;10.0;25/01/2018;6000000;agropecuaria
masculino;servicio;variedades;castilla;1;1.0;30/04/2018;5000000;agropecuaria
femenino;industria;fabrica de alimentos;picacho;3;6.0;14/12/2016;6800000;agropecuaria
masculino;servicio;comidas rapidas;cabecera san antonio;3;8.0;29/09/2017;3000000;agropecuaria
masculino;servicio;tienda;popular;1;10.0;20/11/2017;6000000;agropecuaria
masculino;servicio;variedades;castilla;1;1.0;24/08/2017;5000000;agropecuaria
masculino;servicio;variedades;enciso;1;1.0;28/06/2017;4000000;agropecuaria
femenino;comercio;distribuidora de;pedregal;3;3.0;13/03/2017;2000000;agropecuaria
femenino;industria;productos de belleza;la francia;2;16.0;15/02/2016;1500000;agropecuaria
femenino;comercio;mantenimiento en;andalucia;3;2.0;5/04/2016;7377000;agropecuaria
masculino;servicio;fabrica de;manrique central no. 1;1;4.0;25/07/2018;7800000;agropecuaria
masculino;servicio;tienda;cabecera san cristobal;1;10.0;7/03/2018;5000000;agropecuaria
masculino;servicio;tienda;belen;1;7.0;7/06/2018;7000000;agropecuaria
femenino;industria;variedades de helados;olaya herrera;2;60.0;12/06/2019;6500000;agropecuaria
femenino;industria;montallantas;santa ines;2;15.0;4/05/2016;19500000;agropecuaria
femenino;industria;fabrica de arepas;aures no. 2;2;12.0;14/04/2016;5800000;agropecuaria
masculino;servicio;comidas rapidas;cabecera san antonio;3;8.0;16/11/2016;3000000;agropecuaria
femenino;industria;fabrica de arepas;la colina;2;12.0;14/04/2016;5800000;agropecuaria
femenino;industria;fabrica de alimentos;santander;3;6.0;25/01/2019;1000000;agropecuaria
masculino;servicio;variedades;castilla;1;1.0;20/06/2018;5000000;agropecuaria
masculino;servicio;tienda;belen;1;7.0;13/09/2017;7000000;agropecuaria
masculino;servicio;fabrica de;manrique central no. 1;1;4.0;16/04/2018;7800000;agropecuaria
masculino;servicio;fabrica de;robledo;1;4.0;11/05/2018;7800000;agropecuaria
femenino;industria;variedades de helados;pablo vi;2;60.0;11/08/2016;6500000;agropecuaria
femenino;industria;cerrajeria;san javier no.2;2;80.0;17/06/2016;5200000;agropecuaria
masculino;servicio;fabrica de;robledo;1;4.0;6/02/2018;7800000;agropecuaria
femenino;industria;cafeteria;llanaditas;2;16.0;6/05/2016;4500000;agropecuaria
femenino;industria;cerrajeria;la esperanza;2;80.0;3/12/2018;6900000;agropecuaria
masculino;comercio;almacen de ropa en;manrique oriental;3;5.0;19/11/2016;6890000;agropecuaria
masculino;servicio;fabrica de;san javier no.1;1;7.0;23/02/2017;7000000;agropecuaria
masculino;servicio;tienda;belen;1;7.0;19/04/2018;7000000;agropecuaria
masculino;servicio;tienda;cabecera san cristobal;1;10.0;12/07/2017;5000000;agropecuaria
masculino;servicio;variedades;cabecera san cristobal;1;1.0;10/08/2018;5000000;agropecuaria
femenino;comercio;papeleria;aranjuezcito;3;3.0;15/06/2016;2000000;agropecuaria
masculino;servicio;variedades;castilla;1;1.0;4/08/2017;5000000;agropecuaria
masculino;servicio;fabrica de;robledo;1;4.0;25/10/2018;7800000;agropecuaria
masculino;servicio;fabrica de;san javier no.1;1;7.0;17/05/2018;7000000;agropecuaria
masculino;servicio;fabrica de;manrique central no. 1;1;7.0;6/07/2018;7000000;agropecuaria
masculino;comercio;almacen de ropa en;barrio caicedo;3;5.0;26/11/2018;6890000;agropecuaria
femenino;agropecuaria;hoteles moteles;barro blanco;2;50.0;2016/07/13;236674;juridica y cap.semilla
femenino;industria;charcuteria;francisco antonio zea;2;60.0;10/02/2017;8200000;agropecuaria
masculino;servicio;comidas rapidas;cabecera san antonio;3;8.0;3/03/2017;3000000;agropecuaria
masculino;servicio;fabrica de;robledo;1;4.0;24/09/2018;7800000;agropecuaria
masculino;servicio;tienda;popular;1;10.0;25/01/2018;6000000;agropecuaria
masculino;servicio;almacen de ropa en;campo valdes no. 1;3;8.0;17/08/2017;3000000;agropecuaria
femenino;industria;taller de mecanica;olaya herrera;2;60.0;27/10/2016;6500000;agropecuaria
masculino;servicio;tienda;cabecera san cristobal;1;1.0;22/02/2017;5000000;agropecuaria
masculino;servicio;tienda;popular;1;10.0;29/03/2017;5000000;agropecuaria
masculino;servicio;fabrica de;san javier no.1;1;7.0;22/09/2017;7000000;agropecuaria
femenino;comercio;restaurante;villa hermosa;3;2.0;7/09/2017;7300000;agropecuaria
masculino;servicio;tienda;cabecera san cristobal;1;1.0;22/02/2017;5000000;agropecuaria
masculino;servicio;fabrica de;robledo;1;4.0;24/01/2018;7800000;agropecuaria
masculino;servicio;fabrica de;robledo;1;4.0;6/03/2018;7800000;agropecuaria
femenino;comercio;restaurante;villa hermosa;3;2.0;7/10/2016;7377000;agropecuaria
masculino;servicio;fabrica de;robledo;1;4.0;11/05/2018;7800000;agropecuaria
masculino;servicio;fabrica de;robledo;1;4.0;23/05/2018;7800000;agropecuaria
masculino;servicio;fabrica de;robledo;1;4.0;11/10/2018;7800000;agropecuaria
femenino;comercio;restaurante;villa hermosa;3;2.0;22/08/2018;7377000;agropecuaria
masculino;servicio;fabrica de;robledo;1;4.0;22/05/2018;7800000;agropecuaria
masculino;servicio;tienda;buenos aires;1;7.0;18/04/2017;6000000;agropecuaria
masculino;servicio;fabrica de;robledo;1;4.0;25/05/2018;7800000;agropecuaria
masculino;comercio;almacen de ropa en;manrique oriental;3;5.0;3/04/2017;6890000;agropecuaria
femenino;industria;fabrica de calzado;florencia;3;6.0;14/09/2017;6800000;agropecuaria
masculino;comercio;peluqueria;doce de octubre no.1;3;5.0;23/01/2017;6890000;agropecuaria
femenino;industria;legumbreria;las palmas;2;16.0;8/07/2016;2500000;agropecuaria
masculino;servicio;tienda;belen;1;7.0;31/05/2018;7000000;agropecuaria
masculino;servicio;comidas rapidas;campo valdes no. 1;3;8.0;14/02/2017;3000000;agropecuaria
masculino;servicio;tienda;popular;1;10.0;15/03/2018;6000000;agropecuaria
femenino;industria;granero;palmitas;2;9.0;20/04/2016;1200000;agropecuaria
masculino;servicio;almacen de ropa en;campo valdes no. 1;3;8.0;4/09/2017;3000000;agropecuaria
femenino;comercio;distribuidora de;andalucia;3;2.0;2/03/2017;7377000;agropecuaria
femenino;agropecuaria;venta de repuestos;altamira;2;50.0;2018/07/6;6251000;juridica y cap.semilla
femenino;comercio;distribuidora de;andalucia;3;3.0;26/05/2017;2000000;agropecuaria
masculino;comercio;almacen de ropa en;barrio caicedo;3;8.0;23/03/2017;6890000;agropecuaria
masculino;servicio;fabrica de;manrique central no. 1;1;4.0;7/12/2016;7800000;agropecuaria
masculino;servicio;fabrica de;robledo;1;4.0;24/01/2018;7800000;agropecuaria
masculino;servicio;tienda;buenos aires;1;7.0;18/04/2017;6000000;agropecuaria
femenino;comercio;restaurante;villa hermosa;3;2.0;4/10/2017;7377000;agropecuaria
femenino;comercio;fabrica de calzado;granizal;3;6.0;21/07/2017;7370000;agropecuaria
masculino;servicio;variedades;castilla;1;1.0;20/06/2018;5000000;agropecuaria
masculino;servicio;tienda;popular;1;10.0;19/09/2017;5000000;agropecuaria
masculino;servicio;fabrica de;robledo;1;4.0;13/02/2018;7800000;agropecuaria
masculino;servicio;fabrica de;robledo;1;4.0;24/09/2018;7800000;agropecuaria
femenino;industria;fabrica de arepas;san antonio;2;12.0;2017/05/31;4800000;agropecuaria
masculino;servicio;variedades;castilla;1;1.0;17/03/2017;5000000;agropecuaria
masculino;servicio;tienda;aranjuez;1;10.0;2/02/2018;6000000;agropecuaria
femenino;industria;cafe e internet;centro admtivo;2;6.0;26/01/2017;3500000;agropecuaria
masculino;servicio;tienda;aranjuez;1;10.0;20/09/2018;6000000;agropecuaria
masculino;servicio;fabrica de;manrique central no. 1;1;4.0;7/12/2016;7800000;agropecuaria
femenino;industria;variedades de helados;pablo vi;2;60.0;17/12/2018;6500000;agropecuaria
femenino;industria;legumbreria;trinidad;2;16.0;7/03/2019;2500000;agropecuaria
femenino;comercio;mantenimiento en;andalucia;3;2.0;20/04/2017;7377000;agropecuaria
masculino;servicio;tienda;san javier no.1;1;7.0;16/02/2018;7000000;agropecuaria
femenino;industria;drogueria;santa rosa de lima;2;12.0;26/06/2019;3750000;agropecuaria
femenino;comercio;distribuidora de;pedregal;3;3.0;7/12/2017;2000000;agropecuaria
masculino;servicio;tienda;belen;1;7.0;10/04/2018;7000000;agropecuaria
masculino;servicio;tienda;belen;1;7.0;7/06/2018;7000000;agropecuaria
masculino;servicio;fabrica de;robledo;1;4.0;3/10/2018;7800000;agropecuaria
femenino;comercio;restaurante;villa hermosa;3;2.0;4/10/2017;7377000;agropecuaria
masculino;servicio;variedades;castilla;1;1.0;30/04/2018;5000000;agropecuaria
femenino;comercio;barberia;la floresta;3;3.0;18/04/2016;2000000;agropecuaria
masculino;servicio;comidas rapidas;cabecera san antonio;3;8.0;3/08/2017;3000000;agropecuaria
femenino;industria;organización y;la libertad;2;80.0;6/07/2016;8280000;agropecuaria
femenino;agropecuaria;venta de pollos;vrda. santa elena;2;70.0;18/09/2018;23430000;microempresarial
masculino;servicio;fabrica de;manrique central no. 1;1;7.0;7/02/2018;7000000;agropecuaria
masculino;servicio;fabrica de;san javier no.1;1;7.0;5/09/2018;7000000;agropecuaria
femenino;industria;venta de calzado;tejelo;2;80.0;12/08/2016;800000;agropecuaria
masculino;servicio;tienda;popular;1;10.0;29/03/2017;5000000;agropecuaria
masculino;servicio;tienda;aranjuez;1;10.0;20/03/2018;6000000;agropecuaria
masculino;servicio;fabrica de;manrique central no. 1;1;4.0;4/05/2018;7000000;agropecuaria
masculino;servicio;variedades;manrique central no. 2;1;13.0;3/05/2018;4000000;agropecuaria
femenino;industria;ebanistaria;cristo rey;2;12.0;18/12/2018;73000000;agropecuaria
masculino;servicio;comidas rapidas;manrique central no. 2;1;13.0;6/11/2018;4000000;agropecuaria
masculino;servicio;variedades;cabecera san cristobal;1;1.0;12/10/2017;5000000;agropecuaria
masculino;comercio;peluqueria;la milagrosa;3;5.0;1/11/2017;7300000;agropecuaria
femenino;comercio;barberia;la floresta;3;3.0;8/02/2017;2000000;agropecuaria
masculino;servicio;fabrica de;robledo;1;4.0;13/02/2018;7800000;agropecuaria
masculino;servicio;fabrica de;san javier no.1;1;7.0;7/05/2018;7000000;agropecuaria
femenino;industria;reciclaje;zona expansion san;2;15.0;4/09/2018;1100000;agropecuaria
masculino;servicio;variedades;castilla;1;1.0;6/06/2018;5000000;agropecuaria
femenino;industria;cerrajeria;la esperanza;2;80.0;3/12/2018;6900000;agropecuaria
masculino;servicio;comidas rapidas;santa cruz;1;13.0;11/07/2018;4000000;agropecuaria
masculino;servicio;comidas rapidas;santa cruz;1;13.0;23/07/2018;4000000;agropecuaria
femenino;comercio;miscelanea;playon de los;3;3.0;3/01/2018;7370000;agropecuaria
femenino;industria;fabrica de productos;miranda;2;80.0;20/06/2016;4300000;agropecuaria
masculino;servicio;variedades;manrique central no. 2;1;13.0;27/02/2018;4000000;agropecuaria
masculino;servicio;tienda;buenos aires;1;7.0;13/12/2016;6000000;agropecuaria
masculino;servicio;comidas rapidas;santo domingo savio;3;13.0;19/10/2017;3000000;agropecuaria
masculino;servicio;fabrica de;robledo;1;4.0;11/05/2018;7800000;agropecuaria
masculino;comercio;almacen de ropa en;manrique oriental;3;5.0;24/10/2016;6890000;agropecuaria
masculino;servicio;comidas rapidas;santa cruz;1;13.0;6/04/2018;4000000;agropecuaria
masculino;servicio;tienda;popular;1;10.0;20/11/2017;6000000;agropecuaria
femenino;industria;variedades de helados;pablo vi;2;60.0;10/07/2017;6500000;agropecuaria
masculino;servicio;fabrica de;robledo;1;4.0;5/07/2018;7800000;agropecuaria
masculino;servicio;comidas rapidas;manrique central no. 2;1;13.0;25/04/2017;4000000;agropecuaria
masculino;servicio;variedades;manrique central no. 2;1;13.0;22/11/2016;4000000;agropecuaria
masculino;servicio;fabrica de;manrique central no. 1;1;7.0;5/02/2018;7000000;agropecuaria
femenino;comercio;papeleria;aranjuezcito;3;3.0;5/10/2017;2000000;agropecuaria
masculino;comercio;peluqueria;doce de octubre no.1;3;5.0;23/01/2017;6890000;agropecuaria
femenino;industria;cafe e internet;centro admtivo;2;6.0;8/09/2016;3500000;agropecuaria
masculino;servicio;tienda;belen;1;7.0;31/10/2018;7000000;agropecuaria
femenino;comercio;restaurante;moravia;3;2.0;8/06/2017;7300000;agropecuaria
masculino;servicio;tienda;popular;1;10.0;11/08/2017;5000000;agropecuaria
masculino;servicio;almacen de ropa en;campo valdes no. 1;3;8.0;18/08/2017;3000000;agropecuaria
femenino;comercio;mantenimiento en;guayabal;3;2.0;17/05/2017;7377000;agropecuaria
femenino;industria;carpinteria;toscana;2;9.0;29/12/2017;5500000;agropecuaria
femenino;comercio;barberia;20 de julio;3;3.0;13/12/2018;2000000;agropecuaria
femenino;comercio;miscelanea;playon de los;3;6.0;31/05/2016;7370000;agropecuaria
femenino;industria;organización y;campo valdes no. 2;2;80.0;3/04/2019;8280000;agropecuaria
femenino;industria;cafe e internet;carpinelo;2;16.0;7/06/2016;3500000;agropecuaria
masculino;servicio;tienda;belen;1;7.0;23/05/2017;6000000;agropecuaria
femenino;industria;fabrica de colchones;san pedro;2;15.0;2/03/2016;63000000;agropecuaria
masculino;comercio;almacen de ropa en;barrio caicedo;3;8.0;9/11/2018;6890000;agropecuaria
masculino;servicio;fabrica de;robledo;1;4.0;25/05/2018;7800000;agropecuaria
femenino;comercio;miscelanea;playon de los;3;3.0;10/04/2019;7370000;agropecuaria
masculino;servicio;tienda;aranjuez;1;10.0;21/06/2018;6000000;agropecuaria
masculino;comercio;peluqueria;la milagrosa;3;5.0;1/11/2017;7300000;agropecuaria
femenino;industria;gimnasio;el corazon;2;15.0;2018/11/20;7812242;empresarial ed.
masculino;servicio;variedades;cabecera san cristobal;1;1.0;19/07/2017;5000000;agropecuaria
masculino;servicio;fabrica de;robledo;1;4.0;6/03/2018;7800000;agropecuaria
masculino;servicio;almacen de ropa en;campo valdes no. 1;3;8.0;18/07/2018;3000000;agropecuaria
masculino;servicio;tienda;aranjuez;1;10.0;19/05/2017;6000000;agropecuaria
masculino;servicio;comidas rapidas;santa cruz;1;13.0;13/02/2019;4000000;agropecuaria
masculino;servicio;tienda;aranjuez;1;10.0;28/02/2018;6000000;agropecuaria
femenino;comercio;restaurante;villa hermosa;3;2.0;9/08/2017;7377000;agropecuaria
masculino;servicio;fabrica de;manrique central no. 1;1;7.0;16/07/2018;7000000;agropecuaria
masculino;servicio;variedades;enciso;1;1.0;26/01/2018;5000000;agropecuaria
masculino;servicio;comidas rapidas;santa cruz;1;13.0;29/11/2017;4000000;agropecuaria
femenino;industria;taller de mecanica;picachito;2;60.0;27/03/2019;8000000;agropecuaria
masculino;comercio;peluqueria;doce de octubre no.1;3;5.0;24/07/2018;7300000;agropecuaria
masculino;servicio;variedades;castilla;1;1.0;22/03/2017;5000000;agropecuaria
masculino;servicio;tienda;popular;1;10.0;31/10/2017;6000000;agropecuaria
masculino;servicio;fabrica de;robledo;1;4.0;10/07/2018;7800000;agropecuaria
masculino;servicio;variedades;enciso;1;1.0;19/04/2017;5000000;agropecuaria
masculino;servicio;fabrica de;san javier no.1;1;7.0;22/09/2017;7000000;agropecuaria
masculino;servicio;tienda;buenos aires;1;7.0;16/05/2018;6000000;agropecuaria
masculino;servicio;fabrica de;robledo;1;4.0;24/09/2018;7800000;agropecuaria
femenino;industria;cafe e internet;carpinelo;2;6.0;9/01/2019;3500000;agropecuaria
masculino;servicio;tienda;popular;1;10.0;8/05/2017;6000000;agropecuaria
masculino;servicio;fabrica de;manrique central no. 1;1;7.0;1/02/2018;7000000;agropecuaria
masculino;servicio;fabrica de;robledo;1;4.0;4/04/2018;7800000;agropecuaria
masculino;servicio;fabrica de;robledo;1;4.0;24/09/2018;7800000;agropecuaria
masculino;comercio;almacen de ropa en;barrio caicedo;3;8.0;29/11/2016;6890000;agropecuaria
masculino;servicio;tienda;belen;1;7.0;2/03/2018;7000000;agropecuaria
masculino;servicio;tienda;buenos aires;1;7.0;3/07/2018;6000000;agropecuaria
masculino;comercio;almacen de ropa en;barrio caicedo;3;5.0;26/11/2018;6890000;agropecuaria
masculino;servicio;comidas rapidas;cabecera san antonio;3;8.0;7/04/2016;3000000;agropecuaria
masculino;servicio;almacen de ropa en;campo valdes no. 1;3;8.0;29/06/2017;3000000;agropecuaria
masculino;servicio;tienda;buenos aires;1;10.0;9/03/2017;6000000;agropecuaria
masculino;servicio;tienda;buenos aires;1;7.0;13/12/2016;6000000;agropecuaria
femenino;comercio;mantenimiento en;el salvador;3;2.0;16/03/2017;7377000;agropecuaria
masculino;servicio;tienda;popular;1;10.0;20/11/2017;6000000;agropecuaria
masculino;servicio;fabrica de;robledo;1;4.0;24/10/2017;7800000;agropecuaria
femenino;comercio;papeleria;la floresta;3;3.0;16/06/2017;2000000;agropecuaria
femenino;industria;fabrica de alimentos;picacho;3;6.0;23/09/2016;6800000;agropecuaria
masculino;servicio;tienda;belen;1;7.0;9/05/2017;7000000;agropecuaria
masculino;servicio;comidas rapidas;santo domingo savio;1;13.0;19/08/2016;4000000;agropecuaria
masculino;servicio;variedades;cabecera san cristobal;1;1.0;22/02/2018;5000000;agropecuaria
masculino;comercio;peluqueria;moravia;3;2.0;31/08/2017;7300000;agropecuaria
femenino;comercio;barberia;la floresta;3;3.0;8/02/2017;2000000;agropecuaria
masculino;servicio;almacen de ropa en;campo valdes no. 1;3;8.0;21/04/2016;6890000;agropecuaria
masculino;servicio;tienda;aranjuez;1;10.0;28/02/2018;6000000;agropecuaria
masculino;servicio;variedades;manrique central no. 2;1;13.0;18/10/2017;4000000;agropecuaria
femenino;industria;taller de mecanica;picachito;2;60.0;12/05/2016;8000000;agropecuaria
femenino;industria;lavanderia;san german;2;12.0;28/01/2019;7600000;agropecuaria
femenino;comercio;restaurante;villa hermosa;3;2.0;9/08/2017;7377000;agropecuaria
masculino;servicio;fabrica de;manrique central no. 1;1;4.0;27/06/2018;7800000;agropecuaria
femenino;industria;recreativo educativo;alfonso lopez;2;16.0;14/08/2017;4500000;agropecuaria
masculino;servicio;tienda;belen;1;7.0;23/05/2017;6000000;agropecuaria
femenino;industria;taller de electronica;la libertad;2;80.0;12/09/2018;20000000;agropecuaria
masculino;servicio;comidas rapidas;manrique central no. 2;1;13.0;25/04/2017;4000000;agropecuaria
masculino;servicio;comidas rapidas;santo domingo savio;3;13.0;27/07/2017;3000000;agropecuaria
femenino;comercio;fabrica de calzado;granizal;3;6.0;22/01/2018;7370000;agropecuaria
masculino;servicio;comidas rapidas;santo domingo savio;3;13.0;8/08/2017;3000000;agropecuaria
masculino;servicio;tienda;aranjuez;1;10.0;2/08/2018;6000000;agropecuaria
masculino;servicio;fabrica de;robledo;1;4.0;3/10/2018;7800000;agropecuaria
masculino;servicio;almacen de ropa en;campo valdes no. 1;3;8.0;29/01/2018;3000000;agropecuaria
femenino;industria;productos de belleza;san pablo;2;16.0;5/04/2019;1500000;agropecuaria
femenino;industria;fabrica de helados;san diego;2;9.0;22/05/2017;5500000;agropecuaria
masculino;servicio;variedades;cabecera san cristobal;1;1.0;18/07/2017;5000000;agropecuaria
masculino;servicio;comidas rapidas;santo domingo savio;1;13.0;5/04/2018;3000000;agropecuaria
femenino;industria;panaderia;santa elena central;3;6.0;5/05/2016;1000000;agropecuaria
masculino;servicio;fabrica de;manrique central no. 1;1;4.0;15/02/2018;7000000;agropecuaria
masculino;servicio;comidas rapidas;cabecera san antonio;3;8.0;28/03/2017;3000000;agropecuaria
femenino;industria;charcuteria;loreto;2;60.0;24/05/2019;8200000;agropecuaria
masculino;servicio;fabrica de;robledo;1;4.0;3/10/2018;7800000;agropecuaria
masculino;comercio;almacen de ropa en;manrique oriental;3;5.0;13/11/2018;6890000;agropecuaria
femenino;comercio;barberia;20 de julio;3;3.0;24/04/2019;2000000;agropecuaria
masculino;servicio;variedades;enciso;1;1.0;15/11/2017;5000000;agropecuaria
masculino;servicio;tienda;buenos aires;1;10.0;9/02/2018;6000000;agropecuaria
masculino;servicio;comidas rapidas;cabecera san antonio;3;8.0;27/11/2017;3000000;agropecuaria
masculino;servicio;fabrica de;manrique central no. 1;1;4.0;22/06/2018;7800000;agropecuaria
masculino;servicio;tienda;buenos aires;1;10.0;10/05/2018;6000000;agropecuaria
femenino;industria;fotografia;belalcazar;2;9.0;15/08/2018;1200000;agropecuaria
masculino;servicio;comidas rapidas;manrique central no. 2;1;13.0;28/07/2017;4000000;agropecuaria
masculino;servicio;fabrica de;robledo;1;4.0;1/08/2018;7800000;agropecuaria
masculino;servicio;fabrica de;robledo;1;4.0;24/10/2018;7800000;agropecuaria
masculino;servicio;variedades;castilla;1;1.0;17/07/2018;5000000;agropecuaria
masculino;servicio;fabrica de;robledo;1;4.0;22/05/2018;7800000;agropecuaria
masculino;servicio;variedades;manrique central no. 2;1;13.0;6/08/2018;4000000;agropecuaria
masculino;servicio;fabrica de;manrique central no. 1;1;4.0;14/02/2018;7000000;agropecuaria
masculino;servicio;fabrica de;robledo;1;4.0;6/06/2017;7800000;agropecuaria
femenino;industria;criadero de animales;boyaca;2;60.0;10/03/2017;8000000;agropecuaria
masculino;servicio;tienda;popular;1;10.0;27/09/2017;5000000;agropecuaria
masculino;servicio;fabrica de;robledo;1;4.0;6/06/2017;7800000;agropecuaria
masculino;servicio;variedades;castilla;1;1.0;4/08/2017;5000000;agropecuaria
masculino;servicio;fabrica de;manrique central no. 1;1;4.0;15/02/2018;7000000;agropecuaria
femenino;industria;fabrica de muebles;versalles no. 1;2;12.0;31/10/2016;68900000;agropecuaria
femenino;comercio;distribuidora de;andalucia;3;3.0;26/05/2017;7377000;agropecuaria
femenino;industria;venta de calzado;tejelo;2;80.0;12/08/2016;800000;agropecuaria
femenino;industria;sembrados;prado;2;9.0;6/06/2019;8281000;agropecuaria
femenino;industria;cerrajeria;san javier no.2;2;80.0;24/06/2016;5200000;agropecuaria
masculino;comercio;almacen de ropa en;barrio caicedo;3;8.0;9/11/2018;6890000;agropecuaria
masculino;servicio;fabrica de;manrique central no. 1;1;4.0;27/06/2018;7800000;agropecuaria
masculino;servicio;fabrica de;robledo;1;4.0;24/01/2018;7800000;agropecuaria
femenino;comercio;distribuidora de;andalucia;3;2.0;2/03/2017;7377000;agropecuaria
femenino;industria;fotografia;la candelaria;2;9.0;2/02/2017;4400000;agropecuaria
masculino;servicio;fabrica de;robledo;1;4.0;23/05/2018;7800000;agropecuaria
masculino;comercio;peluqueria;la milagrosa;3;5.0;3/05/2019;7300000;agropecuaria
masculino;servicio;fabrica de;manrique central no. 1;1;4.0;7/12/2016;7800000;agropecuaria
femenino;industria;recreativo educativo;altavista;2;16.0;6/01/2017;2500000;agropecuaria
femenino;industria;organización y;campo valdes no. 2;2;80.0;3/04/2019;8280000;agropecuaria
masculino;comercio;almacen de ropa en;barrio caicedo;3;5.0;1/09/2017;6890000;agropecuaria
masculino;servicio;tienda;popular;1;10.0;27/09/2017;5000000;agropecuaria
masculino;servicio;comidas rapidas;manrique central no. 2;1;13.0;22/05/2019;4000000;agropecuaria
masculino;servicio;variedades;castilla;1;1.0;28/08/2017;5000000;agropecuaria
masculino;servicio;comidas rapidas;santa cruz;1;13.0;19/08/2016;4000000;agropecuaria
femenino;industria;carniceria;los mangos;2;12.0;12/10/2018;600000;agropecuaria
femenino;industria;fabrica de alimentos;santander;3;6.0;15/02/2017;6800000;agropecuaria
femenino;industria;cafeteria;alfonso lopez;2;16.0;20/01/2017;4500000;agropecuaria
masculino;servicio;tienda;cabecera san cristobal;1;1.0;17/04/2018;5000000;agropecuaria
femenino;industria;cafe e internet;centro admtivo;2;6.0;28/03/2019;3500000;agropecuaria
masculino;comercio;peluqueria;moravia;3;2.0;31/08/2017;7300000;agropecuaria
femenino;industria;lavanderia;palermo;2;12.0;29/11/2018;17000000;agropecuaria
masculino;servicio;tienda;aranjuez;1;10.0;17/07/2017;6000000;agropecuaria
femenino;comercio;mantenimiento en;guayabal;3;2.0;5/03/2019;7377000;agropecuaria
masculino;servicio;tienda;belen;1;7.0;8/06/2018;7000000;agropecuaria
masculino;servicio;tienda;belen;1;7.0;24/07/2017;7000000;agropecuaria
femenino;industria;recreativo educativo;altavista;2;16.0;7/07/2016;2500000;agropecuaria
masculino;servicio;comidas rapidas;cabecera san antonio;3;8.0;29/09/2017;3000000;agropecuaria
femenino;industria;sembrados;13 de noviembre;2;9.0;13/06/2019;8281000;agropecuaria
masculino;servicio;fabrica de;robledo;1;4.0;22/06/2018;7800000;agropecuaria
femenino;industria;carpinteria;san diego;2;9.0;30/01/2019;5500000;agropecuaria
masculino;comercio;peluqueria;doce de octubre no.1;3;5.0;21/04/2017;7300000;agropecuaria
femenino;comercio;papeleria;aranjuezcito;3;3.0;30/07/2018;2000000;agropecuaria
masculino;servicio;variedades;enciso;1;1.0;28/06/2017;4000000;agropecuaria
masculino;servicio;comidas rapidas;cabecera san antonio;3;8.0;7/03/2017;3000000;agropecuaria
masculino;servicio;almacen de ropa en;campo valdes no. 1;3;8.0;17/08/2017;3000000;agropecuaria
femenino;comercio;barberia;20 de julio;3;3.0;18/03/2019;7370000;agropecuaria
femenino;industria;panaderia;santa elena central;3;6.0;30/11/2016;1000000;agropecuaria
masculino;servicio;tienda;aranjuez;1;10.0;2/11/2017;6000000;agropecuaria
femenino;industria;variedades de helados;pablo vi;2;60.0;15/02/2019;6500000;agropecuaria
masculino;servicio;fabrica de;san javier no.1;1;7.0;9/04/2018;7000000;agropecuaria
masculino;comercio;almacen de ropa en;manrique oriental;3;5.0;14/06/2017;6890000;agropecuaria
femenino;comercio;barberia;20 de julio;3;3.0;4/04/2017;7370000;agropecuaria
femenino;comercio;restaurante;el salvador;3;2.0;9/11/2016;7377000;agropecuaria
masculino;servicio;comidas rapidas;manrique central no. 2;1;13.0;7/11/2018;4000000;agropecuaria
masculino;servicio;tienda;buenos aires;1;7.0;3/07/2018;6000000;agropecuaria
femenino;industria;carniceria;san benito;2;12.0;1/02/2019;3400000;agropecuaria
femenino;industria;servicios;ocho de marzo;2;15.0;16/10/2018;23000000;empresarial ed.
masculino;servicio;tienda;belen;1;7.0;24/07/2017;7000000;agropecuaria
femenino;comercio;miscelanea;playon de los;3;3.0;10/04/2019;7370000;agropecuaria
masculino;servicio;fabrica de;robledo;1;4.0;7/11/2017;7800000;agropecuaria
femenino;comercio;fabrica de calzado;granizal;3;6.0;22/01/2018;7370000;agropecuaria
masculino;servicio;comidas rapidas;cabecera san antonio;3;8.0;3/08/2017;3000000;agropecuaria
masculino;comercio;almacen de ropa en;manrique oriental;3;5.0;21/02/2017;6890000;agropecuaria
masculino;servicio;fabrica de;robledo;1;4.0;21/02/2018;7800000;agropecuaria
masculino;servicio;tienda;buenos aires;1;10.0;12/07/2018;6000000;agropecuaria
masculino;servicio;comidas rapidas;manrique central no. 2;1;13.0;3/11/2016;4000000;agropecuaria
femenino;industria;organización y;la esperanza;2;80.0;7/03/2016;14000000;agropecuaria
masculino;servicio;tienda;popular;1;10.0;25/01/2018;6000000;agropecuaria
masculino;servicio;almacen de ropa en;campo valdes no. 1;3;8.0;14/06/2016;3000000;agropecuaria
masculino;servicio;almacen de ropa en;campo valdes no. 1;3;8.0;1/11/2018;3000000;agropecuaria
masculino;servicio;fabrica de;manrique central no. 1;1;4.0;14/02/2018;7000000;agropecuaria
masculino;servicio;almacen de ropa en;campo valdes no. 1;3;8.0;18/07/2018;3000000;agropecuaria
masculino;comercio;almacen de ropa en;barrio caicedo;3;8.0;6/03/2017;6890000;agropecuaria
masculino;servicio;comidas rapidas;santo domingo savio;1;13.0;24/05/2018;3000000;agropecuaria
masculino;servicio;fabrica de;robledo;1;4.0;6/03/2018;7800000;agropecuaria
masculino;servicio;comidas rapidas;manrique central no. 2;1;13.0;7/11/2018;4000000;agropecuaria
masculino;servicio;fabrica de;san javier no.1;1;7.0;9/04/2018;7000000;agropecuaria
masculino;servicio;tienda;cabecera san cristobal;1;1.0;11/10/2016;5000000;agropecuaria
masculino;servicio;variedades;enciso;1;1.0;6/09/2017;5000000;agropecuaria
masculino;servicio;variedades;castilla;1;1.0;17/03/2017;5000000;agropecuaria
masculino;servicio;variedades;manrique central no. 2;1;13.0;6/08/2018;4000000;agropecuaria
masculino;servicio;tienda;aranjuez;1;10.0;17/07/2017;6000000;agropecuaria
masculino;servicio;variedades;castilla;1;1.0;20/06/2018;5000000;agropecuaria
femenino;comercio;distribuidora de;pedregal;3;3.0;8/11/2018;2000000;agropecuaria
femenino;comercio;papeleria;aranjuezcito;3;3.0;24/11/2017;2000000;agropecuaria
masculino;comercio;almacen de ropa en;barrio caicedo;3;8.0;19/01/2017;6890000;agropecuaria
masculino;servicio;comidas rapidas;santo domingo savio;3;13.0;19/10/2017;3000000;agropecuaria
femenino;industria;taller de mecanica;olaya herrera;2;60.0;27/10/2016;6500000;agropecuaria
masculino;servicio;fabrica de;robledo;1;4.0;26/10/2018;7800000;agropecuaria
masculino;servicio;comidas rapidas;campo valdes no. 1;3;8.0;14/02/2017;3000000;agropecuaria
masculino;servicio;fabrica de;san javier no.1;1;7.0;12/04/2018;7000000;agropecuaria
masculino;servicio;variedades;enciso;1;1.0;28/06/2017;4000000;agropecuaria
masculino;comercio;peluqueria;manrique oriental;3;5.0;12/05/2017;6890000;agropecuaria
masculino;servicio;tienda;buenos aires;1;7.0;18/04/2017;6000000;agropecuaria
masculino;servicio;tienda;buenos aires;1;10.0;10/05/2018;6000000;agropecuaria
masculino;servicio;variedades;castilla;1;1.0;12/12/2017;5000000;agropecuaria
masculino;servicio;tienda;buenos aires;1;7.0;8/02/2018;6000000;agropecuaria
masculino;servicio;tienda;buenos aires;1;10.0;9/02/2018;6000000;agropecuaria
masculino;servicio;fabrica de;robledo;1;4.0;6/06/2017;7800000;agropecuaria
masculino;servicio;tienda;belen;1;7.0;31/10/2018;7000000;agropecuaria
femenino;industria;bares;cordoba;2;80.0;18/05/2017;6894000;agropecuaria
masculino;servicio;fabrica de;manrique central no. 1;1;7.0;5/02/2018;7000000;agropecuaria
masculino;servicio;tienda;buenos aires;1;7.0;16/05/2018;6000000;agropecuaria
femenino;industria;granero;belalcazar;2;9.0;21/06/2016;1200000;agropecuaria
masculino;servicio;tienda;buenos aires;1;10.0;10/05/2018;6000000;agropecuaria
masculino;servicio;tienda;aranjuez;1;10.0;2/08/2018;6000000;agropecuaria
masculino;servicio;comidas rapidas;santa cruz;1;13.0;21/11/2017;4000000;agropecuaria
femenino;industria;productos de belleza;la francia;2;16.0;16/09/2016;1500000;agropecuaria
femenino;comercio;restaurante;villa hermosa;3;2.0;7/10/2016;7377000;agropecuaria
masculino;servicio;comidas rapidas;santo domingo savio;1;13.0;5/04/2018;3000000;agropecuaria
masculino;servicio;variedades;enciso;1;1.0;15/11/2017;5000000;agropecuaria
femenino;comercio;distribuidora de;pedregal;3;3.0;8/06/2016;2000000;agropecuaria
masculino;servicio;variedades;cabecera san cristobal;1;1.0;22/02/2018;5000000;agropecuaria
masculino;servicio;tienda;belen;1;7.0;2/05/2018;7000000;agropecuaria
masculino;servicio;comidas rapidas;cabecera san antonio;3;8.0;28/03/2017;3000000;agropecuaria
femenino;industria;carpinteria;san diego;2;9.0;29/12/2017;5500000;agropecuaria
masculino;comercio;almacen de ropa en;barrio caicedo;3;8.0;5/09/2016;6890000;agropecuaria
masculino;servicio;variedades;castilla;1;1.0;17/03/2017;5000000;agropecuaria
femenino;industria;cerrajeria;san javier no.2;2;80.0;3/12/2018;6900000;agropecuaria
masculino;servicio;variedades;castilla;1;1.0;5/09/2017;5000000;agropecuaria
masculino;servicio;tienda;popular;1;10.0;29/03/2017;5000000;agropecuaria
masculino;servicio;tienda;cabecera san cristobal;1;1.0;31/05/2017;5000000;agropecuaria
masculino;servicio;fabrica de;san javier no.1;1;7.0;9/04/2018;7000000;agropecuaria
masculino;servicio;comidas rapidas;manrique central no. 2;1;13.0;6/11/2018;4000000;agropecuaria
masculino;servicio;variedades;manrique central no. 2;1;13.0;16/11/2017;4000000;agropecuaria
femenino;comercio;restaurante;moravia;3;2.0;8/06/2017;7300000;agropecuaria
femenino;comercio;fabrica de calzado;granizal;3;6.0;21/07/2017;7370000;agropecuaria
masculino;servicio;variedades;cabecera san cristobal;1;1.0;7/04/2017;5000000;agropecuaria
femenino;industria;productos de belleza;san pablo;2;16.0;5/04/2019;1500000;agropecuaria
femenino;comercio;distribuidora de;pedregal;3;3.0;28/02/2017;2000000;agropecuaria
masculino;servicio;variedades;enciso;1;1.0;17/11/2017;4000000;agropecuaria
masculino;comercio;peluqueria;doce de octubre no.1;3;5.0;26/05/2016;6890000;agropecuaria
masculino;servicio;variedades;manrique central no. 2;1;13.0;27/02/2018;4000000;agropecuaria
masculino;servicio;fabrica de;manrique central no. 1;1;7.0;16/07/2018;7000000;agropecuaria
femenino;comercio;distribuidora de;pedregal;3;3.0;25/01/2017;2000000;agropecuaria
masculino;servicio;tienda;cabecera san cristobal;1;1.0;31/05/2017;5000000;agropecuaria
masculino;servicio;fabrica de;robledo;1;4.0;10/07/2018;7800000;agropecuaria
femenino;industria;fabrica de alimentos;picacho;3;6.0;14/12/2016;6800000;agropecuaria
femenino;industria;carniceria;aguas frias;2;12.0;18/01/2016;5600000;agropecuaria
masculino;servicio;tienda;belen;1;7.0;3/04/2018;7000000;agropecuaria
femenino;comercio;papeleria;aranjuezcito;3;3.0;24/11/2017;2000000;agropecuaria
masculino;comercio;peluqueria;la milagrosa;3;5.0;5/12/2017;7300000;agropecuaria
masculino;servicio;fabrica de;robledo;1;4.0;1/08/2018;7800000;agropecuaria
femenino;industria;cafe e internet;boston;3;6.0;21/01/2019;3500000;agropecuaria
masculino;servicio;tienda;aranjuez;1;10.0;12/02/2018;6000000;agropecuaria
femenino;industria;panaderia;calasanz;3;6.0;6/12/2017;1000000;agropecuaria
masculino;servicio;tienda;buenos aires;1;7.0;13/12/2016;6000000;agropecuaria
masculino;servicio;tienda;popular;1;10.0;12/03/2018;6000000;agropecuaria
femenino;comercio;distribuidora de;andalucia;3;3.0;23/02/2018;2000000;agropecuaria
femenino;industria;fabrica de alimentos;picacho;3;6.0;6/09/2016;6800000;agropecuaria
masculino;servicio;fabrica de;robledo;1;4.0;13/02/2018;7800000;agropecuaria
femenino;comercio;mantenimiento en;el salvador;3;2.0;18/12/2017;7377000;agropecuaria
femenino;comercio;barberia;20 de julio;3;3.0;13/12/2018;2000000;agropecuaria
femenino;comercio;barberia;20 de julio;3;3.0;22/02/2019;7370000;agropecuaria
masculino;servicio;tienda;popular;1;10.0;10/09/2018;6000000;agropecuaria
masculino;servicio;fabrica de;robledo;1;4.0;6/03/2018;7800000;agropecuaria
masculino;servicio;fabrica de;robledo;1;4.0;18/10/2018;7800000;agropecuaria
masculino;servicio;tienda;popular;1;10.0;26/09/2017;5000000;agropecuaria
masculino;servicio;tienda;san javier no.1;1;7.0;5/09/2018;7000000;agropecuaria
femenino;industria;recreativo educativo;alfonso lopez;2;16.0;25/10/2016;4500000;agropecuaria
masculino;comercio;peluqueria;doce de octubre no.1;3;5.0;3/08/2018;7300000;agropecuaria
masculino;comercio;peluqueria;doce de octubre no.1;3;5.0;29/08/2017;7300000;agropecuaria
masculino;comercio;peluqueria;la milagrosa;3;5.0;29/04/2019;7300000;agropecuaria
masculino;comercio;almacen de ropa en;barrio caicedo;3;8.0;6/10/2016;6890000;agropecuaria
femenino;industria;cafeteria;juan xxiii la quiebra;2;16.0;30/11/2017;4500000;agropecuaria
masculino;comercio;almacen de ropa en;manrique oriental;3;5.0;5/06/2017;6890000;agropecuaria
masculino;servicio;variedades;enciso;1;1.0;24/04/2018;5000000;agropecuaria
masculino;servicio;fabrica de;manrique central no. 1;1;4.0;13/07/2017;7800000;agropecuaria
femenino;comercio;mantenimiento en;el salvador;3;2.0;18/12/2017;7377000;agropecuaria
femenino;industria;sembrados;prado;2;9.0;10/08/2016;8281000;agropecuaria
masculino;comercio;peluqueria;manrique oriental;3;5.0;17/02/2017;6890000;agropecuaria
masculino;servicio;fabrica de;robledo;1;4.0;11/05/2018;7800000;agropecuaria
masculino;servicio;variedades;cabecera san cristobal;1;1.0;7/04/2017;5000000;agropecuaria
masculino;servicio;fabrica de;manrique central no. 1;1;4.0;29/08/2018;7800000;agropecuaria
masculino;servicio;fabrica de;robledo;1;4.0;11/10/2018;7800000;agropecuaria
femenino;agropecuaria;venta de lacteos;moscu no. 1;2;90.0;30/08/2018;23510000;empresarial ed.
masculino;servicio;almacen de ropa en;campo valdes no. 1;3;8.0;29/01/2018;3000000;agropecuaria
masculino;servicio;comidas rapidas;santo domingo savio;3;13.0;19/10/2017;3000000;agropecuaria
masculino;servicio;tienda;aranjuez;1;10.0;21/06/2018;6000000;agropecuaria
femenino;industria;granero;palmitas;2;9.0;16/06/2016;1200000;agropecuaria
masculino;servicio;comidas rapidas;santo domingo savio;1;13.0;14/08/2018;4000000;agropecuaria
masculino;comercio;almacen de ropa en;barrio caicedo;3;5.0;26/11/2018;6890000;agropecuaria
femenino;industria;fabrica de alimentos;santander;3;6.0;25/01/2019;1000000;agropecuaria
femenino;industria;productos de belleza;san pablo;2;16.0;27/05/2016;1500000;agropecuaria
femenino;industria;cafeteria;juan xxiii la quiebra;2;16.0;30/11/2017;4500000;agropecuaria
femenino;comercio;barberia;20 de julio;3;3.0;24/04/2019;2000000;agropecuaria
femenino;industria;fotografia;la candelaria;2;9.0;2/02/2017;4400000;agropecuaria
femenino;industria;charcuteria;francisco antonio zea;2;60.0;10/02/2017;8200000;agropecuaria
masculino;servicio;almacen de ropa en;campo valdes no. 1;3;8.0;1/11/2018;3000000;agropecuaria
masculino;servicio;tienda;belen;1;7.0;24/07/2017;7000000;agropecuaria
femenino;industria;fabrica de productos;sucre;2;80.0;9/03/2016;10000000;agropecuaria
masculino;servicio;fabrica de;robledo;1;4.0;18/10/2018;7800000;agropecuaria
masculino;servicio;tienda;popular;1;10.0;10/09/2018;6000000;agropecuaria
masculino;servicio;variedades;manrique central no. 2;1;13.0;3/05/2018;4000000;agropecuaria
femenino;industria;productos de belleza;san pablo;2;16.0;27/05/2016;1500000;agropecuaria
masculino;servicio;comidas rapidas;cabecera san antonio;3;8.0;16/01/2018;3000000;agropecuaria
masculino;servicio;tienda;belen;1;7.0;7/06/2018;7000000;agropecuaria
femenino;industria;recreativo educativo;altavista;2;16.0;7/07/2016;2500000;agropecuaria
masculino;servicio;variedades;cabecera san cristobal;1;1.0;22/02/2018;5000000;agropecuaria
masculino;servicio;fabrica de;manrique central no. 1;1;4.0;16/04/2018;7800000;agropecuaria
masculino;servicio;comidas rapidas;santo domingo savio;3;8.0;15/01/2019;3000000;agropecuaria
masculino;servicio;variedades;castilla;1;1.0;6/06/2018;5000000;agropecuaria
masculino;servicio;fabrica de;manrique central no. 1;1;4.0;15/02/2018;7000000;agropecuaria
masculino;servicio;tienda;popular;1;10.0;30/05/2018;6000000;agropecuaria
masculino;servicio;fabrica de;robledo;1;4.0;7/11/2017;7800000;agropecuaria
masculino;servicio;fabrica de;manrique central no. 1;1;7.0;14/11/2018;7000000;agropecuaria
femenino;comercio;distribuidora de;andalucia;3;3.0;29/03/2016;2000000;agropecuaria
femenino;industria;charcuteria;loreto;2;60.0;22/04/2016;8200000;agropecuaria
femenino;industria;bares;cordoba;2;80.0;18/05/2017;6894000;agropecuaria
femenino;industria;productos de belleza;san pablo;2;16.0;27/05/2016;1500000;agropecuaria
femenino;industria;panaderia;boston;3;6.0;13/06/2018;3500000;agropecuaria
masculino;servicio;fabrica de;san javier no.1;1;7.0;13/03/2018;7000000;agropecuaria
masculino;servicio;fabrica de;san javier no.1;1;7.0;29/10/2018;7000000;agropecuaria
masculino;servicio;tienda;popular;1;10.0;27/09/2017;5000000;agropecuaria
femenino;industria;criadero de animales;villa niza;2;60.0;28/09/2016;8000000;agropecuaria
femenino;industria;productos de belleza;san pablo;2;16.0;7/06/2017;1500000;agropecuaria
masculino;servicio;comidas rapidas;cabecera san antonio;3;8.0;16/01/2018;3000000;agropecuaria
masculino;comercio;almacen de ropa en;barrio caicedo;3;8.0;19/01/2017;6890000;agropecuaria
femenino;industria;cafeteria;alfonso lopez;2;16.0;25/10/2016;4500000;agropecuaria
femenino;comercio;barberia;20 de julio;3;3.0;11/02/2019;2000000;agropecuaria
masculino;servicio;fabrica de;robledo;1;4.0;6/02/2018;7800000;agropecuaria
femenino;comercio;papeleria;aranjuezcito;3;3.0;5/10/2017;2000000;agropecuaria
masculino;servicio;almacen de ropa en;campo valdes no. 1;3;8.0;29/06/2017;3000000;agropecuaria
masculino;servicio;tienda;buenos aires;1;7.0;1/03/2018;6000000;agropecuaria
femenino;industria;variedades de helados;girardot;2;60.0;6/04/2017;8200000;agropecuaria
femenino;industria;productos de belleza;carpinelo;2;16.0;13/12/2017;1500000;agropecuaria
masculino;comercio;peluqueria;manrique oriental;3;5.0;5/07/2017;6890000;agropecuaria
femenino;comercio;papeleria;aranjuezcito;3;3.0;22/12/2017;2000000;agropecuaria
femenino;comercio;distribuidora de;pedregal;3;3.0;8/11/2018;2000000;agropecuaria
femenino;comercio;barberia;villatina;3;3.0;22/02/2019;7370000;agropecuaria
femenino;comercio;barberia;20 de julio;3;3.0;13/12/2018;2000000;agropecuaria
masculino;servicio;tienda;popular;1;10.0;29/03/2017;5000000;agropecuaria
masculino;servicio;comidas rapidas;cabecera san antonio;3;8.0;7/03/2017;3000000;agropecuaria
masculino;servicio;tienda;aranjuez;1;10.0;17/07/2017;6000000;agropecuaria
femenino;industria;productos de belleza;la francia;2;16.0;25/07/2016;1500000;agropecuaria
masculino;servicio;tienda;buenos aires;1;7.0;1/03/2018;6000000;agropecuaria
femenino;industria;taller de mecanica;picachito;2;60.0;27/10/2016;6500000;agropecuaria
masculino;comercio;peluqueria;doce de octubre no.1;3;5.0;29/08/2017;7300000;agropecuaria
masculino;servicio;fabrica de;robledo;1;4.0;6/03/2018;7800000;agropecuaria
femenino;industria;cafeteria;llanaditas;2;16.0;10/05/2016;4500000;agropecuaria
masculino;comercio;peluqueria;moravia;3;2.0;16/12/2016;7300000;agropecuaria
masculino;servicio;variedades;enciso;1;1.0;20/09/2017;5000000;agropecuaria
femenino;industria;productos de belleza;san pablo;2;16.0;7/06/2017;1500000;agropecuaria
masculino;servicio;fabrica de;san javier no.1;1;7.0;7/05/2018;7000000;agropecuaria
femenino;industria;legumbreria;trinidad;2;16.0;18/06/2019;2500000;agropecuaria
femenino;industria;fabrica de alimentos;picacho;3;6.0;23/09/2016;6800000;agropecuaria
masculino;servicio;tienda;aranjuez;1;10.0;15/03/2018;6000000;agropecuaria
masculino;servicio;tienda;buenos aires;1;7.0;16/05/2018;6000000;agropecuaria
masculino;servicio;fabrica de;robledo;1;4.0;26/10/2018;7800000;agropecuaria
femenino;comercio;mantenimiento en;andalucia;3;2.0;22/08/2016;7377000;agropecuaria
femenino;industria;carniceria;aguas frias;2;12.0;18/01/2016;5600000;agropecuaria
masculino;servicio;fabrica de;san javier no.1;1;7.0;9/05/2018;7000000;agropecuaria
femenino;industria;fabrica de repuestos;las violetas;2;15.0;2/04/2019;6600000;agropecuaria
masculino;comercio;peluqueria;moravia;3;2.0;4/11/2016;7300000;agropecuaria
masculino;servicio;tienda;aranjuez;1;10.0;21/06/2018;6000000;agropecuaria
masculino;servicio;comidas rapidas;cabecera san antonio;3;8.0;7/03/2017;3000000;agropecuaria
masculino;comercio;peluqueria;la milagrosa;3;5.0;24/08/2018;7300000;agropecuaria
femenino;comercio;distribuidora de;pedregal;3;3.0;23/08/2016;2000000;agropecuaria
masculino;servicio;almacen de ropa en;campo valdes no. 1;3;8.0;6/02/2017;3000000;agropecuaria
femenino;comercio;papeleria;aranjuezcito;3;3.0;4/10/2016;2000000;agropecuaria
masculino;servicio;fabrica de;san javier no.1;1;7.0;22/09/2017;7000000;agropecuaria
masculino;servicio;comidas rapidas;campo valdes no. 1;3;8.0;14/02/2017;3000000;agropecuaria
masculino;servicio;tienda;belen;1;7.0;31/05/2018;7000000;agropecuaria
masculino;comercio;peluqueria;manrique oriental;3;5.0;12/05/2017;6890000;agropecuaria
masculino;servicio;variedades;enciso;1;1.0;6/09/2017;5000000;agropecuaria
masculino;servicio;variedades;cabecera san cristobal;1;1.0;21/05/2018;5000000;agropecuaria
femenino;industria;fabrica de alimentos;calasanz;3;6.0;11/04/2016;1000000;agropecuaria
masculino;servicio;tienda;san javier no.1;1;7.0;20/06/2017;7000000;agropecuaria
femenino;comercio;mantenimiento en;guayabal;3;2.0;9/10/2017;7377000;agropecuaria
masculino;servicio;fabrica de;robledo;1;4.0;26/10/2018;7800000;agropecuaria
masculino;servicio;fabrica de;manrique central no. 1;1;4.0;9/07/2018;7000000;agropecuaria
femenino;comercio;mantenimiento en;guayabal;3;2.0;7/07/2017;7377000;agropecuaria
masculino;servicio;fabrica de;robledo;1;4.0;22/05/2018;7800000;agropecuaria
masculino;servicio;tienda;aranjuez;1;10.0;17/07/2017;6000000;agropecuaria
masculino;servicio;comidas rapidas;santa cruz;1;13.0;13/02/2019;4000000;agropecuaria
masculino;comercio;almacen de ropa en;manrique oriental;3;5.0;5/06/2017;6890000;agropecuaria
masculino;servicio;comidas rapidas;santo domingo savio;3;8.0;21/03/2018;3000000;agropecuaria
masculino;comercio;almacen de ropa en;barrio caicedo;3;8.0;25/07/2017;6890000;agropecuaria
femenino;industria;taller de mecanica;boyaca;2;60.0;19/06/2019;8000000;agropecuaria
masculino;comercio;peluqueria;manrique oriental;3;5.0;15/05/2018;6890000;agropecuaria
masculino;comercio;almacen de ropa en;barrio caicedo;3;8.0;2/06/2017;6890000;agropecuaria
masculino;servicio;tienda;buenos aires;1;10.0;9/02/2018;6000000;agropecuaria
masculino;servicio;almacen de ropa en;campo valdes no. 1;3;8.0;17/08/2017;3000000;agropecuaria
masculino;comercio;peluqueria;doce de octubre no.1;3;5.0;5/08/2016;6890000;agropecuaria
masculino;servicio;variedades;enciso;1;1.0;18/05/2018;5000000;agropecuaria
masculino;comercio;almacen de ropa en;barrio caicedo;3;8.0;2/06/2017;6890000;agropecuaria
masculino;servicio;variedades;castilla;1;1.0;30/04/2018;5000000;agropecuaria
masculino;servicio;fabrica de;robledo;1;4.0;22/06/2018;7800000;agropecuaria
masculino;comercio;peluqueria;moravia;3;2.0;5/05/2017;7300000;agropecuaria
masculino;servicio;fabrica de;san javier no.1;1;7.0;29/05/2018;7000000;agropecuaria
masculino;servicio;tienda;popular;1;10.0;8/05/2017;6000000;agropecuaria
masculino;comercio;peluqueria;doce de octubre no.1;3;5.0;29/08/2017;7300000;agropecuaria
masculino;comercio;almacen de ropa en;barrio caicedo;3;8.0;25/07/2017;6890000;agropecuaria
femenino;industria;legumbreria;trinidad;2;16.0;31/03/2017;2500000;agropecuaria
masculino;servicio;fabrica de;manrique central no. 1;1;4.0;13/07/2017;7800000;agropecuaria
masculino;servicio;variedades;enciso;1;13.0;16/03/2018;4000000;agropecuaria
masculino;servicio;variedades;cabecera san cristobal;1;1.0;27/07/2018;5000000;agropecuaria
masculino;servicio;tienda;aranjuez;1;10.0;27/03/2017;6000000;agropecuaria
femenino;industria;panaderia;boston;3;6.0;15/11/2016;3500000;agropecuaria
femenino;comercio;restaurante;moravia;3;2.0;24/05/2017;7300000;agropecuaria
femenino;industria;taller de mecanica;picachito;2;60.0;12/05/2016;8000000;agropecuaria
masculino;servicio;tienda;belen;1;7.0;13/09/2017;7000000;agropecuaria
masculino;servicio;comidas rapidas;santo domingo savio;3;8.0;15/01/2019;3000000;agropecuaria
femenino;comercio;mantenimiento en;el salvador;3;2.0;18/12/2017;7377000;agropecuaria
masculino;servicio;almacen de ropa en;campo valdes no. 1;3;8.0;21/04/2016;6890000;agropecuaria
femenino;industria;cafeteria;juan xxiii la quiebra;2;16.0;15/09/2016;1500000;agropecuaria
masculino;servicio;tienda;buenos aires;1;10.0;12/07/2018;6000000;agropecuaria
femenino;industria;cafe e internet;carpinelo;2;6.0;23/08/2017;3500000;agropecuaria
femenino;industria;fabrica de alimentos;santander;3;6.0;4/01/2019;1000000;agropecuaria
masculino;servicio;almacen de ropa en;campo valdes no. 1;3;8.0;4/09/2017;3000000;agropecuaria
masculino;comercio;peluqueria;doce de octubre no.1;3;5.0;24/07/2018;7300000;agropecuaria
masculino;servicio;variedades;cabecera san cristobal;1;1.0;26/02/2018;5000000;agropecuaria
masculino;servicio;tienda;belen;1;7.0;8/06/2018;7000000;agropecuaria
masculino;servicio;fabrica de;san javier no.1;1;7.0;7/02/2018;7000000;agropecuaria
femenino;industria;fabrica de muebles;bombona no. 1;2;12.0;6/03/2019;8281160;agropecuaria
masculino;servicio;variedades;enciso;1;13.0;9/11/2017;4000000;agropecuaria
femenino;industria;fabrica de productos;miranda;2;80.0;22/06/2016;1800000;agropecuaria
masculino;servicio;fabrica de;manrique central no. 1;1;4.0;25/07/2018;7800000;agropecuaria
femenino;comercio;mantenimiento en;guayabal;3;2.0;1/03/2017;7377000;agropecuaria
femenino;industria;fabrica de productos;sucre;2;80.0;19/06/2018;10000000;agropecuaria
femenino;comercio;restaurante;el salvador;3;2.0;31/01/2017;7377000;agropecuaria
femenino;industria;cafe e internet;boston;2;6.0;11/09/2017;3500000;agropecuaria
femenino;industria;fabrica de alimentos;picacho;3;6.0;15/03/2017;6800000;agropecuaria
masculino;servicio;tienda;popular;1;10.0;30/05/2018;6000000;agropecuaria
femenino;industria;panaderia;calasanz;3;6.0;30/12/2016;1000000;agropecuaria
masculino;servicio;comidas rapidas;santa cruz;1;13.0;19/01/2018;4000000;agropecuaria
masculino;comercio;peluqueria;la milagrosa;3;5.0;15/08/2017;7300000;agropecuaria
masculino;servicio;comidas rapidas;santo domingo savio;1;13.0;25/10/2017;4000000;agropecuaria
femenino;agropecuaria;fabrica de juegos;barrio colon;2;70.0;12/01/2018;1150000;microempresarial
femenino;agropecuaria;mensajeria;barrio cristobal;2;90.0;11/03/2016;43435244;microempresarial
femenino;comercio;papeleria;aranjuezcito;3;3.0;27/10/2017;2000000;agropecuaria
masculino;servicio;fabrica de;san javier no.1;1;7.0;9/05/2018;7000000;agropecuaria
femenino;industria;criadero de animales;boyaca;2;60.0;10/03/2017;8000000;agropecuaria
masculino;servicio;variedades;cabecera san cristobal;1;1.0;31/01/2018;5000000;agropecuaria
masculino;servicio;fabrica de;robledo;1;4.0;3/10/2018;7800000;agropecuaria
masculino;servicio;tienda;popular;1;10.0;31/10/2017;6000000;agropecuaria
masculino;servicio;fabrica de;robledo;1;4.0;24/10/2017;7800000;agropecuaria
masculino;servicio;fabrica de;robledo;1;4.0;22/06/2018;7800000;agropecuaria
masculino;servicio;comidas rapidas;santo domingo savio;1;13.0;12/07/2016;3000000;agropecuaria
femenino;comercio;mantenimiento en;andalucia;3;2.0;3/10/2017;7377000;agropecuaria
masculino;comercio;almacen de ropa en;barrio caicedo;3;8.0;29/11/2016;6890000;agropecuaria
femenino;industria;cerrajeria;san javier no.2;2;80.0;17/06/2016;6900000;agropecuaria
masculino;comercio;almacen de ropa en;manrique oriental;3;5.0;24/10/2016;6890000;agropecuaria
femenino;comercio;restaurante;villa hermosa;3;2.0;31/01/2017;7377000;agropecuaria
masculino;servicio;tienda;belen;1;7.0;31/05/2018;7000000;agropecuaria
masculino;servicio;comidas rapidas;cabecera san antonio;3;8.0;16/01/2018;3000000;agropecuaria
masculino;servicio;comidas rapidas;cabecera san antonio;3;8.0;20/02/2017;3000000;agropecuaria
femenino;comercio;mantenimiento en;andalucia;3;2.0;26/08/2016;7377000;agropecuaria
masculino;servicio;tienda;belen;1;7.0;26/04/2018;7000000;agropecuaria
femenino;comercio;mantenimiento en;guayabal;3;2.0;5/04/2016;7377000;agropecuaria
femenino;industria;fabrica de alimentos;santander;3;6.0;4/01/2019;1000000;agropecuaria
masculino;servicio;fabrica de;robledo;1;4.0;23/05/2018;7800000;agropecuaria
masculino;servicio;almacen de ropa en;campo valdes no. 1;3;8.0;18/04/2018;3000000;agropecuaria
masculino;servicio;variedades;castilla;1;1.0;8/11/2017;5000000;agropecuaria
masculino;comercio;peluqueria;manrique oriental;3;5.0;17/02/2017;6890000;agropecuaria
masculino;servicio;variedades;enciso;1;1.0;20/09/2017;5000000;agropecuaria
masculino;servicio;variedades;manrique central no. 2;1;13.0;27/02/2018;4000000;agropecuaria
masculino;servicio;fabrica de;robledo;1;4.0;5/07/2018;7800000;agropecuaria
masculino;servicio;fabrica de;san javier no.1;1;7.0;13/03/2018;7000000;agropecuaria
femenino;industria;taller de mecanica;boyaca;2;60.0;27/02/2019;8000000;agropecuaria
masculino;servicio;variedades;cabecera san cristobal;1;1.0;30/06/2017;5000000;agropecuaria
masculino;servicio;fabrica de;san javier no.1;1;7.0;7/02/2018;7000000;agropecuaria
femenino;industria;cafeteria;llanaditas;2;16.0;10/05/2016;4500000;agropecuaria
masculino;servicio;fabrica de;robledo;1;4.0;25/05/2018;7800000;agropecuaria
femenino;comercio;miscelanea;granizal;3;6.0;2/05/2017;7370000;agropecuaria
masculino;servicio;variedades;enciso;1;13.0;6/10/2017;4000000;agropecuaria
masculino;servicio;tienda;aranjuez;1;10.0;19/05/2017;6000000;agropecuaria
masculino;servicio;variedades;manrique central no. 2;1;13.0;16/11/2017;4000000;agropecuaria
masculino;comercio;peluqueria;la milagrosa;3;5.0;5/12/2017;7300000;agropecuaria
femenino;industria;cafeteria;llanaditas;2;16.0;7/09/2016;4500000;agropecuaria
femenino;industria;fabrica de helados;lopez de mesa;2;9.0;11/05/2016;5500000;agropecuaria
masculino;servicio;variedades;cabecera san cristobal;1;1.0;10/08/2018;5000000;agropecuaria
femenino;industria;criadero de animales;villa niza;2;60.0;28/09/2016;8000000;agropecuaria
femenino;industria;ferreteria;santa lucia;2;60.0;23/02/2016;7500000;agropecuaria
masculino;servicio;tienda;belen;1;7.0;19/04/2018;7000000;agropecuaria
masculino;servicio;variedades;enciso;1;13.0;9/11/2017;4000000;agropecuaria
masculino;servicio;variedades;cabecera san cristobal;1;1.0;7/04/2017;5000000;agropecuaria
masculino;servicio;tienda;popular;1;10.0;19/09/2017;5000000;agropecuaria
femenino;comercio;papeleria;aranjuezcito;3;3.0;24/11/2017;2000000;agropecuaria
femenino;industria;fabrica de alimentos;calasanz;3;6.0;17/01/2017;1000000;agropecuaria
femenino;industria;criadero de animales;villa del socorro;2;16.0;16/08/2017;8000000;agropecuaria
femenino;industria;panaderia;boston;3;6.0;3/06/2016;3500000;agropecuaria
masculino;servicio;comidas rapidas;santo domingo savio;1;13.0;5/04/2018;3000000;agropecuaria
femenino;industria;legumbreria;villa del socorro;2;16.0;3/08/2016;2500000;agropecuaria
masculino;servicio;tienda;belen;1;7.0;9/05/2017;7000000;agropecuaria
masculino;servicio;tienda;buenos aires;1;10.0;10/05/2018;6000000;agropecuaria
masculino;servicio;fabrica de;robledo;1;4.0;21/02/2018;7800000;agropecuaria
masculino;servicio;variedades;castilla;1;1.0;6/12/2018;5000000;agropecuaria
femenino;industria;fabrica de colchones;el salado;2;15.0;2018/04/3;7347000;agropecuaria
masculino;servicio;fabrica de;manrique central no. 1;1;4.0;4/05/2018;7000000;agropecuaria
masculino;servicio;comidas rapidas;santo domingo savio;1;13.0;24/05/2018;3000000;agropecuaria
masculino;servicio;fabrica de;robledo;1;4.0;14/09/2018;7800000;agropecuaria
masculino;servicio;fabrica de;manrique central no. 1;1;4.0;29/08/2018;7800000;agropecuaria
masculino;servicio;variedades;castilla;1;1.0;8/11/2017;5000000;agropecuaria
masculino;comercio;peluqueria;la milagrosa;3;5.0;29/04/2019;7300000;agropecuaria
masculino;comercio;peluqueria;doce de octubre no.1;3;5.0;26/05/2016;6890000;agropecuaria
masculino;servicio;variedades;cabecera san cristobal;1;1.0;10/08/2018;5000000;agropecuaria
femenino;agropecuaria;venta de lacteos;los cerros el vergel;2;90.0;14/02/2019;43000;empresarial ed.
masculino;servicio;fabrica de;san javier no.1;1;7.0;27/04/2018;7000000;agropecuaria
femenino;industria;cafe e internet;boston;2;6.0;11/09/2017;3500000;agropecuaria
masculino;servicio;comidas rapidas;campo valdes no. 1;3;8.0;28/10/2016;3000000;agropecuaria
masculino;servicio;comidas rapidas;cabecera san antonio;3;8.0;27/11/2017;3000000;agropecuaria
femenino;industria;criadero de animales;villa del socorro;2;16.0;16/08/2017;8000000;agropecuaria
masculino;servicio;comidas rapidas;santo domingo savio;3;13.0;27/07/2017;3000000;agropecuaria
masculino;servicio;comidas rapidas;cabecera san antonio;3;8.0;27/11/2017;3000000;agropecuaria
femenino;industria;cerrajeria;san javier no.2;2;80.0;21/12/2018;5200000;agropecuaria
masculino;servicio;tienda;belen;1;7.0;21/03/2017;6000000;agropecuaria
masculino;comercio;peluqueria;doce de octubre no.1;3;5.0;23/01/2017;6890000;agropecuaria
masculino;servicio;comidas rapidas;santo domingo savio;3;8.0;21/03/2018;3000000;agropecuaria
masculino;servicio;tienda;popular;1;10.0;25/01/2018;6000000;agropecuaria
masculino;servicio;comidas rapidas;cabecera san antonio;3;8.0;7/04/2016;3000000;agropecuaria
femenino;comercio;mantenimiento en;andalucia;3;2.0;26/08/2016;7377000;agropecuaria
masculino;servicio;fabrica de;manrique central no. 1;1;4.0;25/07/2018;7800000;agropecuaria
masculino;servicio;variedades;enciso;1;1.0;19/04/2017;5000000;agropecuaria
femenino;comercio;mantenimiento en;andalucia;3;2.0;20/04/2017;7377000;agropecuaria
masculino;servicio;tienda;belen;1;7.0;10/04/2018;7000000;agropecuaria
femenino;comercio;barberia;villatina;3;3.0;12/10/2016;7370000;agropecuaria
femenino;industria;deposito de;alejandro echavarria;2;15.0;14/06/2019;6700000;agropecuaria
masculino;servicio;variedades;cabecera san cristobal;1;1.0;27/07/2018;5000000;agropecuaria
femenino;industria;drogueria;el compromiso;2;12.0;26/12/2016;700000;agropecuaria
masculino;servicio;comidas rapidas;santo domingo savio;3;8.0;15/01/2019;3000000;agropecuaria
masculino;servicio;comidas rapidas;cabecera san antonio;3;8.0;16/01/2018;3000000;agropecuaria
femenino;industria;venta de calzado;san jose de la cima no.;2;80.0;25/04/2016;7200000;agropecuaria
masculino;comercio;peluqueria;la milagrosa;3;5.0;3/05/2019;7300000;agropecuaria
masculino;servicio;variedades;castilla;1;1.0;12/06/2018;5000000;agropecuaria
masculino;servicio;tienda;belen;1;7.0;26/04/2018;7000000;agropecuaria
masculino;servicio;variedades;castilla;1;1.0;30/04/2018;5000000;agropecuaria
femenino;agropecuaria;billares;san bernardo;2;50.0;2018/03/6;7367000;juridica y cap.semilla
masculino;servicio;comidas rapidas;campo valdes no. 1;3;8.0;22/09/2016;3000000;agropecuaria
masculino;servicio;fabrica de;robledo;1;4.0;18/10/2018;7800000;agropecuaria
masculino;servicio;comidas rapidas;santo domingo savio;1;13.0;12/07/2016;3000000;agropecuaria
masculino;servicio;fabrica de;san javier no.1;1;7.0;7/02/2018;7000000;agropecuaria
masculino;servicio;tienda;aranjuez;1;10.0;20/03/2018;6000000;agropecuaria
masculino;servicio;variedades;castilla;1;1.0;17/03/2017;5000000;agropecuaria
femenino;industria;legumbreria;las palmas;2;16.0;8/07/2016;2500000;agropecuaria
masculino;servicio;tienda;popular;1;10.0;27/09/2017;5000000;agropecuaria
masculino;servicio;tienda;buenos aires;1;7.0;13/12/2016;6000000;agropecuaria
masculino;servicio;comidas rapidas;cabecera san antonio;3;8.0;29/09/2017;3000000;agropecuaria
masculino;servicio;tienda;buenos aires;1;10.0;13/06/2017;6000000;agropecuaria
masculino;servicio;tienda;popular;1;10.0;10/09/2018;6000000;agropecuaria
masculino;servicio;tienda;popular;1;10.0;19/09/2017;5000000;agropecuaria
femenino;comercio;barberia;20 de julio;3;3.0;8/09/2017;2000000;agropecuaria
masculino;servicio;tienda;popular;1;10.0;20/04/2018;6000000;agropecuaria
femenino;comercio;restaurante;el salvador;3;2.0;27/02/2017;7377000;agropecuaria
femenino;industria;panaderia;calasanz;3;6.0;30/12/2016;1000000;agropecuaria
masculino;servicio;tienda;popular;1;10.0;12/03/2018;6000000;agropecuaria
masculino;servicio;comidas rapidas;santo domingo savio;3;8.0;23/11/2017;3000000;agropecuaria
masculino;servicio;variedades;enciso;1;1.0;26/01/2018;5000000;agropecuaria
masculino;servicio;fabrica de;san javier no.1;1;7.0;29/05/2018;7000000;agropecuaria
masculino;servicio;comidas rapidas;manrique central no. 2;1;13.0;5/03/2018;4000000;agropecuaria
masculino;servicio;tienda;cabecera san cristobal;1;1.0;11/10/2016;5000000;agropecuaria
masculino;servicio;tienda;cabecera san cristobal;1;1.0;17/04/2018;5000000;agropecuaria
masculino;servicio;almacen de ropa en;campo valdes no. 1;3;8.0;29/01/2018;3000000;agropecuaria
masculino;servicio;tienda;belen;1;7.0;13/09/2017;7000000;agropecuaria
masculino;servicio;comidas rapidas;santa cruz;1;13.0;28/11/2017;4000000;agropecuaria
masculino;comercio;peluqueria;moravia;3;2.0;20/10/2017;7300000;agropecuaria
masculino;comercio;almacen de ropa en;barrio caicedo;3;8.0;9/11/2018;6890000;agropecuaria
masculino;comercio;almacen de ropa en;manrique oriental;3;5.0;9/02/2017;6890000;agropecuaria
femenino;industria;fabrica de alimentos;calasanz;3;6.0;17/01/2017;1000000;agropecuaria
masculino;servicio;fabrica de;robledo;1;4.0;13/02/2018;7800000;agropecuaria
masculino;servicio;tienda;aranjuez;1;10.0;19/05/2017;6000000;agropecuaria
femenino;industria;variedades de helados;pablo vi;2;60.0;15/02/2019;6500000;agropecuaria
masculino;servicio;variedades;manrique central no. 2;1;13.0;27/02/2018;4000000;agropecuaria
femenino;industria;cerrajeria;san javier no.2;2;80.0;24/06/2016;5200000;agropecuaria
masculino;servicio;comidas rapidas;cabecera san antonio;3;8.0;20/02/2017;3000000;agropecuaria
masculino;servicio;variedades;manrique central no. 2;1;13.0;6/08/2018;4000000;agropecuaria
masculino;comercio;almacen de ropa en;barrio caicedo;3;5.0;23/08/2018;6890000;agropecuaria
masculino;servicio;tienda;san javier no.1;1;7.0;20/06/2017;7000000;agropecuaria
femenino;comercio;restaurante;el salvador;3;2.0;27/02/2017;7377000;agropecuaria
femenino;comercio;papeleria;la floresta;3;3.0;8/04/2019;2000000;agropecuaria
masculino;servicio;tienda;aranjuez;1;10.0;18/06/2018;6000000;agropecuaria
masculino;servicio;tienda;san javier no.1;1;7.0;20/06/2017;7000000;agropecuaria
femenino;industria;fabrica de productos;la sierra;2;80.0;22/06/2016;1800000;agropecuaria
masculino;servicio;variedades;manrique central no. 2;1;13.0;13/10/2017;4000000;agropecuaria
masculino;servicio;tienda;aranjuez;1;10.0;17/07/2017;6000000;agropecuaria
femenino;industria;productos de belleza;san pablo;2;16.0;14/12/2018;1500000;agropecuaria
femenino;industria;productos de belleza;san pablo;2;16.0;8/05/2019;1500000;agropecuaria
masculino;servicio;fabrica de;robledo;1;4.0;21/02/2018;7800000;agropecuaria
masculino;servicio;fabrica de;san javier no.1;1;7.0;9/04/2018;7000000;agropecuaria
masculino;servicio;comidas rapidas;santo domingo savio;1;13.0;24/05/2018;3000000;agropecuaria
femenino;industria;panaderia;boston;3;6.0;3/06/2016;3500000;agropecuaria
masculino;servicio;tienda;aranjuez;1;10.0;18/06/2018;6000000;agropecuaria
masculino;comercio;peluqueria;la milagrosa;3;5.0;29/04/2019;7300000;agropecuaria
femenino;industria;criadero de animales;villa del socorro;2;16.0;16/08/2017;8000000;agropecuaria
femenino;comercio;miscelanea;villatina;3;3.0;28/09/2017;7370000;agropecuaria
masculino;comercio;almacen de ropa en;barrio caicedo;3;8.0;5/04/2017;6890000;agropecuaria
femenino;industria;fabrica de calzado;picacho;3;6.0;15/03/2017;6800000;agropecuaria
femenino;agropecuaria;floristeria;la loma oriental;2;90.0;2017/08/23;236824;microempresarial
masculino;servicio;fabrica de;robledo;1;4.0;23/05/2018;7800000;agropecuaria
masculino;servicio;tienda;aranjuez;1;10.0;27/03/2017;6000000;agropecuaria
femenino;comercio;papeleria;aranjuezcito;3;3.0;5/10/2017;2000000;agropecuaria
masculino;servicio;fabrica de;manrique central no. 1;1;4.0;16/04/2018;7800000;agropecuaria
femenino;industria;fabrica de muebles;versalles no. 1;2;12.0;23/05/2019;68900000;agropecuaria
masculino;servicio;tienda;buenos aires;1;10.0;14/06/2018;6000000;agropecuaria
masculino;servicio;almacen de ropa en;campo valdes no. 1;3;8.0;18/08/2017;3000000;agropecuaria
masculino;comercio;peluqueria;la milagrosa;3;5.0;26/09/2016;7300000;agropecuaria
masculino;servicio;fabrica de;robledo;1;4.0;11/05/2018;7800000;agropecuaria
femenino;comercio;restaurante;villa hermosa;3;2.0;7/09/2017;7300000;agropecuaria
femenino;industria;fabrica de alimentos;picacho;3;6.0;15/05/2017;6800000;agropecuaria
masculino;servicio;comidas rapidas;santa cruz;1;13.0;28/11/2017;4000000;agropecuaria
femenino;industria;productos de belleza;san pablo;2;16.0;5/04/2019;1500000;agropecuaria
femenino;industria;servicios;ocho de marzo;2;15.0;16/10/2018;8250000;empresarial ed.
masculino;servicio;variedades;castilla;1;1.0;6/12/2018;5000000;agropecuaria
femenino;industria;fabrica de alimentos;santander;3;6.0;18/08/2016;6800000;agropecuaria
masculino;servicio;fabrica de;robledo;1;4.0;25/04/2018;7800000;agropecuaria
femenino;industria;recreativo educativo;altavista;2;16.0;21/12/2016;2500000;agropecuaria
masculino;servicio;tienda;belen;1;7.0;31/05/2018;7000000;agropecuaria
masculino;comercio;peluqueria;la milagrosa;3;5.0;3/05/2019;7300000;agropecuaria
masculino;servicio;fabrica de;robledo;1;4.0;25/05/2018;7800000;agropecuaria
masculino;servicio;tienda;belen;1;7.0;23/05/2017;6000000;agropecuaria
masculino;comercio;almacen de ropa en;manrique oriental;3;5.0;20/10/2016;6890000;agropecuaria
femenino;comercio;mantenimiento en;guayabal;3;2.0;7/07/2017;7377000;agropecuaria
femenino;comercio;barberia;villatina;3;3.0;14/12/2017;7370000;agropecuaria
femenino;comercio;distribuidora de;pedregal;3;3.0;25/01/2017;2000000;agropecuaria
femenino;industria;publicidad y;blanquizal;2;9.0;23/11/2018;7812000;agropecuaria
masculino;servicio;tienda;aranjuez;1;10.0;30/10/2017;6000000;agropecuaria
femenino;industria;fotografia;la candelaria;2;9.0;22/11/2018;4400000;agropecuaria
masculino;comercio;peluqueria;doce de octubre no.1;3;5.0;26/05/2016;6890000;agropecuaria
masculino;servicio;tienda;aranjuez;1;10.0;30/10/2017;6000000;agropecuaria
masculino;servicio;almacen de ropa en;campo valdes no. 1;3;8.0;29/06/2017;3000000;agropecuaria
femenino;industria;carniceria;san benito;2;12.0;23/06/2016;2300000;agropecuaria
masculino;comercio;almacen de ropa en;manrique oriental;3;5.0;20/10/2016;6890000;agropecuaria
femenino;industria;panaderia;calasanz;3;6.0;17/01/2017;1000000;agropecuaria
femenino;industria;fabrica de repuestos;sevilla;2;15.0;2/04/2019;6850000;agropecuaria
masculino;servicio;variedades;castilla;1;1.0;11/04/2018;5000000;agropecuaria
masculino;comercio;almacen de ropa en;barrio caicedo;3;8.0;5/04/2017;6890000;agropecuaria
masculino;servicio;fabrica de;san javier no.1;1;7.0;29/10/2018;7000000;agropecuaria
masculino;servicio;fabrica de;robledo;1;4.0;14/03/2018;7800000;agropecuaria
femenino;comercio;distribuidora de;andalucia;3;3.0;12/09/2016;2000000;agropecuaria
masculino;comercio;peluqueria;doce de octubre no.1;3;5.0;23/01/2017;6890000;agropecuaria
masculino;servicio;comidas rapidas;manrique central no. 2;1;13.0;28/07/2017;4000000;agropecuaria
masculino;servicio;almacen de ropa en;campo valdes no. 1;3;8.0;29/06/2017;3000000;agropecuaria
masculino;servicio;fabrica de;robledo;1;4.0;24/01/2018;7800000;agropecuaria
masculino;servicio;comidas rapidas;santo domingo savio;1;13.0;14/08/2018;4000000;agropecuaria
femenino;industria;ferreteria;santa lucia;2;60.0;30/08/2016;7500000;agropecuaria
masculino;servicio;variedades;castilla;1;1.0;12/06/2018;5000000;agropecuaria
masculino;servicio;fabrica de;robledo;1;4.0;6/03/2018;7800000;agropecuaria
masculino;servicio;tienda;cabecera san cristobal;1;1.0;11/10/2016;5000000;agropecuaria
femenino;comercio;barberia;villatina;3;3.0;14/12/2017;7370000;agropecuaria
femenino;comercio;barberia;20 de julio;3;3.0;22/02/2019;7370000;agropecuaria
femenino;industria;recreativo educativo;altavista;2;16.0;7/07/2016;2500000;agropecuaria
masculino;servicio;fabrica de;san javier no.1;1;7.0;17/05/2018;7000000;agropecuaria
masculino;servicio;tienda;popular;1;10.0;8/05/2017;6000000;agropecuaria
masculino;comercio;almacen de ropa en;manrique oriental;3;5.0;14/06/2017;6890000;agropecuaria
femenino;industria;panaderia;santa elena central;3;6.0;15/03/2019;1000000;agropecuaria
masculino;servicio;fabrica de;manrique central no. 1;1;4.0;4/05/2018;7000000;agropecuaria
femenino;industria;bares;tricentenario;2;80.0;24/05/2016;30000000;agropecuaria
masculino;servicio;comidas rapidas;santa cruz;1;13.0;29/11/2017;4000000;agropecuaria
masculino;servicio;fabrica de;robledo;1;4.0;3/10/2018;7800000;agropecuaria
femenino;industria;fotografia;belalcazar;2;9.0;15/08/2018;1200000;agropecuaria
masculino;comercio;peluqueria;manrique oriental;3;5.0;1/08/2017;6890000;agropecuaria
masculino;servicio;tienda;belen;1;7.0;26/04/2018;7000000;agropecuaria
masculino;servicio;fabrica de;san javier no.1;1;7.0;27/04/2018;7000000;agropecuaria
femenino;industria;cerrajeria;tricentenario;2;80.0;24/08/2016;30000000;agropecuaria
masculino;comercio;peluqueria;la milagrosa;3;5.0;10/05/2017;7300000;agropecuaria
masculino;servicio;comidas rapidas;santo domingo savio;3;13.0;19/10/2017;3000000;agropecuaria
masculino;servicio;variedades;cabecera san cristobal;1;1.0;12/10/2017;5000000;agropecuaria
femenino;comercio;restaurante;villa hermosa;3;2.0;30/05/2017;7377000;agropecuaria
femenino;industria;panaderia;calasanz;3;6.0;30/12/2016;1000000;agropecuaria
femenino;industria;legumbreria;villa del socorro;2;16.0;3/08/2016;2500000;agropecuaria
masculino;servicio;variedades;castilla;1;1.0;28/08/2017;5000000;agropecuaria
femenino;industria;charcuteria;francisco antonio zea;2;60.0;31/05/2019;8200000;agropecuaria
masculino;servicio;fabrica de;robledo;1;4.0;24/09/2018;7800000;agropecuaria
masculino;servicio;tienda;belen;1;7.0;19/04/2018;7000000;agropecuaria
masculino;servicio;tienda;popular;1;10.0;25/01/2018;6000000;agropecuaria
masculino;servicio;comidas rapidas;santa cruz;1;13.0;6/04/2018;4000000;agropecuaria
femenino;industria;carpinteria;13 de noviembre;2;9.0;16/08/2016;8281000;agropecuaria
masculino;comercio;peluqueria;la milagrosa;3;5.0;29/04/2019;7300000;agropecuaria
masculino;servicio;fabrica de;robledo;1;4.0;10/07/2018;7800000;agropecuaria
femenino;industria;productos de belleza;la francia;2;16.0;16/09/2016;1500000;agropecuaria
femenino;industria;variedades de helados;girardot;2;60.0;10/02/2017;8200000;agropecuaria
femenino;comercio;distribuidora de;pedregal;3;3.0;28/02/2017;2000000;agropecuaria
femenino;comercio;mantenimiento en;guayabal;3;2.0;22/12/2016;7377000;agropecuaria
femenino;industria;cafeteria;juan xxiii la quiebra;2;16.0;30/11/2017;4500000;agropecuaria
masculino;servicio;tienda;popular;1;10.0;12/03/2018;6000000;agropecuaria
masculino;servicio;tienda;popular;1;10.0;23/04/2018;6000000;agropecuaria
masculino;comercio;peluqueria;moravia;3;2.0;4/11/2016;7300000;agropecuaria
masculino;servicio;tienda;aranjuez;1;10.0;18/01/2019;6000000;agropecuaria
masculino;servicio;variedades;castilla;1;1.0;12/06/2018;5000000;agropecuaria
masculino;servicio;variedades;manrique central no. 2;1;13.0;6/08/2018;4000000;agropecuaria
masculino;servicio;fabrica de;robledo;1;4.0;24/01/2018;7800000;agropecuaria
femenino;industria;fotografia;la candelaria;2;9.0;22/11/2018;4400000;agropecuaria
masculino;servicio;tienda;popular;1;10.0;11/08/2017;5000000;agropecuaria
masculino;servicio;tienda;cabecera san cristobal;1;10.0;12/07/2017;5000000;agropecuaria
femenino;industria;taller de electronica;la libertad;2;80.0;12/09/2018;20000000;agropecuaria
masculino;servicio;variedades;enciso;1;13.0;28/11/2018;4000000;agropecuaria
masculino;servicio;tienda;aranjuez;1;10.0;18/06/2018;6000000;agropecuaria
femenino;industria;fabrica de alimentos;calasanz;3;6.0;17/01/2017;1000000;agropecuaria
masculino;comercio;almacen de ropa en;barrio caicedo;3;8.0;2/08/2017;6890000;agropecuaria
femenino;industria;venta de calzado;san jose de la cima no.;2;80.0;28/12/2016;7200000;agropecuaria
masculino;servicio;fabrica de;manrique central no. 1;1;7.0;14/11/2018;7000000;agropecuaria
femenino;comercio;papeleria;aranjuezcito;3;3.0;4/10/2016;2000000;agropecuaria
masculino;servicio;fabrica de;san javier no.1;1;7.0;26/07/2017;7000000;agropecuaria
masculino;servicio;tienda;aranjuez;1;10.0;3/05/2017;6000000;agropecuaria
masculino;comercio;almacen de ropa en;barrio caicedo;3;8.0;19/01/2017;6890000;agropecuaria
masculino;servicio;variedades;enciso;1;1.0;4/07/2017;5000000;agropecuaria
masculino;servicio;variedades;cabecera san cristobal;1;1.0;19/07/2017;5000000;agropecuaria
masculino;servicio;tienda;buenos aires;1;7.0;18/04/2017;6000000;agropecuaria
masculino;servicio;comidas rapidas;manrique central no. 2;1;13.0;3/11/2016;4000000;agropecuaria
femenino;industria;fabrica de colchones;eduardo santos;2;15.0;1/03/2019;7100000;agropecuaria
masculino;servicio;fabrica de;robledo;1;4.0;6/06/2017;7800000;agropecuaria
masculino;servicio;fabrica de;manrique central no. 1;1;4.0;7/12/2016;7800000;agropecuaria
masculino;servicio;variedades;enciso;1;1.0;4/07/2017;5000000;agropecuaria
masculino;servicio;fabrica de;robledo;1;4.0;5/06/2018;7800000;agropecuaria
femenino;industria;criadero de animales;villa del socorro;2;60.0;11/11/2016;8000000;agropecuaria
masculino;servicio;fabrica de;san javier no.1;1;7.0;30/01/2018;7000000;agropecuaria
femenino;industria;fabrica de repuestos;el vergel;2;15.0;10/10/2017;3800000;agropecuaria
masculino;servicio;variedades;castilla;1;1.0;17/07/2018;5000000;agropecuaria
masculino;servicio;tienda;aranjuez;1;10.0;12/02/2018;6000000;agropecuaria
masculino;servicio;variedades;manrique central no. 2;1;13.0;27/02/2018;4000000;agropecuaria
masculino;servicio;fabrica de;manrique central no. 1;1;7.0;1/02/2018;7000000;agropecuaria
femenino;industria;ebanistaria;nuevos conquistadores;2;12.0;10/12/2018;3300000;agropecuaria
femenino;comercio;papeleria;aranjuezcito;3;3.0;4/10/2016;2000000;agropecuaria
masculino;servicio;fabrica de;robledo;1;4.0;3/10/2018;7800000;agropecuaria
masculino;servicio;variedades;manrique central no. 2;1;13.0;18/10/2017;4000000;agropecuaria
masculino;servicio;tienda;belen;1;7.0;8/06/2018;7000000;agropecuaria
femenino;industria;montallantas;las brisas;2;15.0;4/05/2016;1600000;agropecuaria
masculino;servicio;tienda;aranjuez;1;10.0;2/11/2017;6000000;agropecuaria
femenino;industria;fabrica de helados;san diego;2;9.0;27/06/2016;5500000;agropecuaria
femenino;industria;fabrica de alimentos;santander;3;6.0;27/04/2017;6800000;agropecuaria
masculino;servicio;fabrica de;robledo;1;4.0;7/11/2017;7800000;agropecuaria
masculino;comercio;almacen de ropa en;barrio caicedo;3;8.0;5/09/2016;6890000;agropecuaria
masculino;comercio;peluqueria;doce de octubre no.1;3;5.0;29/08/2017;7300000;agropecuaria
masculino;servicio;fabrica de;robledo;1;4.0;23/05/2018;7800000;agropecuaria
femenino;industria;publicidad y;el socorro;2;9.0;14/05/2019;7812000;agropecuaria
masculino;servicio;variedades;castilla;1;1.0;30/04/2018;5000000;agropecuaria
masculino;servicio;fabrica de;manrique central no. 1;1;4.0;16/04/2018;7800000;agropecuaria
masculino;servicio;fabrica de;robledo;1;4.0;6/06/2017;7800000;agropecuaria
masculino;servicio;fabrica de;manrique central no. 1;1;4.0;13/07/2017;7800000;agropecuaria
femenino;agropecuaria;viveros;los alcazares;2;90.0;2016/06/3;233925;microempresarial
masculino;comercio;peluqueria;manrique oriental;3;5.0;15/05/2018;6890000;agropecuaria
femenino;industria;recreativo educativo;altavista;2;16.0;10/10/2016;4500000;agropecuaria
masculino;servicio;comidas rapidas;santa cruz;1;13.0;6/07/2017;4000000;agropecuaria
masculino;servicio;fabrica de;robledo;1;4.0;22/05/2018;7800000;agropecuaria
masculino;servicio;tienda;cabecera san cristobal;1;10.0;12/07/2017;5000000;agropecuaria
femenino;comercio;restaurante;el salvador;3;2.0;21/09/2017;7377000;agropecuaria
femenino;industria;criadero de animales;boyaca;2;60.0;25/04/2019;8000000;agropecuaria
masculino;comercio;almacen de ropa en;manrique oriental;3;5.0;1/11/2016;6890000;agropecuaria
femenino;comercio;miscelanea;playon de los;3;3.0;2/12/2016;7370000;agropecuaria
masculino;servicio;variedades;manrique central no. 2;1;13.0;22/11/2016;4000000;agropecuaria
masculino;servicio;variedades;cabecera san cristobal;1;1.0;30/06/2017;5000000;agropecuaria
femenino;industria;panaderia;santa elena central;3;6.0;5/05/2016;1000000;agropecuaria
masculino;servicio;fabrica de;robledo;1;4.0;6/03/2018;7800000;agropecuaria
masculino;servicio;fabrica de;manrique central no. 1;1;7.0;6/07/2018;7000000;agropecuaria
masculino;servicio;variedades;enciso;1;1.0;8/03/2018;4000000;agropecuaria
femenino;industria;legumbreria;trinidad;2;16.0;18/06/2019;2500000;agropecuaria
masculino;servicio;variedades;castilla;1;1.0;4/08/2017;5000000;agropecuaria
masculino;servicio;tienda;buenos aires;1;10.0;10/05/2018;6000000;agropecuaria
masculino;servicio;tienda;aranjuez;1;10.0;17/07/2017;6000000;agropecuaria
masculino;servicio;comidas rapidas;cabecera san antonio;3;8.0;30/08/2017;3000000;agropecuaria
femenino;comercio;papeleria;pedregal;3;3.0;28/02/2017;2000000;agropecuaria
femenino;industria;variedades de helados;girardot;2;60.0;6/05/2019;8200000;agropecuaria
masculino;servicio;variedades;enciso;1;1.0;28/06/2017;4000000;agropecuaria
masculino;servicio;fabrica de;robledo;1;4.0;3/10/2018;7800000;agropecuaria
masculino;servicio;tienda;aranjuez;1;10.0;18/01/2019;6000000;agropecuaria
masculino;servicio;fabrica de;manrique central no. 1;1;4.0;29/08/2018;7800000;agropecuaria
masculino;comercio;almacen de ropa en;manrique oriental;3;5.0;24/10/2016;6890000;agropecuaria
femenino;industria;publicidad y;el socorro;2;9.0;14/05/2019;7812000;agropecuaria
masculino;comercio;peluqueria;moravia;3;2.0;16/12/2016;7300000;agropecuaria
masculino;servicio;variedades;enciso;1;13.0;1/06/2017;4000000;agropecuaria
femenino;industria;fabrica de calzado;florencia;3;6.0;20/09/2016;6800000;agropecuaria
masculino;servicio;variedades;castilla;1;1.0;5/09/2017;5000000;agropecuaria
masculino;comercio;peluqueria;doce de octubre no.1;3;5.0;26/05/2016;6890000;agropecuaria
masculino;servicio;tienda;aranjuez;1;10.0;20/03/2018;6000000;agropecuaria
femenino;comercio;distribuidora de;pedregal;3;3.0;8/11/2018;2000000;agropecuaria
femenino;industria;fabrica de helados;lopez de mesa;2;9.0;22/05/2017;5500000;agropecuaria
masculino;servicio;comidas rapidas;cabecera san antonio;3;8.0;10/11/2017;3000000;agropecuaria
masculino;servicio;tienda;popular;1;10.0;12/03/2018;6000000;agropecuaria
masculino;servicio;fabrica de;san javier no.1;1;7.0;7/05/2018;7000000;agropecuaria
masculino;servicio;comidas rapidas;manrique central no. 2;1;13.0;6/11/2018;4000000;agropecuaria
masculino;servicio;comidas rapidas;santa cruz;1;13.0;6/07/2017;4000000;agropecuaria
masculino;servicio;variedades;cabecera san cristobal;1;1.0;31/01/2018;5000000;agropecuaria
femenino;comercio;distribuidora de;andalucia;3;3.0;23/02/2018;2000000;agropecuaria
femenino;industria;fotografia;la candelaria;2;9.0;1/06/2016;4400000;agropecuaria
masculino;comercio;almacen de ropa en;manrique oriental;3;5.0;14/06/2017;6890000;agropecuaria
femenino;industria;panaderia;calasanz;3;6.0;9/08/2016;1000000;agropecuaria
masculino;servicio;variedades;enciso;1;13.0;16/03/2018;4000000;agropecuaria
masculino;servicio;tienda;aranjuez;1;10.0;20/09/2018;6000000;agropecuaria
femenino;industria;recreativo educativo;alfonso lopez;2;16.0;17/03/2016;4500000;agropecuaria
femenino;industria;carniceria;los mangos;2;12.0;2018/10/25;4700000;agropecuaria
femenino;comercio;papeleria;la floresta;3;3.0;16/06/2017;2000000;agropecuaria
masculino;servicio;tienda;san javier no.1;1;7.0;20/06/2017;7000000;agropecuaria
femenino;industria;cafe e internet;carpinelo;2;16.0;13/12/2017;1500000;agropecuaria
masculino;servicio;fabrica de;san javier no.1;1;7.0;29/10/2018;7000000;agropecuaria
femenino;industria;productos de belleza;san pablo;2;16.0;27/05/2016;1500000;agropecuaria
femenino;industria;fabrica de alimentos;calasanz;3;6.0;4/01/2019;1000000;agropecuaria
masculino;servicio;tienda;buenos aires;1;10.0;28/05/2018;6000000;agropecuaria
masculino;servicio;comidas rapidas;santo domingo savio;3;8.0;21/03/2018;3000000;agropecuaria
masculino;servicio;fabrica de;robledo;1;4.0;11/10/2018;7800000;agropecuaria
femenino;industria;fabrica de alimentos;picacho;3;6.0;14/12/2016;6800000;agropecuaria
masculino;servicio;comidas rapidas;santo domingo savio;3;13.0;13/03/2019;3000000;agropecuaria
masculino;servicio;fabrica de;robledo;1;4.0;23/05/2018;7800000;agropecuaria
masculino;comercio;peluqueria;doce de octubre no.1;3;5.0;13/09/2016;7300000;agropecuaria
masculino;servicio;comidas rapidas;campo valdes no. 1;3;8.0;22/09/2016;3000000;agropecuaria
femenino;industria;carpinteria;toscana;2;9.0;27/06/2019;5500000;agropecuaria
masculino;servicio;tienda;buenos aires;1;10.0;10/05/2018;6000000;agropecuaria
femenino;comercio;restaurante;el salvador;3;2.0;9/06/2017;7377000;agropecuaria
masculino;servicio;variedades;manrique central no. 2;1;13.0;16/11/2017;4000000;agropecuaria
masculino;servicio;comidas rapidas;santa cruz;1;13.0;23/11/2016;4000000;agropecuaria
masculino;servicio;almacen de ropa en;campo valdes no. 1;3;8.0;21/04/2016;6890000;agropecuaria
masculino;servicio;comidas rapidas;campo valdes no. 1;3;8.0;22/09/2016;3000000;agropecuaria
masculino;servicio;comidas rapidas;santa cruz;1;13.0;29/11/2017;4000000;agropecuaria
masculino;servicio;variedades;enciso;1;1.0;15/11/2017;5000000;agropecuaria
masculino;servicio;fabrica de;robledo;1;4.0;4/04/2018;7800000;agropecuaria
masculino;comercio;peluqueria;doce de octubre no.1;3;5.0;21/11/2018;7300000;agropecuaria
masculino;servicio;tienda;buenos aires;1;10.0;26/10/2017;6000000;agropecuaria
masculino;servicio;variedades;castilla;1;1.0;5/09/2017;5000000;agropecuaria
femenino;industria;cafeteria;juan xxiii la quiebra;2;16.0;27/01/2017;1500000;agropecuaria
masculino;servicio;variedades;enciso;1;1.0;20/09/2017;5000000;agropecuaria
masculino;servicio;tienda;popular;1;10.0;15/03/2018;6000000;agropecuaria
femenino;industria;ebanistaria;cristo rey;2;12.0;6/04/2016;782000;agropecuaria
femenino;industria;cafe e internet;centro admtivo;2;6.0;8/09/2016;3500000;agropecuaria
masculino;servicio;fabrica de;robledo;1;4.0;21/02/2018;7800000;agropecuaria
femenino;industria;granero;belalcazar;2;9.0;18/02/2016;1200000;agropecuaria
masculino;servicio;tienda;aranjuez;1;10.0;19/05/2017;6000000;agropecuaria
masculino;servicio;comidas rapidas;cabecera san antonio;3;8.0;30/08/2017;3000000;agropecuaria
masculino;servicio;variedades;cabecera san cristobal;1;1.0;12/10/2017;5000000;agropecuaria
masculino;servicio;tienda;aranjuez;1;10.0;2/08/2018;6000000;agropecuaria
masculino;servicio;fabrica de;manrique central no. 1;1;4.0;29/08/2018;7800000;agropecuaria
femenino;comercio;fabrica de calzado;florencia;3;6.0;17/01/2018;6800000;agropecuaria
femenino;industria;panaderia;santa elena central;3;6.0;3/11/2017;1000000;agropecuaria
masculino;servicio;fabrica de;manrique central no. 1;1;7.0;14/02/2018;7000000;agropecuaria
femenino;industria;cafe e internet;boston;3;6.0;21/01/2019;3500000;agropecuaria
masculino;servicio;tienda;belen;1;7.0;24/07/2017;7000000;agropecuaria
masculino;servicio;fabrica de;san javier no.1;1;7.0;30/01/2018;7000000;agropecuaria
femenino;industria;sembrados;prado;2;9.0;10/08/2016;8281000;agropecuaria
masculino;servicio;fabrica de;robledo;1;4.0;25/05/2018;7800000;agropecuaria
masculino;servicio;tienda;cabecera san cristobal;1;1.0;17/04/2018;5000000;agropecuaria
masculino;servicio;variedades;manrique central no. 2;1;13.0;16/11/2017;4000000;agropecuaria
masculino;servicio;variedades;castilla;1;1.0;8/11/2017;5000000;agropecuaria
masculino;comercio;almacen de ropa en;barrio caicedo;3;8.0;25/07/2017;6890000;agropecuaria
masculino;servicio;variedades;manrique central no. 2;1;13.0;16/11/2017;4000000;agropecuaria
masculino;servicio;comidas rapidas;santa cruz;1;13.0;21/06/2017;4000000;agropecuaria
masculino;servicio;variedades;enciso;1;1.0;4/07/2017;5000000;agropecuaria
femenino;industria;lavanderia;palermo;2;12.0;29/11/2018;17000000;agropecuaria
masculino;servicio;tienda;cabecera san cristobal;1;1.0;17/04/2018;5000000;agropecuaria
femenino;industria;taller de electronica;la sierra;2;80.0;28/06/2016;6400000;agropecuaria
masculino;servicio;tienda;aranjuez;1;10.0;28/02/2018;6000000;agropecuaria
masculino;servicio;variedades;castilla;1;1.0;12/06/2018;5000000;agropecuaria
femenino;comercio;restaurante;el salvador;3;2.0;25/11/2016;7377000;agropecuaria
masculino;servicio;variedades;enciso;1;1.0;17/11/2017;5000000;agropecuaria
femenino;industria;variedades naturista;la avanzada;2;80.0;2/08/2016;1300000;agropecuaria
masculino;servicio;variedades;enciso;1;13.0;1/06/2017;4000000;agropecuaria
masculino;servicio;tienda;buenos aires;1;7.0;13/12/2016;6000000;agropecuaria
femenino;industria;fabrica de calzado;florencia;3;6.0;14/09/2017;6800000;agropecuaria
femenino;comercio;restaurante;villa hermosa;3;2.0;4/10/2017;7377000;agropecuaria
masculino;comercio;almacen de ropa en;manrique oriental;3;5.0;5/06/2017;6890000;agropecuaria
masculino;comercio;almacen de ropa en;manrique oriental;3;5.0;16/05/2017;6890000;agropecuaria
femenino;industria;fabrica de calzado;florencia;3;6.0;20/09/2016;6800000;agropecuaria
masculino;servicio;fabrica de;san javier no.1;1;7.0;7/02/2018;7000000;agropecuaria
masculino;servicio;variedades;castilla;1;1.0;20/06/2018;5000000;agropecuaria
masculino;servicio;tienda;popular;1;10.0;3/02/2017;6000000;agropecuaria
masculino;comercio;peluqueria;doce de octubre no.1;3;5.0;21/04/2017;7300000;agropecuaria
femenino;comercio;mantenimiento en;guayabal;3;2.0;5/04/2016;7377000;agropecuaria
femenino;comercio;restaurante;villa hermosa;3;2.0;13/02/2017;7377000;agropecuaria
masculino;servicio;tienda;belen;1;7.0;9/05/2017;7000000;agropecuaria
femenino;agropecuaria;fabrica de ceramica;palenque;2;90.0;26/12/2017;30249103;microempresarial
masculino;servicio;tienda;belen;1;7.0;2/05/2018;7000000;agropecuaria
masculino;servicio;comidas rapidas;manrique central no. 2;1;13.0;6/11/2018;4000000;agropecuaria
femenino;comercio;restaurante;el salvador;3;2.0;9/06/2017;7377000;agropecuaria
masculino;servicio;fabrica de;robledo;1;4.0;18/10/2018;7800000;agropecuaria
femenino;industria;recreativo educativo;alfonso lopez;2;16.0;4/02/2019;4500000;agropecuaria
femenino;industria;criadero de animales;villa niza;2;60.0;28/09/2016;8000000;agropecuaria
femenino;industria;fotografia;la candelaria;2;9.0;2/02/2017;4400000;agropecuaria
masculino;comercio;almacen de ropa en;barrio caicedo;3;8.0;5/04/2017;6890000;agropecuaria
masculino;servicio;variedades;castilla;1;1.0;11/04/2018;5000000;agropecuaria
masculino;servicio;fabrica de;robledo;1;4.0;24/01/2018;7800000;agropecuaria
femenino;industria;panaderia;santa elena central;3;6.0;3/11/2017;1000000;agropecuaria
masculino;servicio;fabrica de;manrique central no. 1;1;7.0;1/02/2018;7000000;agropecuaria
masculino;comercio;peluqueria;moravia;3;2.0;20/10/2017;7300000;agropecuaria
masculino;servicio;fabrica de;robledo;1;4.0;6/02/2018;7800000;agropecuaria
masculino;servicio;tienda;belen;1;7.0;31/05/2018;7000000;agropecuaria
masculino;comercio;peluqueria;doce de octubre no.1;3;5.0;24/07/2018;7300000;agropecuaria
masculino;servicio;comidas rapidas;santo domingo savio;1;13.0;5/04/2018;3000000;agropecuaria
masculino;comercio;almacen de ropa en;manrique oriental;3;5.0;5/07/2017;6890000;agropecuaria
femenino;comercio;restaurante;villa hermosa;3;2.0;31/07/2018;7377000;agropecuaria
femenino;comercio;mantenimiento en;guayabal;3;2.0;7/07/2017;7377000;agropecuaria
femenino;industria;cafeteria;alfonso lopez;2;16.0;25/10/2016;4500000;agropecuaria
masculino;servicio;variedades;enciso;1;13.0;28/11/2018;4000000;agropecuaria
masculino;servicio;fabrica de;robledo;1;4.0;11/10/2018;7800000;agropecuaria
femenino;comercio;distribuidora de;pedregal;3;3.0;29/09/2016;2000000;agropecuaria
femenino;industria;granero;palmitas;2;9.0;20/04/2016;1200000;agropecuaria
femenino;industria;fabrica de colchones;el salado;2;15.0;2018/04/3;7347000;agropecuaria
masculino;servicio;tienda;buenos aires;1;10.0;10/05/2018;6000000;agropecuaria
femenino;industria;sembrados;prado;2;9.0;13/06/2019;8281000;agropecuaria
femenino;comercio;distribuidora de;pedregal;3;3.0;29/09/2016;2000000;agropecuaria
masculino;servicio;tienda;aranjuez;1;10.0;12/02/2018;6000000;agropecuaria
masculino;servicio;fabrica de;san javier no.1;1;7.0;12/04/2018;7000000;agropecuaria
femenino;industria;recreativo educativo;altavista;2;16.0;13/07/2016;2500000;agropecuaria
masculino;servicio;tienda;belen;1;7.0;7/06/2018;7000000;agropecuaria
masculino;servicio;fabrica de;robledo;1;4.0;11/10/2018;7800000;agropecuaria
masculino;servicio;tienda;belen;1;7.0;8/06/2018;7000000;agropecuaria
masculino;servicio;comidas rapidas;manrique central no. 2;1;13.0;5/03/2018;4000000;agropecuaria
femenino;industria;productos de belleza;san pablo;2;16.0;8/05/2019;1500000;agropecuaria
masculino;servicio;comidas rapidas;santa cruz;1;13.0;18/09/2017;4000000;agropecuaria
masculino;servicio;comidas rapidas;manrique central no. 2;1;13.0;22/05/2019;4000000;agropecuaria
masculino;servicio;fabrica de;robledo;1;4.0;6/06/2017;7800000;agropecuaria
masculino;servicio;tienda;popular;1;10.0;8/05/2017;6000000;agropecuaria
femenino;agropecuaria;marqueteria;bombona no. 2;2;90.0;11/09/2018;689000;empresarial ed.
femenino;comercio;distribuidora de;andalucia;3;3.0;12/09/2016;2000000;agropecuaria
femenino;industria;fabrica de calzado;florencia;3;6.0;17/01/2018;6800000;agropecuaria
masculino;servicio;variedades;enciso;1;1.0;19/04/2017;5000000;agropecuaria
masculino;servicio;comidas rapidas;santa cruz;1;13.0;15/06/2018;4000000;agropecuaria
masculino;comercio;almacen de ropa en;barrio caicedo;3;8.0;2/06/2017;6890000;agropecuaria
masculino;servicio;fabrica de;robledo;1;4.0;11/10/2018;7800000;agropecuaria
masculino;servicio;fabrica de;robledo;1;4.0;5/06/2018;7800000;agropecuaria
masculino;servicio;comidas rapidas;santo domingo savio;1;13.0;25/10/2017;4000000;agropecuaria
masculino;servicio;fabrica de;robledo;1;4.0;25/05/2018;7800000;agropecuaria
femenino;comercio;barberia;villatina;3;3.0;14/12/2017;7370000;agropecuaria
femenino;comercio;restaurante;el salvador;3;2.0;27/02/2017;7377000;agropecuaria
femenino;comercio;restaurante;villa hermosa;3;2.0;7/10/2016;7377000;agropecuaria
masculino;servicio;tienda;aranjuez;1;10.0;9/03/2018;6000000;agropecuaria
femenino;industria;cafeteria;alfonso lopez;2;16.0;20/01/2017;4500000;agropecuaria
masculino;servicio;comidas rapidas;santa cruz;1;13.0;8/11/2016;4000000;agropecuaria
masculino;servicio;variedades;castilla;1;1.0;6/06/2018;5000000;agropecuaria
masculino;servicio;tienda;aranjuez;1;10.0;2/11/2017;6000000;agropecuaria
masculino;servicio;tienda;belen;1;7.0;3/04/2018;7000000;agropecuaria
femenino;industria;fotografia;la candelaria;2;9.0;22/11/2018;4400000;agropecuaria
masculino;comercio;peluqueria;doce de octubre no.1;3;5.0;21/04/2017;7300000;agropecuaria
masculino;servicio;fabrica de;robledo;1;4.0;21/02/2018;7800000;agropecuaria
masculino;servicio;tienda;buenos aires;1;7.0;16/05/2018;6000000;agropecuaria
masculino;servicio;tienda;belen;1;7.0;9/05/2017;7000000;agropecuaria
femenino;industria;panaderia;santa elena central;3;6.0;5/05/2016;1000000;agropecuaria
femenino;industria;variedades de helados;pablo vi;2;60.0;22/04/2019;6500000;agropecuaria
masculino;servicio;fabrica de;manrique central no. 1;1;7.0;1/02/2018;7000000;agropecuaria
masculino;comercio;peluqueria;moravia;3;2.0;4/11/2016;7300000;agropecuaria
femenino;industria;criadero de animales;boyaca;2;60.0;24/03/2017;8000000;agropecuaria
masculino;servicio;fabrica de;manrique central no. 1;1;7.0;6/07/2018;7000000;agropecuaria
femenino;industria;panaderia;calasanz;3;6.0;3/11/2017;1000000;agropecuaria
masculino;servicio;comidas rapidas;santo domingo savio;1;13.0;24/05/2018;3000000;agropecuaria
masculino;servicio;fabrica de;robledo;1;4.0;24/09/2018;7800000;agropecuaria
masculino;servicio;fabrica de;robledo;1;4.0;24/10/2017;7800000;agropecuaria
masculino;comercio;almacen de ropa en;manrique oriental;3;5.0;9/02/2017;6890000;agropecuaria
femenino;comercio;mantenimiento en;guayabal;3;2.0;5/03/2019;7377000;agropecuaria
masculino;servicio;tienda;belen;1;7.0;2/03/2018;7000000;agropecuaria
femenino;comercio;fabrica de calzado;granizal;3;6.0;14/07/2016;7370000;agropecuaria
masculino;servicio;tienda;aranjuez;1;10.0;21/06/2018;6000000;agropecuaria
masculino;servicio;variedades;castilla;1;1.0;30/04/2018;5000000;agropecuaria
masculino;comercio;peluqueria;doce de octubre no.1;3;5.0;14/03/2017;7300000;agropecuaria
masculino;servicio;tienda;cabecera san cristobal;1;1.0;31/05/2017;5000000;agropecuaria
femenino;industria;taller de mecanica;picachito;2;60.0;23/12/2016;6500000;agropecuaria
femenino;industria;carniceria;los mangos;2;12.0;12/10/2018;4700000;agropecuaria
masculino;servicio;tienda;buenos aires;1;7.0;18/04/2017;6000000;agropecuaria
masculino;servicio;tienda;cabecera san cristobal;1;10.0;7/03/2018;5000000;agropecuaria
masculino;servicio;fabrica de;robledo;1;4.0;24/10/2018;7800000;agropecuaria
femenino;industria;cafeteria;llanaditas;2;16.0;31/01/2019;4500000;agropecuaria
femenino;industria;organización y;campo valdes no. 2;2;80.0;31/08/2016;8280000;agropecuaria
masculino;servicio;fabrica de;manrique central no. 1;1;4.0;15/02/2018;7000000;agropecuaria
masculino;servicio;comidas rapidas;santo domingo savio;3;13.0;19/10/2017;3000000;agropecuaria
femenino;comercio;mantenimiento en;guayabal;3;2.0;22/12/2016;7377000;agropecuaria
femenino;industria;publicidad y;la america;2;9.0;7/05/2019;4400000;agropecuaria
masculino;servicio;comidas rapidas;manrique central no. 2;1;13.0;7/11/2018;4000000;agropecuaria
femenino;agropecuaria;venta de lacteos;moscu no. 1;2;90.0;30/08/2018;14754340;empresarial ed.
femenino;industria;fabrica de alimentos;santander;3;6.0;4/12/2017;1000000;agropecuaria
femenino;comercio;restaurante;el salvador;3;2.0;19/12/2016;7377000;agropecuaria
masculino;servicio;comidas rapidas;cabecera san antonio;3;8.0;27/11/2017;3000000;agropecuaria
masculino;servicio;tienda;popular;1;10.0;11/08/2017;5000000;agropecuaria
femenino;agropecuaria;hoteles moteles;santa maria de los;2;50.0;2016/07/13;6444500;juridica y cap.semilla
masculino;servicio;fabrica de;robledo;1;4.0;25/04/2018;7800000;agropecuaria
masculino;servicio;fabrica de;san javier no.1;1;7.0;9/05/2018;7000000;agropecuaria
masculino;servicio;fabrica de;robledo;1;4.0;24/01/2018;7800000;agropecuaria
femenino;industria;productos de belleza;la francia;2;16.0;24/01/2017;1500000;agropecuaria
femenino;industria;ferreteria;la pradera;2;60.0;20/05/2019;7500000;agropecuaria
femenino;industria;variedades de helados;pablo vi;2;60.0;17/12/2018;6500000;agropecuaria
masculino;servicio;tienda;buenos aires;1;10.0;28/05/2018;6000000;agropecuaria
masculino;servicio;variedades;cabecera san cristobal;1;1.0;7/04/2017;5000000;agropecuaria
masculino;servicio;fabrica de;san javier no.1;1;7.0;29/10/2018;7000000;agropecuaria
masculino;servicio;variedades;cabecera san cristobal;1;1.0;26/02/2018;5000000;agropecuaria
femenino;comercio;restaurante;moravia;3;2.0;8/06/2017;7300000;agropecuaria
masculino;servicio;fabrica de;robledo;1;4.0;25/04/2018;7800000;agropecuaria
masculino;servicio;tienda;popular;1;10.0;10/09/2018;6000000;agropecuaria
masculino;servicio;tienda;cabecera san cristobal;1;1.0;4/07/2018;5000000;agropecuaria
femenino;industria;productos de belleza;juan xxiii la quiebra;2;16.0;20/03/2019;1500000;agropecuaria
masculino;servicio;almacen de ropa en;campo valdes no. 1;3;8.0;29/01/2018;3000000;agropecuaria
femenino;industria;bares;tejelo;2;80.0;13/10/2016;800000;agropecuaria
masculino;servicio;variedades;cabecera san cristobal;1;1.0;21/05/2018;5000000;agropecuaria
masculino;servicio;fabrica de;san javier no.1;1;7.0;5/09/2018;7000000;agropecuaria
masculino;servicio;tienda;buenos aires;1;7.0;1/03/2018;6000000;agropecuaria
masculino;comercio;peluqueria;doce de octubre no.1;3;5.0;21/11/2018;7300000;agropecuaria
femenino;industria;variedades de helados;girardot;2;60.0;6/04/2017;8200000;agropecuaria
masculino;servicio;fabrica de;manrique central no. 1;1;4.0;27/06/2018;7000000;agropecuaria
femenino;comercio;barberia;villatina;3;3.0;14/10/2016;7370000;agropecuaria
masculino;servicio;almacen de ropa en;campo valdes no. 1;3;8.0;18/07/2018;3000000;agropecuaria
masculino;servicio;fabrica de;robledo;1;4.0;5/06/2018;7800000;agropecuaria
femenino;comercio;fabrica de calzado;florencia;3;6.0;28/02/2019;6800000;agropecuaria
masculino;servicio;variedades;cabecera san cristobal;1;1.0;22/02/2018;5000000;agropecuaria
femenino;comercio;barberia;20 de julio;3;3.0;13/12/2018;2000000;agropecuaria
masculino;servicio;fabrica de;manrique central no. 1;1;4.0;7/12/2016;7800000;agropecuaria
masculino;servicio;tienda;buenos aires;1;10.0;1/06/2018;6000000;agropecuaria
femenino;comercio;papeleria;la floresta;3;3.0;8/04/2019;2000000;agropecuaria
masculino;servicio;tienda;aranjuez;1;10.0;14/06/2018;6000000;agropecuaria
femenino;industria;drogueria;antonio nariño;2;12.0;26/12/2016;700000;agropecuaria
femenino;industria;organización y;campo valdes no. 2;2;80.0;7/03/2016;14000000;agropecuaria
masculino;servicio;tienda;buenos aires;1;10.0;28/05/2018;6000000;agropecuaria
masculino;servicio;tienda;popular;1;10.0;11/10/2017;6000000;agropecuaria
masculino;comercio;peluqueria;moravia;3;2.0;5/05/2017;7300000;agropecuaria
masculino;servicio;tienda;popular;1;10.0;8/05/2017;6000000;agropecuaria
masculino;servicio;fabrica de;robledo;1;4.0;6/02/2018;7800000;agropecuaria
femenino;industria;cafe e internet;carpinelo;2;6.0;23/08/2017;3500000;agropecuaria
masculino;servicio;tienda;aranjuez;1;10.0;18/01/2019;6000000;agropecuaria
masculino;comercio;peluqueria;moravia;3;2.0;22/01/2019;7300000;agropecuaria
femenino;industria;fabrica de muebles;bombona no. 1;2;12.0;29/03/2019;8281160;agropecuaria
femenino;industria;criadero de animales;villa del socorro;2;60.0;11/11/2016;8000000;agropecuaria
masculino;servicio;comidas rapidas;santo domingo savio;3;13.0;19/10/2017;3000000;agropecuaria
masculino;servicio;fabrica de;san javier no.1;1;7.0;30/01/2018;7000000;agropecuaria
masculino;servicio;comidas rapidas;cabecera san antonio;3;8.0;27/06/2017;3000000;agropecuaria
masculino;comercio;peluqueria;doce de octubre no.1;3;5.0;23/01/2017;6890000;agropecuaria
masculino;comercio;peluqueria;la milagrosa;3;5.0;26/09/2016;7300000;agropecuaria
masculino;comercio;almacen de ropa en;barrio caicedo;3;8.0;5/04/2017;6890000;agropecuaria
masculino;servicio;fabrica de;manrique central no. 1;1;4.0;25/07/2018;7800000;agropecuaria
masculino;servicio;tienda;buenos aires;1;10.0;26/10/2017;6000000;agropecuaria
masculino;servicio;fabrica de;manrique central no. 1;1;7.0;14/11/2018;7000000;agropecuaria
masculino;servicio;fabrica de;robledo;1;4.0;24/09/2018;7800000;agropecuaria
masculino;servicio;fabrica de;manrique central no. 1;1;4.0;4/05/2018;7000000;agropecuaria
femenino;industria;criadero de animales;villa del socorro;2;16.0;16/08/2017;8000000;agropecuaria
masculino;servicio;fabrica de;manrique central no. 1;1;7.0;5/02/2018;7000000;agropecuaria
masculino;servicio;tienda;belen;1;7.0;24/07/2017;7000000;agropecuaria
femenino;industria;publicidad y;el socorro;2;9.0;7/12/2018;7812000;agropecuaria
masculino;servicio;fabrica de;san javier no.1;1;7.0;17/05/2018;7000000;agropecuaria
masculino;servicio;tienda;aranjuez;1;10.0;19/05/2017;6000000;agropecuaria
femenino;industria;recreativo educativo;altavista;2;16.0;7/07/2016;2500000;agropecuaria
masculino;servicio;fabrica de;san javier no.1;1;7.0;29/10/2018;7000000;agropecuaria
femenino;industria;fabrica de alimentos;picacho;3;6.0;15/02/2017;6800000;agropecuaria
masculino;servicio;tienda;aranjuez;1;10.0;20/09/2018;6000000;agropecuaria
femenino;industria;variedades de helados;girardot;2;60.0;17/05/2016;6500000;agropecuaria
femenino;industria;fabrica de muebles;versalles no. 1;2;12.0;28/04/2016;7377170;agropecuaria
masculino;servicio;comidas rapidas;campo valdes no. 1;3;8.0;14/02/2017;3000000;agropecuaria
femenino;industria;ebanistaria;nuevos conquistadores;2;12.0;18/12/2018;73000000;agropecuaria
masculino;servicio;variedades;cabecera san cristobal;1;1.0;20/02/2018;5000000;agropecuaria
masculino;servicio;fabrica de;robledo;1;4.0;24/10/2018;7800000;agropecuaria
masculino;servicio;comidas rapidas;cabecera san antonio;3;8.0;7/04/2016;3000000;agropecuaria
masculino;comercio;almacen de ropa en;manrique oriental;3;5.0;13/11/2018;6890000;agropecuaria
masculino;servicio;fabrica de;san javier no.1;1;7.0;27/04/2018;7000000;agropecuaria
masculino;servicio;variedades;manrique central no. 2;1;13.0;3/05/2018;4000000;agropecuaria
masculino;servicio;variedades;enciso;1;13.0;16/03/2018;4000000;agropecuaria
masculino;servicio;comidas rapidas;manrique central no. 2;1;13.0;22/05/2019;4000000;agropecuaria
femenino;industria;fabrica de alimentos;picacho;3;6.0;6/09/2016;6800000;agropecuaria
masculino;servicio;fabrica de;robledo;1;4.0;6/06/2017;7800000;agropecuaria
masculino;servicio;tienda;buenos aires;1;10.0;28/05/2018;6000000;agropecuaria
masculino;servicio;fabrica de;robledo;1;4.0;21/02/2018;7800000;agropecuaria
masculino;servicio;almacen de ropa en;campo valdes no. 1;3;8.0;4/09/2017;3000000;agropecuaria
masculino;servicio;variedades;enciso;1;13.0;6/10/2017;4000000;agropecuaria
masculino;servicio;tienda;san javier no.1;1;7.0;5/09/2018;7000000;agropecuaria
femenino;comercio;fabrica de calzado;granizal;3;6.0;14/07/2016;7370000;agropecuaria
femenino;comercio;mantenimiento en;guayabal;3;2.0;7/07/2017;7377000;agropecuaria
masculino;comercio;peluqueria;la milagrosa;3;5.0;1/11/2017;7300000;agropecuaria
masculino;comercio;peluqueria;la milagrosa;3;5.0;1/11/2017;7300000;agropecuaria
femenino;comercio;distribuidora de;andalucia;3;3.0;29/03/2016;2000000;agropecuaria
masculino;comercio;peluqueria;moravia;3;2.0;31/08/2017;7300000;agropecuaria
femenino;comercio;miscelanea;playon de los;3;3.0;3/01/2018;7370000;agropecuaria
masculino;servicio;fabrica de;manrique central no. 1;1;7.0;14/11/2018;7000000;agropecuaria
masculino;servicio;almacen de ropa en;campo valdes no. 1;3;8.0;29/06/2017;3000000;agropecuaria
masculino;servicio;comidas rapidas;manrique central no. 2;1;13.0;25/04/2017;4000000;agropecuaria
masculino;servicio;variedades;castilla;1;1.0;4/08/2017;5000000;agropecuaria
femenino;comercio;miscelanea;villatina;3;3.0;19/07/2018;7370000;agropecuaria
femenino;industria;cafe e internet;carpinelo;2;6.0;2/11/2018;3500000;agropecuaria
femenino;comercio;papeleria;pedregal;3;3.0;30/07/2018;2000000;agropecuaria
masculino;servicio;fabrica de;manrique central no. 1;1;4.0;7/12/2016;7800000;agropecuaria
masculino;servicio;fabrica de;robledo;1;4.0;7/11/2017;7800000;agropecuaria
masculino;servicio;comidas rapidas;manrique central no. 2;1;13.0;5/03/2018;4000000;agropecuaria
masculino;servicio;tienda;belen;1;7.0;8/06/2018;7000000;agropecuaria
masculino;comercio;peluqueria;doce de octubre no.1;3;5.0;23/01/2017;6890000;agropecuaria
masculino;servicio;variedades;manrique central no. 2;1;13.0;22/11/2016;4000000;agropecuaria
masculino;servicio;tienda;popular;1;10.0;11/08/2017;5000000;agropecuaria
masculino;servicio;variedades;cabecera san cristobal;1;1.0;20/02/2018;5000000;agropecuaria
femenino;industria;fabrica de alimentos;santander;3;6.0;18/08/2016;6800000;agropecuaria
femenino;agropecuaria;pañalera;item_223;0;11.0;27/04/2016;8261160;solidaria
masculino;comercio;almacen de ropa en;manrique oriental;3;5.0;5/06/2017;6890000;agropecuaria
femenino;industria;panaderia;calasanz;3;6.0;30/12/2016;1000000;agropecuaria
femenino;agropecuaria;fabrica de juegos;el astillero;2;70.0;2/05/2016;700;microempresarial
femenino;industria;deposito de;alejandro echavarria;2;15.0;14/06/2019;6700000;agropecuaria
masculino;servicio;tienda;buenos aires;1;7.0;30/10/2018;6000000;agropecuaria
masculino;comercio;almacen de ropa en;barrio caicedo;3;8.0;2/06/2017;6890000;agropecuaria
masculino;servicio;variedades;enciso;1;1.0;6/09/2017;5000000;agropecuaria
femenino;comercio;distribuidora de;pedregal;3;3.0;23/08/2016;2000000;agropecuaria
masculino;servicio;fabrica de;manrique central no. 1;1;4.0;25/07/2018;7800000;agropecuaria
masculino;servicio;tienda;popular;1;10.0;19/09/2017;5000000;agropecuaria
masculino;servicio;tienda;buenos aires;1;10.0;14/06/2018;6000000;agropecuaria
masculino;servicio;almacen de ropa en;campo valdes no. 1;3;8.0;4/09/2017;3000000;agropecuaria
masculino;servicio;fabrica de;robledo;1;4.0;23/05/2018;7800000;agropecuaria
masculino;servicio;comidas rapidas;santo domingo savio;3;13.0;27/07/2017;3000000;agropecuaria
masculino;servicio;tienda;belen;1;7.0;31/10/2018;7000000;agropecuaria
femenino;industria;publicidad y;la america;2;9.0;14/05/2019;4400000;agropecuaria
masculino;servicio;fabrica de;robledo;1;4.0;24/10/2018;7800000;agropecuaria
femenino;industria;taller de mecanica;picachito;2;60.0;27/03/2019;8000000;agropecuaria
femenino;industria;productos de belleza;san pablo;2;16.0;8/05/2019;1500000;agropecuaria
masculino;servicio;tienda;popular;1;10.0;19/09/2017;5000000;agropecuaria
masculino;servicio;variedades;castilla;1;1.0;11/04/2018;5000000;agropecuaria
femenino;industria;venta de calzado;san jose de la cima no.;2;80.0;25/04/2016;7200000;agropecuaria
masculino;servicio;variedades;enciso;1;1.0;20/09/2017;5000000;agropecuaria
femenino;industria;cafeteria;juan xxiii la quiebra;2;16.0;21/09/2018;4500000;agropecuaria
masculino;servicio;tienda;aranjuez;1;10.0;14/06/2018;6000000;agropecuaria
masculino;servicio;comidas rapidas;cabecera san antonio;3;8.0;30/03/2017;3000000;agropecuaria
masculino;servicio;fabrica de;robledo;1;4.0;6/06/2017;7800000;agropecuaria
femenino;comercio;barberia;20 de julio;3;3.0;11/02/2019;2000000;agropecuaria
masculino;servicio;fabrica de;san javier no.1;1;7.0;27/04/2018;7000000;agropecuaria
masculino;servicio;fabrica de;manrique central no. 1;1;7.0;1/02/2018;7000000;agropecuaria
masculino;servicio;fabrica de;manrique central no. 1;1;4.0;4/05/2018;7000000;agropecuaria
femenino;industria;cafe e internet;carpinelo;2;6.0;9/01/2019;3500000;agropecuaria
femenino;industria;ebanistaria;nuevos conquistadores;2;12.0;30/05/2019;73000000;agropecuaria
masculino;servicio;fabrica de;robledo;1;4.0;11/05/2018;7800000;agropecuaria
masculino;servicio;fabrica de;san javier no.1;1;7.0;5/09/2018;7000000;agropecuaria
femenino;industria;organización y;la esperanza;2;80.0;26/04/2019;14000000;agropecuaria
femenino;industria;legumbreria;trinidad;2;16.0;18/06/2019;2500000;agropecuaria
femenino;industria;fabrica de alimentos;santander;3;6.0;25/01/2019;1000000;agropecuaria
masculino;servicio;tienda;popular;1;10.0;31/10/2017;6000000;agropecuaria
femenino;industria;fabrica de productos;sucre;2;80.0;19/06/2018;10000000;agropecuaria
masculino;comercio;peluqueria;la milagrosa;3;5.0;3/05/2019;7300000;agropecuaria
masculino;servicio;tienda;popular;1;10.0;27/09/2017;5000000;agropecuaria
masculino;servicio;comidas rapidas;santa cruz;1;13.0;29/11/2017;4000000;agropecuaria
masculino;comercio;almacen de ropa en;barrio caicedo;3;8.0;23/03/2017;6890000;agropecuaria
masculino;servicio;tienda;belen;1;7.0;3/04/2018;7000000;agropecuaria
masculino;servicio;fabrica de;robledo;1;4.0;13/02/2018;7800000;agropecuaria
masculino;servicio;tienda;buenos aires;1;7.0;8/02/2018;6000000;agropecuaria
femenino;industria;licorera;calasanz parte alta;2;15.0;5/01/2018;22000000;agropecuaria
masculino;servicio;comidas rapidas;manrique central no. 2;1;13.0;3/11/2016;4000000;agropecuaria
masculino;servicio;tienda;popular;1;10.0;20/11/2017;6000000;agropecuaria
masculino;comercio;peluqueria;moravia;3;2.0;15/06/2017;7300000;agropecuaria
femenino;industria;charcuteria;francisco antonio zea;2;60.0;8/08/2016;8200000;agropecuaria
masculino;servicio;variedades;cabecera san cristobal;1;1.0;21/05/2018;5000000;agropecuaria
masculino;servicio;tienda;aranjuez;1;10.0;3/05/2017;6000000;agropecuaria
masculino;comercio;peluqueria;la milagrosa;3;5.0;3/05/2019;7300000;agropecuaria
masculino;servicio;comidas rapidas;santo domingo savio;1;13.0;24/04/2017;4000000;agropecuaria
masculino;servicio;almacen de ropa en;campo valdes no. 1;3;8.0;21/04/2016;6890000;agropecuaria
masculino;servicio;comidas rapidas;santo domingo savio;1;13.0;25/10/2017;4000000;agropecuaria
masculino;servicio;tienda;buenos aires;1;10.0;9/02/2018;6000000;agropecuaria
masculino;comercio;almacen de ropa en;barrio caicedo;3;8.0;19/01/2017;6890000;agropecuaria
femenino;industria;criadero de animales;boyaca;2;60.0;10/03/2017;8000000;agropecuaria
masculino;servicio;tienda;belen;1;7.0;9/05/2017;7000000;agropecuaria
masculino;servicio;fabrica de;robledo;1;4.0;11/10/2018;7800000;agropecuaria
masculino;servicio;tienda;popular;1;10.0;10/09/2018;6000000;agropecuaria
masculino;servicio;almacen de ropa en;campo valdes no. 1;3;8.0;18/04/2018;3000000;agropecuaria
masculino;servicio;tienda;cabecera san cristobal;1;10.0;31/05/2017;5000000;agropecuaria
masculino;servicio;fabrica de;manrique central no. 1;1;4.0;13/07/2017;7800000;agropecuaria
femenino;agropecuaria;fabrica de velas;los angeles;2;14.0;2017/05/30;32000000;credioportuno
femenino;industria;taller de mecanica;picachito;2;60.0;12/05/2016;8000000;agropecuaria
masculino;servicio;comidas rapidas;santa cruz;1;13.0;21/11/2017;4000000;agropecuaria
masculino;servicio;fabrica de;robledo;1;4.0;18/10/2018;7800000;agropecuaria
masculino;servicio;tienda;belen;1;7.0;22/03/2018;7000000;agropecuaria
masculino;servicio;tienda;popular;1;10.0;7/03/2018;5000000;agropecuaria
masculino;servicio;tienda;buenos aires;1;7.0;13/12/2016;6000000;agropecuaria
masculino;servicio;tienda;belen;1;7.0;7/06/2018;7000000;agropecuaria
femenino;comercio;papeleria;la floresta;3;3.0;19/10/2016;2000000;agropecuaria
femenino;comercio;restaurante;el salvador;3;2.0;9/06/2017;7377000;agropecuaria
masculino;servicio;fabrica de;san javier no.1;1;7.0;27/04/2018;7000000;agropecuaria
femenino;comercio;barberia;la floresta;3;3.0;18/04/2016;2000000;agropecuaria
masculino;servicio;tienda;aranjuez;1;10.0;2/11/2017;6000000;agropecuaria
femenino;comercio;mantenimiento en;andalucia;3;2.0;22/08/2016;7377000;agropecuaria
masculino;servicio;tienda;belen;1;7.0;19/04/2018;7000000;agropecuaria
masculino;servicio;almacen de ropa en;campo valdes no. 1;3;8.0;29/06/2017;3000000;agropecuaria
femenino;comercio;barberia;villatina;3;3.0;14/10/2016;7370000;agropecuaria
masculino;servicio;fabrica de;robledo;1;4.0;1/08/2018;7800000;agropecuaria
femenino;industria;venta de calzado;san jose de la cima no.;2;80.0;28/12/2016;7200000;agropecuaria
femenino;agropecuaria;lavadero de;la isla;2;15.0;22/07/2016;28200000;empresarial ed.
masculino;servicio;tienda;belen;1;7.0;13/09/2017;7000000;agropecuaria
femenino;comercio;distribuidora de;pedregal;3;3.0;29/09/2016;2000000;agropecuaria
masculino;servicio;comidas rapidas;cabecera san antonio;3;8.0;20/02/2017;3000000;agropecuaria
masculino;servicio;tienda;belen;1;7.0;19/04/2018;7000000;agropecuaria
masculino;servicio;tienda;buenos aires;1;10.0;12/07/2018;6000000;agropecuaria
femenino;agropecuaria;venta de lacteos;vrda. san antonio;2;90.0;13/04/2016;8800000;empresarial ed.
femenino;comercio;mantenimiento en;guayabal;3;2.0;17/05/2017;7377000;agropecuaria
femenino;industria;panaderia;santa elena central;3;6.0;26/07/2016;1000000;agropecuaria
masculino;servicio;variedades;castilla;1;1.0;28/08/2017;5000000;agropecuaria
masculino;servicio;variedades;enciso;1;1.0;20/09/2017;5000000;agropecuaria
masculino;servicio;comidas rapidas;cabecera san antonio;3;8.0;28/03/2017;3000000;agropecuaria
femenino;comercio;distribuidora de;pedregal;3;3.0;8/11/2018;2000000;agropecuaria
femenino;comercio;distribuidora de;pedregal;3;3.0;25/01/2017;2000000;agropecuaria
masculino;servicio;fabrica de;manrique central no. 1;1;4.0;9/07/2018;7000000;agropecuaria
masculino;servicio;fabrica de;robledo;1;4.0;1/08/2018;7800000;agropecuaria
masculino;servicio;fabrica de;robledo;1;4.0;11/05/2018;7800000;agropecuaria
masculino;servicio;variedades;enciso;1;13.0;28/11/2018;4000000;agropecuaria
masculino;servicio;tienda;popular;1;10.0;20/04/2018;6000000;agropecuaria
masculino;servicio;fabrica de;robledo;1;4.0;14/03/2018;7800000;agropecuaria
femenino;industria;fabrica de calzado;florencia;3;6.0;14/09/2017;6800000;agropecuaria
masculino;servicio;fabrica de;manrique central no. 1;1;7.0;1/02/2018;7000000;agropecuaria
masculino;servicio;tienda;popular;1;10.0;3/02/2017;6000000;agropecuaria
femenino;industria;ebanistaria;nuevos conquistadores;2;12.0;10/12/2018;3300000;agropecuaria
masculino;servicio;tienda;belen;1;7.0;10/04/2018;6000000;agropecuaria
masculino;servicio;fabrica de;robledo;1;4.0;18/10/2018;7800000;agropecuaria
masculino;servicio;comidas rapidas;santa cruz;1;13.0;6/07/2017;4000000;agropecuaria
femenino;industria;taller de mecanica;boyaca;2;60.0;19/06/2019;8000000;agropecuaria
masculino;comercio;peluqueria;doce de octubre no.1;3;5.0;22/06/2017;6890000;agropecuaria
masculino;servicio;fabrica de;manrique central no. 1;1;4.0;9/07/2018;7000000;agropecuaria
masculino;servicio;tienda;san javier no.1;1;7.0;20/06/2017;7000000;agropecuaria
masculino;servicio;variedades;cabecera san cristobal;1;1.0;21/05/2018;5000000;agropecuaria
masculino;comercio;almacen de ropa en;barrio caicedo;3;8.0;23/03/2017;6890000;agropecuaria
femenino;industria;publicidad y;la america;2;9.0;7/05/2019;4400000;agropecuaria
masculino;servicio;tienda;aranjuez;1;10.0;8/05/2018;6000000;agropecuaria
femenino;industria;fabrica de productos;sucre;2;80.0;19/06/2018;10000000;agropecuaria
masculino;comercio;peluqueria;doce de octubre no.1;3;5.0;21/11/2018;7300000;agropecuaria
masculino;servicio;tienda;buenos aires;1;10.0;1/06/2018;6000000;agropecuaria
femenino;industria;licorera;bel¿n;2;15.0;10/02/2016;4130000;agropecuaria
masculino;servicio;tienda;popular;1;10.0;23/04/2018;6000000;agropecuaria
femenino;industria;productos de belleza;la francia;2;16.0;24/01/2017;1500000;agropecuaria
femenino;comercio;barberia;la floresta;3;3.0;18/04/2016;2000000;agropecuaria
masculino;comercio;peluqueria;la milagrosa;3;5.0;28/11/2016;7300000;agropecuaria
masculino;servicio;tienda;buenos aires;1;7.0;8/02/2018;6000000;agropecuaria
femenino;industria;recreativo educativo;altavista;2;16.0;13/07/2016;2500000;agropecuaria
masculino;servicio;fabrica de;robledo;1;4.0;3/10/2018;7800000;agropecuaria
femenino;industria;fabrica de alimentos;santander;3;6.0;18/08/2016;6800000;agropecuaria
masculino;servicio;comidas rapidas;campo valdes no. 1;3;8.0;22/09/2016;3000000;agropecuaria
femenino;comercio;mantenimiento en;el salvador;3;2.0;18/12/2017;7377000;agropecuaria
masculino;servicio;tienda;buenos aires;1;7.0;3/07/2018;6000000;agropecuaria
masculino;servicio;fabrica de;manrique central no. 1;1;7.0;16/07/2018;7000000;agropecuaria
masculino;servicio;fabrica de;manrique central no. 1;1;4.0;23/03/2018;7000000;agropecuaria
masculino;servicio;fabrica de;robledo;1;4.0;13/02/2018;7800000;agropecuaria
femenino;industria;fabrica de alimentos;picacho;3;6.0;15/03/2017;6800000;agropecuaria
masculino;servicio;comidas rapidas;cabecera san antonio;3;8.0;30/08/2017;3000000;agropecuaria
masculino;servicio;comidas rapidas;cabecera san antonio;3;8.0;7/04/2016;3000000;agropecuaria
femenino;comercio;mantenimiento en;andalucia;3;2.0;22/08/2016;7377000;agropecuaria
femenino;comercio;barberia;20 de julio;3;3.0;5/12/2018;2000000;agropecuaria
masculino;comercio;peluqueria;manrique oriental;3;5.0;1/08/2017;6890000;agropecuaria
masculino;servicio;tienda;popular;1;10.0;23/04/2018;6000000;agropecuaria
masculino;servicio;comidas rapidas;santa cruz;1;13.0;18/09/2017;4000000;agropecuaria
femenino;industria;fabrica de calzado;florencia;3;6.0;20/09/2016;6800000;agropecuaria
femenino;comercio;mantenimiento en;guayabal;3;2.0;5/03/2019;7377000;agropecuaria
masculino;servicio;fabrica de;robledo;1;4.0;25/10/2018;7800000;agropecuaria
masculino;servicio;variedades;castilla;1;1.0;11/04/2018;5000000;agropecuaria
femenino;industria;cerrajeria;san javier no.2;2;80.0;24/06/2016;5200000;agropecuaria
masculino;servicio;variedades;enciso;1;1.0;24/04/2018;5000000;agropecuaria
femenino;industria;granero;palmitas;2;9.0;20/04/2016;1200000;agropecuaria
masculino;servicio;fabrica de;san javier no.1;1;7.0;12/04/2018;7000000;agropecuaria
femenino;industria;joyeria;jardin botanico;2;12.0;25/02/2016;4136000;agropecuaria
femenino;comercio;distribuidora de;pedregal;3;3.0;8/06/2016;2000000;agropecuaria
masculino;servicio;fabrica de;robledo;1;4.0;10/07/2018;7800000;agropecuaria
femenino;industria;panaderia;calasanz;3;6.0;8/08/2018;1000000;agropecuaria
masculino;comercio;almacen de ropa en;barrio caicedo;3;8.0;8/03/2017;6890000;agropecuaria
femenino;agropecuaria;marqueteria;bombona no. 2;2;90.0;11/09/2018;18218000;empresarial ed.
femenino;agropecuaria;fabrica de traperos;el estadio;2;11.0;2018/05/23;7320000;fomento agropecuario
masculino;servicio;fabrica de;manrique central no. 1;1;4.0;14/02/2018;7000000;agropecuaria
masculino;servicio;tienda;buenos aires;1;7.0;1/03/2018;6000000;agropecuaria
masculino;servicio;tienda;popular;1;10.0;20/04/2018;6000000;agropecuaria
masculino;servicio;tienda;buenos aires;1;7.0;3/07/2018;6000000;agropecuaria
masculino;servicio;fabrica de;manrique central no. 1;1;4.0;9/07/2018;7000000;agropecuaria
femenino;comercio;restaurante;el salvador;3;2.0;9/06/2017;7377000;agropecuaria
masculino;servicio;tienda;aranjuez;1;10.0;21/06/2018;6000000;agropecuaria
masculino;servicio;variedades;castilla;1;1.0;5/10/2016;5000000;agropecuaria
femenino;industria;ferreteria;santa lucia;2;60.0;2/05/2019;7500000;agropecuaria
masculino;servicio;fabrica de;robledo;1;4.0;4/04/2018;7800000;agropecuaria
femenino;agropecuaria;viveros;los alcazares;2;90.0;2016/06/3;4422000;microempresarial
femenino;industria;organización y;campo valdes no. 2;2;80.0;10/03/2016;14000000;agropecuaria
masculino;servicio;comidas rapidas;cabecera san antonio;3;8.0;7/04/2016;3000000;agropecuaria
femenino;industria;legumbreria;trinidad;2;16.0;7/03/2019;2500000;agropecuaria
masculino;servicio;variedades;enciso;1;13.0;28/11/2018;4000000;agropecuaria
masculino;servicio;tienda;aranjuez;1;10.0;18/01/2019;6000000;agropecuaria
femenino;agropecuaria;viveros;santa margarita;2;90.0;2017/04/25;21000000;microempresarial
masculino;servicio;tienda;aranjuez;1;10.0;19/05/2017;6000000;agropecuaria
masculino;servicio;variedades;castilla;1;1.0;17/03/2017;5000000;agropecuaria
femenino;comercio;mantenimiento en;guayabal;3;2.0;7/07/2017;7377000;agropecuaria
masculino;servicio;tienda;belen;1;7.0;2/05/2018;7000000;agropecuaria
masculino;servicio;tienda;buenos aires;1;10.0;28/05/2018;6000000;agropecuaria
masculino;servicio;variedades;enciso;1;13.0;26/04/2017;4000000;agropecuaria
femenino;comercio;barberia;20 de julio;3;3.0;18/03/2019;7370000;agropecuaria
femenino;industria;fabrica de calzado;florencia;3;6.0;17/01/2018;6800000;agropecuaria
masculino;servicio;fabrica de;san javier no.1;1;7.0;29/05/2018;7000000;agropecuaria
masculino;servicio;fabrica de;robledo;1;4.0;22/05/2018;7800000;agropecuaria
masculino;servicio;variedades;enciso;1;13.0;28/11/2018;4000000;agropecuaria
femenino;comercio;papeleria;la floresta;3;3.0;21/08/2018;2000000;agropecuaria
masculino;servicio;fabrica de;robledo;1;4.0;5/07/2018;7800000;agropecuaria
masculino;servicio;tienda;aranjuez;1;10.0;2/02/2018;6000000;agropecuaria
